ID|PESEL|Volunteer's name|Volunteer's surname|Date of birth|Has experience
1|85890480574|Geoff|Cooke|1985-10-03|NIE
2|01800184655|Broderick|Gunter|2001-01-22|TAK
3|49860384611|Tanny|Donnelly|1949-07-13|NIE
4|59860243247|Constantina|Turner|1959-07-14|NIE
5|00860199720|Charmian|Fischer|2000-07-10|NIE
6|48900623420|Alisun|Langston|1948-11-13|NIE
10|66810075869|Aubrey|Feldman|1966-02-20|TAK
11|87910212770|Derward|Sharma|1987-12-29|TAK
12|51860505226|TEirtza|Turner|1951-07-20|TAK
14|90890132604|Corella|Fox|1990-10-29|NIE
16|03800252525|Nixie|Mullins|2003-01-21|NIE
17|79840240068|Dale|Boyette|1979-05-22|NIE
18|91840001869|Cynthie|Gibbs|1991-05-19|TAK
19|65900465511|Nial|Shea|1965-11-18|TAK
20|51850232815|Freeman|Gunter|1951-06-05|TAK
21|66860666750|Garek|Rose|1966-07-16|TAK
22|62910575595|Borden|Ward|1962-12-07|NIE
24|64840423511|Heall|Rodgers|1964-05-28|TAK
25|74850300445|Donnie|Higgins|1974-06-26|NIE
28|99820198239|Welbie|Lee|1999-03-15|TAK
29|49910597525|Amy|Adkins|1949-12-23|NIE
1|85890480574|Geoff|Cooke|1985-10-03|TAK
30|61800416330|Jerald|Sigmon|1961-01-19|TAK
31|46820346977|Jarrid|Burton|1946-03-06|TAK
33|72800642638|Lindsay|Simmons|1972-01-08|TAK
35|48870259269|Priscilla|Knox|1948-08-17|NIE
38|87880493722|Celestia|Kearney|1987-09-24|NIE
39|86820098265|Rachael|McMillan|1986-03-30|NIE
15|59860243247|Constantina|Turner|1959-07-14|TAK
41|50880441493|Obediah|Singer|1950-09-28|TAK
42|61800341896|Sven|Zhou|1961-01-11|NIE
44|51860237213|Ber|Curry|1951-07-31|TAK
45|95840681360|Ann-Marie|Daniel|1995-05-06|NIE
46|96820270501|Athene|Cole|1996-03-05|NIE
47|62820125037|Lin|Hancock|1962-03-19|TAK
48|67890648187|Sherri|Gibbs|1967-10-14|TAK
49|95820321101|Fey|Ellington|1995-03-22|TAK
50|01830598051|Bordie|House|2001-04-13|TAK
