|1|2022-02-02|
|2|2022-02-02|
|3|2022-02-02|
|4|2022-02-03|
|1|2022-02-02|2022-02-12
|5|2022-02-15|
|6|2022-02-16|
|4|2022-02-03|2022-02-17
|10|2022-02-20|
|11|2022-02-21|
|12|2022-02-24|
|14|2022-02-26|
|16|2022-02-27|
|2|2022-02-02|2022-02-28
|16|2022-02-27|2022-02-28
|17|2022-03-01|
|18|2022-03-01|
|19|2022-03-02|
|20|2022-03-03|
|10|2022-02-20|2022-03-04
|12|2022-02-24|2022-03-04
|21|2022-03-07|
|22|2022-03-07|
|24|2022-03-08|
|25|2022-03-08|
|13|2022-02-26|2022-03-09
|24|2022-03-08|2022-03-09
|28|2022-03-10|
|6|2022-02-16|2022-03-11
|9|2022-02-19|2022-03-12
|29|2022-03-12|
|25|2022-03-08|2022-03-12
|18|2022-03-01|2022-03-12
|30|2022-03-13|
|31|2022-03-14|
|33|2022-03-15|
|35|2022-03-17|
|35|2022-03-17|2022-03-18
|33|2022-03-15|2022-03-18
|27|2022-03-10|2022-03-18
|38|2022-03-18|
|39|2022-03-18|
|29|2022-03-12|2022-03-18
|14|2022-02-26|2022-03-19
|41|2022-03-19|
|42|2022-03-19|
|28|2022-03-10|2022-03-21
|44|2022-03-21|
|45|2022-03-21|
|46|2022-03-21|
|47|2022-03-22|
|37|2022-03-17|2022-03-22
|48|2022-03-23|
|49|2022-03-23|
|50|2022-03-23|
