67|915703548939254|Arano
68|208706727637249|Ally
69|844294480851618|Alano
70|974386085839150|Roy
71|616329512492141|Steffi
72|542210509842038|Neva
73|866391078409373|Mon Ami
74|676555288307377|Dicky
75|048187937263266|Amir
76|019577469103012|Nik
77|527143381379636|Emipot
78|232501710614381|Girlie
79|075580043526491|Dorro
80|986675134938224|Mole
81|920272213803235|Garell
82|088122766826136|Count
83|521002808902556|Joy
84|878739570467375|Lucylectric
85|166196660771359|Kuno
86|232848246063385|Delay
87|171173467762800|Nugget
88|199622495748944|Maximus
89|312733705040470|Favorite
90|770469120345110|Cammi
91|129434815363824|Flavia
92|404202510636983|Kaukasus
