399|63|23|26|2022-02-26|2022-03-24
671|59|39|15|2022-03-11|2022-03-24
677|84|39|38|2022-03-11|2022-03-24
702|13|39|20|2022-03-13|2022-03-24
704|15|39|20|2022-03-13|2022-03-24
714|43|39|43|2022-03-13|2022-03-24
741|34|39|31|2022-03-14|2022-03-24
819|6|39|36|2022-03-18|2022-03-24
824|32|39|20|2022-03-18|2022-03-24
826|41|39|46|2022-03-18|2022-03-24
929|111|39|32|2022-03-23|2022-03-24
951|53|39|47|2022-03-24|2022-03-24
680|15|17|20|2022-03-12|2022-03-24
694|77|2|32|2022-03-12|2022-03-24
734|9|44|32|2022-03-14|2022-03-24
782|48|8|40|2022-03-16|2022-03-24
822|24|49|23|2022-03-18|2022-03-24
840|27|16|26|2022-03-19|2022-03-24
844|42|28|39|2022-03-19|2022-03-24
853|86|38|32|2022-03-19|2022-03-24
890|12|9|46|2022-03-22|2022-03-24
891|13|36|32|2022-03-22|2022-03-24
897|24|7|31|2022-03-22|2022-03-24
948|46|40|39|2022-03-24|2022-03-24
965|98|65|15|2022-03-24|2022-03-24
972|112|9|26|2022-03-24|2022-03-24
574|28|35|42|2022-03-07|2022-03-12
580|54|29|45|2022-03-07|2022-03-13
587|68|14|31|2022-03-07|2022-03-20
597|11|17|36|2022-03-08|
613|75|21|52|2022-03-08|2022-03-18
341|52|26|46|2022-02-23|2022-03-15
439|46|24|47|2022-02-28|2022-03-13
485|67|25|42|2022-03-02|2022-03-11
367|15|35|41|2022-02-25|2022-03-12
486|1|35|48|2022-03-03|2022-03-12
519|56|14|52|2022-03-04|2022-03-20
618|22|25|43|2022-03-09|2022-03-11
629|2|30|31|2022-03-10|2022-03-10
637|48|24|43|2022-03-10|2022-03-13
638|53|36|50|2022-03-10|
640|60|14|32|2022-03-10|2022-03-20
25|6|5|38|2022-02-05|2022-03-05
41|5|13|49|2022-02-07|2022-02-26
80|10|21|43|2022-02-10|2022-02-15
57|12|16|36|2022-02-08|2022-03-10
138|9|8|46|2022-02-13|2022-03-04
328|16|9|31|2022-02-23|2022-03-18
63|6|9|23|2022-02-09|2022-03-18
174|12|3|42|2022-02-15|2022-02-27
399|63|23|45|2022-02-26|2022-03-24
490|12|20|46|2022-03-03|
559|54|5|52|2022-03-06|2022-03-14
600|19|23|46|2022-03-08|2022-03-09
659|31|28|42|2022-03-11|2022-03-17
669|56|41|52|2022-03-11|
84|14|5|23|2022-02-10|2022-03-05
51|6|14|41|2022-02-08|2022-03-20
121|17|5|40|2022-02-12|2022-03-05
75|5|20|42|2022-02-10|2022-02-13
194|15|20|38|2022-02-16|2022-03-06
296|28|5|39|2022-02-21|2022-03-05
411|35|30|45|2022-02-27|2022-03-06
61|4|18|51|2022-02-09|2022-02-11
140|15|6|23|2022-02-13|2022-03-10
144|21|13|51|2022-02-13|2022-02-17
155|13|22|46|2022-02-14|2022-03-04
374|45|5|31|2022-02-25|2022-03-05
594|7|6|15|2022-03-08|2022-03-10
577|43|12|49|2022-03-07|2022-03-23
648|2|29|41|2022-03-11|2022-03-13
658|30|35|52|2022-03-11|2022-03-12
33|6|1|15|2022-02-06|2022-03-11
459|43|20|38|2022-03-01|
602|30|10|48|2022-03-08|
604|33|34|15|2022-03-08|
215|18|21|36|2022-02-17|2022-02-22
220|24|27|48|2022-02-17|2022-02-21
314|23|32|42|2022-02-22|2022-03-18
615|6|24|31|2022-03-09|2022-03-13
647|88|5|49|2022-03-10|2022-03-14
332|26|25|15|2022-02-23|2022-03-11
98|12|2|48|2022-02-11|2022-02-26
425|9|20|40|2022-02-28|2022-03-18
701|8|33|48|2022-03-13|2022-03-18
703|14|8|23|2022-03-13|
740|31|22|23|2022-03-14|2022-03-15
772|83|26|23|2022-03-15|2022-03-15
781|34|8|48|2022-03-16|
784|52|35|31|2022-03-16|2022-03-21
793|90|42|52|2022-03-16|
798|20|51|43|2022-03-17|2022-03-23
759|26|38|38|2022-03-15|
267|18|29|40|2022-02-20|2022-03-13
401|2|21|38|2022-02-27|2022-03-05
512|27|36|46|2022-03-04|
823|25|30|43|2022-03-18|2022-03-22
8|5|4|49|2022-02-03|2022-02-26
303|41|2|23|2022-02-21|2022-02-24
433|30|13|36|2022-02-28|2022-03-07
441|57|27|49|2022-02-28|2022-03-16
38|2|16|46|2022-02-07|2022-03-10
405|14|28|47|2022-02-27|2022-03-17
468|4|8|32|2022-03-02|2022-03-04
686|30|13|36|2022-03-12|2022-03-23
708|35|8|51|2022-03-13|2022-03-17
724|72|29|51|2022-03-13|2022-03-13
840|27|16|52|2022-03-19|2022-03-24
861|42|10|31|2022-03-20|
13|2|1|47|2022-02-04|2022-03-11
116|12|8|31|2022-02-12|2022-03-04
809|68|40|36|2022-03-17|2022-03-19
438|40|7|52|2022-02-28|2022-03-05
127|24|23|32|2022-02-12|2022-03-12
43|7|1|41|2022-02-07|2022-03-11
895|19|46|15|2022-03-22|
898|47|55|49|2022-03-22|
900|60|34|15|2022-03-22|
902|66|21|48|2022-03-22|
906|102|20|15|2022-03-22|
908|113|9|41|2022-03-22|
924|78|64|45|2022-03-23|
936|17|66|51|2022-03-24|
968|102|14|23|2022-03-24|
971|110|23|50|2022-03-24|
972|112|9|51|2022-03-24|2022-03-24
465|64|30|31|2022-03-01|2022-03-06
496|31|21|32|2022-03-03|
276|36|26|15|2022-02-20|2022-03-15
294|25|31|52|2022-02-21|2022-03-09
310|10|29|51|2022-02-22|2022-03-13
316|28|12|48|2022-02-22|2022-03-23
346|11|34|26|2022-02-24|2022-02-28
451|17|30|26|2022-03-01|2022-03-06
357|48|16|36|2022-02-24|2022-03-10
71|1|14|36|2022-02-10|2022-03-20
440|48|32|31|2022-02-28|2022-03-18
494|22|32|31|2022-03-03|2022-03-18
514|31|23|40|2022-03-04|2022-03-10
520|58|35|45|2022-03-04|2022-03-12
522|66|13|42|2022-03-04|
523|68|16|36|2022-03-04|2022-03-10
535|44|2|15|2022-03-05|2022-03-18
536|46|34|52|2022-03-05|2022-03-23
552|32|7|32|2022-03-06|2022-03-08
554|41|25|49|2022-03-06|2022-03-11
564|71|13|15|2022-03-06|
605|37|29|46|2022-03-08|2022-03-13
606|45|35|26|2022-03-08|2022-03-12
304|42|23|39|2022-02-21|2022-03-04
317|30|30|47|2022-02-22|2022-03-06
336|38|20|40|2022-02-23|2022-03-17
390|24|8|49|2022-02-26|2022-03-04
616|14|32|49|2022-03-09|2022-03-18
625|77|2|39|2022-03-09|
626|80|26|48|2022-03-09|2022-03-15
200|23|22|26|2022-02-16|2022-03-04
217|21|5|51|2022-02-17|2022-03-05
253|24|30|42|2022-02-19|2022-03-06
259|2|8|46|2022-02-20|2022-03-04
285|10|1|41|2022-02-21|2022-03-11
359|55|20|38|2022-02-24|
429|24|25|32|2022-02-28|2022-03-11
529|20|6|45|2022-03-05|2022-03-10
593|6|22|49|2022-03-08|2022-03-09
634|19|23|48|2022-03-10|2022-03-17
650|12|40|46|2022-03-11|2022-03-16
657|28|33|41|2022-03-11|2022-03-18
664|49|7|45|2022-03-11|2022-03-11
18|7|12|23|2022-02-04|2022-03-23
119|15|2|49|2022-02-12|2022-02-23
133|4|1|23|2022-02-13|2022-03-11
171|7|14|31|2022-02-15|2022-03-20
139|11|2|41|2022-02-13|2022-02-19
375|47|12|45|2022-02-25|2022-03-23
507|13|26|15|2022-03-04|2022-03-15
289|19|31|45|2022-02-21|2022-03-09
182|28|23|39|2022-02-15|2022-02-23
614|82|36|48|2022-03-08|
176|17|17|39|2022-02-15|2022-02-26
432|29|14|51|2022-02-28|2022-03-20
20|1|5|46|2022-02-05|2022-03-05
26|7|11|45|2022-02-05|2022-02-06
131|2|2|50|2022-02-13|2022-03-10
681|16|20|52|2022-03-12|
688|33|41|52|2022-03-12|
692|72|32|48|2022-03-12|2022-03-18
693|76|9|23|2022-03-12|2022-03-18
698|3|30|47|2022-03-13|2022-03-18
700|7|44|46|2022-03-13|
714|43|39|32|2022-03-13|2022-03-24
715|45|16|36|2022-03-13|
729|90|2|36|2022-03-13|2022-03-21
730|91|7|23|2022-03-13|
745|62|45|38|2022-03-14|2022-03-15
752|90|22|42|2022-03-14|2022-03-19
761|31|29|45|2022-03-15|
762|54|4|32|2022-03-15|
787|66|45|26|2022-03-16|
797|14|45|51|2022-03-17|
815|99|12|40|2022-03-17|2022-03-23
545|6|2|23|2022-03-06|
286|11|22|38|2022-02-21|2022-03-04
378|55|10|47|2022-02-25|2022-03-03
813|85|40|41|2022-03-17|
765|65|30|36|2022-03-15|
391|25|34|23|2022-02-26|
394|38|1|36|2022-02-26|2022-03-11
124|20|8|52|2022-02-12|2022-03-04
473|25|22|23|2022-03-02|2022-03-04
151|6|21|23|2022-02-14|2022-02-22
799|21|22|49|2022-03-17|
339|47|31|26|2022-02-23|2022-03-09
842|39|8|47|2022-03-19|
37|1|12|52|2022-02-07|2022-03-23
436|34|12|26|2022-02-28|2022-03-23
232|17|17|45|2022-02-18|2022-02-24
821|19|42|36|2022-03-18|
872|7|13|40|2022-03-21|
875|29|7|31|2022-03-21|
877|42|33|32|2022-03-21|
619|32|27|32|2022-03-09|
237|25|28|50|2022-02-18|2022-02-25
212|14|13|47|2022-02-17|2022-02-19
723|71|32|51|2022-03-13|2022-03-18
742|35|33|48|2022-03-14|2022-03-18
751|84|20|31|2022-03-14|2022-03-16
860|38|33|47|2022-03-20|
921|67|34|31|2022-03-23|
944|38|22|46|2022-03-24|
950|52|49|49|2022-03-24|
952|60|46|31|2022-03-24|
955|75|35|15|2022-03-24|
961|92|17|52|2022-03-24|
618|22|25|47|2022-03-09|2022-03-11
637|48|24|48|2022-03-10|2022-03-13
80|10|21|40|2022-02-10|2022-02-15
798|20|51|32|2022-03-17|2022-03-23
823|25|30|50|2022-03-18|2022-03-22
927|102|9|31|2022-03-23|
928|105|34|26|2022-03-23|
932|4|43|53|2022-03-24|
638|53|36|36|2022-03-10|
971|110|23|41|2022-03-24|
131|2|2|32|2022-02-13|2022-03-10
237|25|28|46|2022-02-18|2022-02-25
823|25|30|48|2022-03-18|2022-03-22
224|29|7|36|2022-02-17|2022-03-25
481|41|36|23|2022-03-02|2022-03-25
614|82|36|48|2022-03-08|2022-03-25
660|38|21|15|2022-03-11|2022-03-25
666|52|13|52|2022-03-11|2022-03-25
681|16|20|52|2022-03-12|2022-03-25
762|54|4|32|2022-03-15|2022-03-25
769|80|17|31|2022-03-15|2022-03-25
771|82|42|31|2022-03-15|2022-03-25
830|58|20|53|2022-03-18|2022-03-25
863|58|26|41|2022-03-20|2022-03-25
950|52|49|49|2022-03-24|2022-03-25
971|110|23|41|2022-03-24|2022-03-25
982|15|48|53|2022-03-25|2022-03-25
1004|79|36|15|2022-03-25|2022-03-25
663|48|41|32|2022-03-11|2022-03-26
669|56|41|52|2022-03-11|2022-03-26
688|33|41|52|2022-03-12|2022-03-26
706|30|41|52|2022-03-13|2022-03-26
733|8|41|53|2022-03-14|2022-03-26
785|62|41|31|2022-03-16|2022-03-26
786|64|41|31|2022-03-16|2022-03-26
825|35|41|32|2022-03-18|2022-03-26
978|1|41|47|2022-03-25|2022-03-26
630|3|38|32|2022-03-10|2022-03-26
649|3|16|52|2022-03-11|2022-03-26
653|18|13|32|2022-03-11|2022-03-26
667|53|7|33|2022-03-11|2022-03-26
818|4|36|31|2022-03-18|2022-03-26
831|63|51|23|2022-03-18|2022-03-26
908|113|9|41|2022-03-22|2022-03-26
912|33|55|49|2022-03-23|2022-03-26
927|102|9|31|2022-03-23|2022-03-26
936|17|66|51|2022-03-24|2022-03-26
939|26|8|48|2022-03-24|2022-03-26
947|43|42|31|2022-03-24|2022-03-26
1003|76|12|23|2022-03-25|2022-03-26
1006|83|27|41|2022-03-25|2022-03-26
1013|98|32|32|2022-03-25|2022-03-26
384|2|21|23|2022-02-26|2022-03-20
45|9|7|55|2022-02-07|2022-02-15
76|6|19|49|2022-02-10|2022-02-25
366|14|3|49|2022-02-25|2022-02-27
210|11|2|15|2022-02-17|2022-03-20
368|21|5|54|2022-02-25|2022-03-05
435|33|14|38|2022-02-28|2022-03-20
513|28|28|31|2022-03-04|2022-03-17
517|44|29|41|2022-03-04|2022-03-13
531|36|26|46|2022-03-05|2022-03-15
538|64|28|41|2022-03-05|2022-03-17
546|9|27|49|2022-03-06|
555|42|8|42|2022-03-06|2022-03-07
578|45|20|36|2022-03-07|
589|73|10|41|2022-03-07|
590|74|5|31|2022-03-07|2022-03-14
603|32|35|55|2022-03-08|2022-03-12
370|29|9|53|2022-02-25|2022-03-18
480|36|5|53|2022-03-02|2022-03-05
315|24|16|31|2022-02-22|2022-03-10
570|8|13|31|2022-03-07|
632|11|24|42|2022-03-10|2022-03-13
641|67|38|46|2022-03-10|
198|20|1|42|2022-02-16|2022-03-11
219|23|19|55|2022-02-17|2022-02-25
299|35|19|48|2022-02-21|2022-02-25
309|9|19|41|2022-02-22|2022-02-25
327|13|4|53|2022-02-23|2022-02-26
306|6|30|41|2022-02-22|2022-03-06
466|65|35|41|2022-03-01|2022-03-12
649|3|16|46|2022-03-11|2022-03-26
654|19|5|46|2022-03-11|2022-03-14
662|45|35|32|2022-03-11|2022-03-12
666|52|13|40|2022-03-11|2022-03-25
674|76|32|40|2022-03-11|2022-03-18
31|4|1|54|2022-02-06|2022-03-11
62|5|12|42|2022-02-09|2022-03-23
135|6|2|31|2022-02-13|2022-03-13
184|33|20|54|2022-02-15|2022-03-04
28|1|13|23|2022-02-06|2022-02-08
29|2|1|36|2022-02-06|2022-03-11
130|1|19|15|2022-02-13|2022-02-25
208|7|7|46|2022-02-17|
265|15|1|41|2022-02-20|2022-03-11
385|5|34|53|2022-02-26|2022-03-21
395|41|22|41|2022-02-26|2022-03-04
396|49|29|46|2022-02-26|2022-03-13
156|14|4|46|2022-02-14|2022-02-26
509|21|28|48|2022-03-04|2022-03-17
365|10|14|54|2022-02-25|2022-03-20
524|72|1|38|2022-03-04|2022-03-11
549|18|12|23|2022-03-06|2022-03-23
556|48|8|51|2022-03-06|2022-03-06
313|22|3|15|2022-02-22|2022-02-27
455|32|12|38|2022-03-01|2022-03-23
456|34|32|41|2022-03-01|2022-03-18
636|45|33|40|2022-03-10|2022-03-18
678|3|2|41|2022-03-12|
680|15|17|31|2022-03-12|2022-03-24
699|6|10|15|2022-03-13|
702|13|39|42|2022-03-13|2022-03-24
704|15|39|55|2022-03-13|2022-03-24
706|30|41|40|2022-03-13|2022-03-26
710|37|13|40|2022-03-13|
711|39|10|38|2022-03-13|
717|50|33|46|2022-03-13|2022-03-18
720|54|45|54|2022-03-13|
760|28|10|38|2022-03-15|
767|76|28|40|2022-03-15|2022-03-17
770|81|32|53|2022-03-15|2022-03-18
775|100|21|45|2022-03-15|2022-03-22
802|41|48|42|2022-03-17|2022-03-20
808|59|4|53|2022-03-17|2022-03-21
563|70|27|54|2022-03-06|2022-03-16
108|1|9|54|2022-02-12|2022-03-18
333|28|23|48|2022-02-23|
152|7|13|36|2022-02-14|2022-03-16
596|10|8|55|2022-03-08|
284|9|21|46|2022-02-21|2022-03-15
474|30|4|49|2022-03-02|2022-03-21
250|19|23|36|2022-02-19|2022-02-26
192|12|1|55|2022-02-16|2022-03-11
716|48|12|53|2022-03-13|2022-03-23
150|2|22|42|2022-02-14|2022-03-04
824|32|39|42|2022-03-18|2022-03-24
851|73|49|45|2022-03-19|
325|10|8|48|2022-02-23|2022-03-04
159|18|10|32|2022-02-14|2022-02-18
400|1|7|49|2022-02-27|2022-03-09
850|70|52|36|2022-03-19|
905|101|49|53|2022-03-22|
923|72|49|32|2022-03-23|
933|6|26|45|2022-03-24|
938|19|37|48|2022-03-24|
967|100|45|31|2022-03-24|
613|75|21|40|2022-03-08|2022-03-18
519|56|14|36|2022-03-04|2022-03-20
559|54|5|53|2022-03-06|2022-03-14
669|56|41|55|2022-03-11|2022-03-26
658|30|35|23|2022-03-11|2022-03-12
793|90|42|53|2022-03-16|
840|27|16|48|2022-03-19|2022-03-24
438|40|7|46|2022-02-28|2022-03-05
294|25|31|53|2022-02-21|2022-03-09
536|46|34|53|2022-03-05|2022-03-23
681|16|20|45|2022-03-12|2022-03-25
688|33|41|51|2022-03-12|2022-03-26
124|20|8|47|2022-02-12|2022-03-04
37|1|12|40|2022-02-07|2022-03-23
961|92|17|51|2022-03-24|
984|17|68|32|2022-03-25|
990|37|8|53|2022-03-25|
997|55|29|51|2022-03-25|
1016|106|39|53|2022-03-25|
1037|46|47|52|2022-03-26|
1041|54|69|31|2022-03-26|
1058|104|51|47|2022-03-26|
45|9|7|23|2022-02-07|2022-02-15
603|32|35|15|2022-03-08|2022-03-12
219|23|19|15|2022-02-17|2022-02-25
704|15|39|53|2022-03-13|2022-03-24
596|10|8|57|2022-03-08|
192|12|1|47|2022-02-16|2022-03-11
669|56|41|15|2022-03-11|2022-03-26
381|59|20|32|2022-02-25|2022-03-27
492|19|21|32|2022-03-03|2022-03-27
27|8|10|36|2022-02-05|2022-03-27
32|5|10|15|2022-02-06|2022-03-27
81|11|10|15|2022-02-10|2022-03-27
91|3|10|32|2022-02-11|2022-03-27
145|22|10|23|2022-02-13|2022-03-27
159|18|10|32|2022-02-14|2022-03-27
162|25|10|32|2022-02-14|2022-03-27
213|15|10|32|2022-02-17|2022-03-27
234|20|10|23|2022-02-18|2022-03-27
260|3|10|32|2022-02-20|2022-03-27
278|39|10|32|2022-02-20|2022-03-27
371|32|10|32|2022-02-25|2022-03-27
378|55|10|47|2022-02-25|2022-03-27
417|52|10|32|2022-02-27|2022-03-27
423|7|10|32|2022-02-28|2022-03-27
431|26|10|15|2022-02-28|2022-03-27
542|76|10|9|2022-03-05|2022-03-27
589|73|10|41|2022-03-07|2022-03-27
602|30|10|56|2022-03-08|2022-03-27
685|27|10|32|2022-03-12|2022-03-27
699|6|10|15|2022-03-13|2022-03-27
711|39|10|38|2022-03-13|2022-03-27
760|28|10|38|2022-03-15|2022-03-27
773|86|10|36|2022-03-15|2022-03-27
827|46|10|23|2022-03-18|2022-03-27
861|42|10|31|2022-03-20|2022-03-27
1029|23|10|31|2022-03-26|2022-03-27
1096|73|10|49|2022-03-27|2022-03-27
1106|93|10|36|2022-03-27|2022-03-27
596|10|8|57|2022-03-08|2022-03-27
619|32|27|32|2022-03-09|2022-03-27
655|22|22|32|2022-03-11|2022-03-27
685|27|10|32|2022-03-12|2022-03-27
699|6|10|15|2022-03-13|2022-03-27
765|65|30|36|2022-03-15|2022-03-27
777|17|13|57|2022-03-16|2022-03-27
811|82|46|57|2022-03-17|2022-03-27
817|2|35|32|2022-03-18|2022-03-27
849|65|9|57|2022-03-19|2022-03-27
864|64|7|41|2022-03-20|2022-03-27
909|9|36|46|2022-03-23|2022-03-27
913|35|37|51|2022-03-23|2022-03-27
920|64|47|47|2022-03-23|2022-03-27
943|37|36|57|2022-03-24|2022-03-27
954|64|20|49|2022-03-24|2022-03-27
987|25|46|46|2022-03-25|2022-03-27
995|50|46|38|2022-03-25|2022-03-27
998|59|23|47|2022-03-25|2022-03-27
1015|101|38|15|2022-03-25|2022-03-27
1016|106|39|53|2022-03-25|2022-03-27
1024|12|42|57|2022-03-26|2022-03-27
1045|61|21|23|2022-03-26|2022-03-27
1048|69|64|57|2022-03-26|2022-03-27
1058|104|51|47|2022-03-26|2022-03-27
1067|1|46|56|2022-03-27|2022-03-27
1107|94|69|32|2022-03-27|2022-03-27
1109|99|21|38|2022-03-27|2022-03-27
953|62|65|57|2022-03-24|2022-03-28
965|98|65|15|2022-03-24|2022-03-28
985|21|65|32|2022-03-25|2022-03-28
1104|90|65|45|2022-03-27|2022-03-28
885|115|14|54|2022-03-21|
585|65|26|51|2022-03-07|2022-03-15
6|3|7|61|2022-02-03|2022-02-15
344|1|5|54|2022-02-24|2022-03-05
23|4|7|56|2022-02-05|2022-02-15
826|41|39|38|2022-03-18|2022-03-24
859|35|4|51|2022-03-20|
886|3|56|56|2022-03-22|
889|11|57|15|2022-03-22|
890|12|9|42|2022-03-22|2022-03-24
892|14|51|59|2022-03-22|
909|9|36|42|2022-03-23|2022-03-27
914|36|32|15|2022-03-23|
935|11|14|53|2022-03-24|
937|18|49|23|2022-03-24|
341|52|26|32|2022-02-23|2022-03-15
138|9|8|15|2022-02-13|2022-03-04
490|12|20|58|2022-03-03|
600|19|23|32|2022-03-08|2022-03-09
155|13|22|61|2022-02-14|2022-03-04
512|27|36|54|2022-03-04|
38|2|16|56|2022-02-07|2022-03-10
605|37|29|31|2022-03-08|2022-03-13
259|2|8|57|2022-02-20|2022-03-04
650|12|40|59|2022-03-11|2022-03-16
20|1|5|31|2022-02-05|2022-03-05
700|7|44|58|2022-03-13|
944|38|22|57|2022-03-24|
237|25|28|32|2022-02-18|2022-02-25
987|25|46|32|2022-03-25|2022-03-27
1000|63|57|23|2022-03-25|
1023|10|59|41|2022-03-26|
1033|36|33|38|2022-03-26|
1039|49|20|61|2022-03-26|
1042|55|21|41|2022-03-26|
1065|120|28|15|2022-03-26|
531|36|26|31|2022-03-05|2022-03-15
641|67|38|23|2022-03-10|
649|3|16|59|2022-03-11|2022-03-26
654|19|5|41|2022-03-11|2022-03-14
208|7|7|15|2022-02-17|
396|49|29|61|2022-02-26|2022-03-13
156|14|4|15|2022-02-14|2022-02-26
717|50|33|41|2022-03-13|2022-03-18
284|9|21|31|2022-02-21|2022-03-15
438|40|7|59|2022-02-28|2022-03-05
1068|2|39|42|2022-03-27|
1099|82|29|23|2022-03-27|
1114|109|35|61|2022-03-27|
564|71|13|15|2022-03-06|2022-03-28
190|10|7|57|2022-02-16|2022-03-28
191|11|7|32|2022-02-16|2022-03-28
208|7|7|15|2022-02-17|2022-03-28
224|29|7|61|2022-02-17|2022-03-28
233|18|7|32|2022-02-18|2022-03-28
312|17|7|32|2022-02-22|2022-03-28
393|37|7|53|2022-02-26|2022-03-28
400|1|7|49|2022-02-27|2022-03-28
438|40|7|59|2022-02-28|2022-03-28
470|16|7|15|2022-03-02|2022-03-28
552|32|7|32|2022-03-06|2022-03-28
664|49|7|45|2022-03-11|2022-03-28
667|53|7|60|2022-03-11|2022-03-28
684|22|7|61|2022-03-12|2022-03-28
728|86|7|15|2022-03-13|2022-03-28
730|91|7|23|2022-03-13|2022-03-28
843|41|7|42|2022-03-19|2022-03-28
864|64|7|41|2022-03-20|2022-03-28
875|29|7|31|2022-03-21|2022-03-28
887|6|7|32|2022-03-22|2022-03-28
897|24|7|31|2022-03-22|2022-03-28
1071|8|7|56|2022-03-27|2022-03-28
1157|75|7|41|2022-03-28|2022-03-28
848|64|9|42|2022-03-19|2022-03-28
952|60|46|31|2022-03-24|2022-03-28
988|26|43|59|2022-03-25|2022-03-28
1078|29|46|45|2022-03-27|2022-03-28
1103|89|54|58|2022-03-27|2022-03-28
1148|54|43|56|2022-03-28|2022-03-28
1174|103|36|60|2022-03-28|2022-03-28
404|12|4|57|2022-02-27|2022-03-29
421|60|4|15|2022-02-27|2022-03-29
443|63|4|15|2022-02-28|2022-03-29
457|39|4|23|2022-03-01|2022-03-29
458|40|4|15|2022-03-01|2022-03-29
463|57|4|32|2022-03-01|2022-03-29
474|30|4|49|2022-03-02|2022-03-29
504|74|4|57|2022-03-03|2022-03-29
518|55|4|61|2022-03-04|2022-03-29
526|17|4|35|2022-03-05|2022-03-29
558|52|4|15|2022-03-06|2022-03-29
584|63|4|38|2022-03-07|2022-03-29
643|72|4|23|2022-03-10|2022-03-29
682|17|4|41|2022-03-12|2022-03-29
762|54|4|32|2022-03-15|2022-03-29
808|59|4|53|2022-03-17|2022-03-29
856|107|4|41|2022-03-19|2022-03-29
859|35|4|51|2022-03-20|2022-03-29
1018|117|4|42|2022-03-25|2022-03-29
1030|28|4|42|2022-03-26|2022-03-29
1125|2|4|51|2022-03-28|2022-03-29
1134|29|4|58|2022-03-28|2022-03-29
491|17|32|38|2022-03-03|2022-03-18
504|74|4|45|2022-03-03|2022-03-29
404|12|4|54|2022-02-27|2022-03-29
446|6|25|54|2022-03-01|2022-03-11
125|21|17|53|2022-02-12|2022-02-21
70|13|16|31|2022-02-09|2022-03-10
177|19|22|59|2022-02-15|2022-03-04
255|30|25|15|2022-02-19|2022-03-11
30|3|12|38|2022-02-06|2022-03-23
777|17|13|60|2022-03-16|2022-03-27
791|81|33|61|2022-03-16|2022-03-18
794|95|33|42|2022-03-16|2022-03-18
811|82|46|53|2022-03-17|2022-03-27
547|10|25|45|2022-03-06|2022-03-11
320|44|14|45|2022-02-22|2022-03-20
4|1|12|32|2022-02-03|2022-03-23
190|10|7|45|2022-02-16|2022-03-28
750|75|14|51|2022-03-14|2022-03-20
820|10|17|53|2022-03-18|
172|8|2|51|2022-02-15|2022-02-22
204|29|13|41|2022-02-16|2022-02-16
493|20|21|38|2022-03-03|2022-03-08
499|57|28|31|2022-03-03|2022-03-17
350|21|22|38|2022-02-24|2022-03-04
123|19|12|51|2022-02-12|2022-03-23
356|45|26|54|2022-02-24|2022-03-15
839|16|37|32|2022-03-19|
845|43|55|38|2022-03-19|
849|65|9|54|2022-03-19|2022-03-27
857|9|27|45|2022-03-20|2022-03-22
858|18|57|58|2022-03-20|
348|13|4|61|2022-02-24|2022-02-26
59|2|4|60|2022-02-09|2022-02-26
79|9|8|23|2022-02-10|2022-03-04
104|18|21|41|2022-02-11|2022-03-01
689|35|20|41|2022-03-12|2022-03-20
768|77|13|61|2022-03-15|2022-03-19
227|1|6|61|2022-02-18|2022-03-10
74|4|20|56|2022-02-10|2022-02-19
67|10|21|45|2022-02-09|2022-02-11
865|90|9|45|2022-03-20|
598|13|17|45|2022-03-08|2022-03-11
360|57|4|49|2022-02-24|2022-02-26
735|15|40|45|2022-03-14|
782|48|8|53|2022-03-16|2022-03-24
792|85|38|38|2022-03-16|2022-03-22
806|46|28|42|2022-03-17|2022-03-17
257|32|31|58|2022-02-19|2022-03-09
292|22|33|59|2022-02-21|2022-03-18
943|37|36|59|2022-03-24|2022-03-27
953|62|65|53|2022-03-24|2022-03-28
975|115|49|61|2022-03-24|
121|17|5|59|2022-02-12|2022-03-05
425|9|20|53|2022-02-28|2022-03-18
267|18|29|45|2022-02-20|2022-03-13
514|31|23|59|2022-03-04|2022-03-10
336|38|20|61|2022-02-23|2022-03-17
815|99|12|49|2022-03-17|2022-03-23
872|7|13|49|2022-03-21|
80|10|21|59|2022-02-10|2022-02-15
1009|88|27|61|2022-03-25|
1014|99|21|38|2022-03-25|
1024|12|42|61|2022-03-26|2022-03-27
1044|59|8|38|2022-03-26|
1047|66|69|61|2022-03-26|
1048|69|64|54|2022-03-26|2022-03-27
1053|80|9|49|2022-03-26|
666|52|13|49|2022-03-11|2022-03-25
674|76|32|58|2022-03-11|2022-03-18
636|45|33|23|2022-03-10|2022-03-18
706|30|41|60|2022-03-13|2022-03-26
710|37|13|32|2022-03-13|
767|76|28|41|2022-03-15|2022-03-17
613|75|21|54|2022-03-08|2022-03-18
37|1|12|54|2022-02-07|2022-03-23
596|10|8|32|2022-03-08|2022-03-27
1080|32|68|56|2022-03-27|
1081|33|21|53|2022-03-27|
259|2|8|60|2022-02-20|2022-03-04
944|38|22|53|2022-03-24|
1149|56|43|38|2022-03-28|
1151|59|23|42|2022-03-28|
1165|90|35|54|2022-03-28|
125|21|17|53|2022-02-12|2022-03-29
142|18|17|60|2022-02-13|2022-03-29
146|23|17|32|2022-02-13|2022-03-29
176|17|17|53|2022-02-15|2022-03-29
183|30|17|32|2022-02-15|2022-03-29
197|19|17|53|2022-02-16|2022-03-29
230|5|17|32|2022-02-18|2022-03-29
232|17|17|45|2022-02-18|2022-03-29
236|23|17|32|2022-02-18|2022-03-29
256|31|17|32|2022-02-19|2022-03-29
269|21|17|15|2022-02-20|2022-03-29
288|18|17|32|2022-02-21|2022-03-29
403|9|17|15|2022-02-27|2022-03-29
450|16|17|15|2022-03-01|2022-03-29
462|49|17|9|2022-03-01|2022-03-29
532|37|17|23|2022-03-05|2022-03-29
579|51|17|53|2022-03-07|2022-03-29
597|11|17|61|2022-03-08|2022-03-29
598|13|17|45|2022-03-08|2022-03-29
680|15|17|31|2022-03-12|2022-03-29
747|67|17|61|2022-03-14|2022-03-29
769|80|17|31|2022-03-15|2022-03-29
804|43|17|23|2022-03-17|2022-03-29
820|10|17|53|2022-03-18|2022-03-29
855|98|17|32|2022-03-19|2022-03-29
961|92|17|51|2022-03-24|2022-03-29
1059|108|17|23|2022-03-26|2022-03-29
1136|32|17|41|2022-03-28|2022-03-29
1167|92|17|59|2022-03-28|2022-03-29
1178|109|17|41|2022-03-28|2022-03-29
1203|55|17|45|2022-03-29|2022-03-29
331|25|20|32|2022-02-23|2022-03-29
333|28|23|56|2022-02-23|2022-03-29
703|14|8|23|2022-03-13|2022-03-29
833|74|13|31|2022-03-18|2022-03-29
860|38|33|59|2022-03-20|2022-03-29
877|42|33|32|2022-03-21|2022-03-29
894|18|33|31|2022-03-22|2022-03-29
970|109|33|59|2022-03-24|2022-03-29
1021|4|33|56|2022-03-26|2022-03-29
1033|36|33|38|2022-03-26|2022-03-29
1143|47|33|45|2022-03-28|2022-03-29
1166|91|33|60|2022-03-28|2022-03-29
1226|99|33|54|2022-03-29|2022-03-29
877|42|33|32|2022-03-21|2022-03-29
878|49|51|32|2022-03-21|2022-03-29
880|63|14|32|2022-03-21|2022-03-29
898|47|55|49|2022-03-22|2022-03-29
905|101|49|53|2022-03-22|2022-03-29
945|40|2|49|2022-03-24|2022-03-29
1050|75|26|53|2022-03-26|2022-03-29
1080|32|68|56|2022-03-27|2022-03-29
1081|33|21|53|2022-03-27|2022-03-29
1110|100|68|51|2022-03-27|2022-03-29
1149|56|43|38|2022-03-28|2022-03-29
1179|116|16|54|2022-03-28|2022-03-29
1183|4|62|64|2022-03-29|2022-03-29
1192|29|69|32|2022-03-29|2022-03-29
1229|108|26|63|2022-03-29|2022-03-29
1031|29|2|51|2022-03-26|
368|21|5|32|2022-02-25|2022-03-05
31|4|1|62|2022-02-06|2022-03-11
184|33|20|62|2022-02-15|2022-03-04
365|10|14|62|2022-02-25|2022-03-20
720|54|45|53|2022-03-13|
563|70|27|59|2022-03-06|2022-03-16
108|1|9|56|2022-02-12|2022-03-18
1111|102|50|62|2022-03-27|
1116|112|39|60|2022-03-27|
885|115|14|23|2022-03-21|
344|1|5|23|2022-02-24|2022-03-05
512|27|36|51|2022-03-04|
1131|17|44|64|2022-03-28|
1138|35|54|60|2022-03-28|
1150|57|69|61|2022-03-28|
1168|93|39|58|2022-03-28|
1175|105|26|53|2022-03-28|
1179|116|16|58|2022-03-28|2022-03-29
404|12|4|63|2022-02-27|2022-03-29
446|6|25|45|2022-03-01|2022-03-11
356|45|26|51|2022-02-24|2022-03-15
849|65|9|56|2022-03-19|2022-03-27
1048|69|64|49|2022-03-26|2022-03-27
613|75|21|56|2022-03-08|2022-03-18
37|1|12|15|2022-02-07|2022-03-23
1165|90|35|56|2022-03-28|
1200|51|22|53|2022-03-29|
1225|98|48|45|2022-03-29|
1226|99|33|49|2022-03-29|2022-03-29
830|58|20|32|2022-03-18|2022-03-25
832|64|36|61|2022-03-18|
836|89|8|56|2022-03-18|
419|55|9|58|2022-02-27|2022-03-18
393|37|7|58|2022-02-26|2022-03-28
187|4|12|23|2022-02-16|2022-03-23
115|11|19|51|2022-02-12|2022-02-25
530|29|33|15|2022-03-05|2022-03-18
579|51|17|58|2022-03-07|2022-03-29
195|17|9|15|2022-02-16|2022-03-18
361|58|4|59|2022-02-24|2022-02-26
644|77|8|31|2022-03-10|
358|52|23|64|2022-02-24|2022-03-04
726|77|13|59|2022-03-13|2022-03-13
757|18|34|60|2022-03-15|
844|42|28|41|2022-03-19|2022-03-24
868|95|49|54|2022-03-20|
94|7|20|56|2022-02-11|2022-03-07
197|19|17|42|2022-02-16|2022-03-29
330|23|25|62|2022-02-23|2022-03-11
779|32|46|31|2022-03-16|
323|4|19|41|2022-02-23|2022-02-25
733|8|41|38|2022-03-14|2022-03-26
106|23|22|54|2022-02-11|2022-03-04
508|18|20|49|2022-03-04|
948|46|40|41|2022-03-24|2022-03-24
956|77|20|58|2022-03-24|
962|93|21|63|2022-03-24|
974|114|51|64|2022-03-24|
296|28|5|31|2022-02-21|2022-03-05
304|42|23|64|2022-02-21|2022-03-04
625|77|2|63|2022-03-09|
182|28|23|15|2022-02-15|2022-02-23
176|17|17|58|2022-02-15|2022-03-29
932|4|43|15|2022-03-24|
982|15|48|58|2022-03-25|2022-03-25
993|45|29|62|2022-03-25|
1043|56|2|61|2022-03-26|
1049|74|62|31|2022-03-26|
1050|75|26|61|2022-03-26|2022-03-29
370|29|9|62|2022-02-25|2022-03-18
480|36|5|58|2022-03-02|2022-03-05
327|13|4|54|2022-02-23|2022-02-26
385|5|34|31|2022-02-26|2022-03-21
770|81|32|49|2022-03-15|2022-03-18
808|59|4|38|2022-03-17|2022-03-29
716|48|12|49|2022-03-13|2022-03-23
905|101|49|62|2022-03-22|2022-03-29
559|54|5|45|2022-03-06|2022-03-14
793|90|42|51|2022-03-16|
294|25|31|49|2022-02-21|2022-03-09
536|46|34|64|2022-03-05|2022-03-23
990|37|8|61|2022-03-25|
1016|106|39|49|2022-03-25|2022-03-27
704|15|39|51|2022-03-13|2022-03-24
1122|121|8|60|2022-03-27|
935|11|14|51|2022-03-24|
1128|7|35|61|2022-03-28|
125|21|17|49|2022-02-12|2022-03-29
811|82|46|58|2022-03-17|2022-03-27
820|10|17|23|2022-03-18|2022-03-29
782|48|8|51|2022-03-16|2022-03-24
953|62|65|60|2022-03-24|2022-03-28
425|9|20|61|2022-02-28|2022-03-18
1081|33|21|49|2022-03-27|2022-03-29
944|38|22|61|2022-03-24|
1210|73|52|61|2022-03-29|
1218|83|10|58|2022-03-29|
720|54|45|42|2022-03-13|
1175|105|26|61|2022-03-28|
1200|51|22|61|2022-03-29|
74|4|20|56|2022-02-10|2022-03-30
75|5|20|69|2022-02-10|2022-03-30
86|16|20|15|2022-02-10|2022-03-30
89|19|20|38|2022-02-10|2022-03-30
94|7|20|56|2022-02-11|2022-03-30
132|3|20|15|2022-02-13|2022-03-30
153|9|20|32|2022-02-14|2022-03-30
160|22|20|32|2022-02-14|2022-03-30
164|28|20|41|2022-02-14|2022-03-30
184|33|20|62|2022-02-15|2022-03-30
194|15|20|38|2022-02-16|2022-03-30
211|13|20|32|2022-02-17|2022-03-30
238|26|20|32|2022-02-18|2022-03-30
290|20|20|32|2022-02-21|2022-03-30
295|26|20|51|2022-02-21|2022-03-30
331|25|20|32|2022-02-23|2022-03-30
336|38|20|61|2022-02-23|2022-03-30
359|55|20|38|2022-02-24|2022-03-30
381|59|20|32|2022-02-25|2022-03-30
387|16|20|38|2022-02-26|2022-03-30
425|9|20|61|2022-02-28|2022-03-30
459|43|20|38|2022-03-01|2022-03-30
490|12|20|58|2022-03-03|2022-03-30
495|25|20|32|2022-03-03|2022-03-30
508|18|20|49|2022-03-04|2022-03-30
527|18|20|15|2022-03-05|2022-03-30
533|41|20|15|2022-03-05|2022-03-30
578|45|20|61|2022-03-07|2022-03-30
612|73|20|32|2022-03-08|2022-03-30
639|57|20|15|2022-03-10|2022-03-30
681|16|20|45|2022-03-12|2022-03-30
689|35|20|41|2022-03-12|2022-03-30
743|42|20|15|2022-03-14|2022-03-30
751|84|20|31|2022-03-14|2022-03-30
790|80|20|15|2022-03-16|2022-03-30
830|58|20|32|2022-03-18|2022-03-30
847|46|20|66|2022-03-19|2022-03-30
879|53|20|15|2022-03-21|2022-03-30
896|21|20|38|2022-03-22|2022-03-30
906|102|20|15|2022-03-22|2022-03-30
954|64|20|49|2022-03-24|2022-03-30
956|77|20|58|2022-03-24|2022-03-30
1039|49|20|61|2022-03-26|2022-03-30
1085|43|20|49|2022-03-27|2022-03-30
1121|120|20|32|2022-03-27|2022-03-30
1261|83|20|69|2022-03-30|2022-03-30
496|31|21|32|2022-03-03|2022-03-30
127|24|23|32|2022-02-12|2022-03-30
136|7|23|32|2022-02-13|2022-03-30
182|28|23|15|2022-02-15|2022-03-30
229|4|23|38|2022-02-18|2022-03-30
240|31|23|66|2022-02-18|2022-03-30
250|19|23|61|2022-02-19|2022-03-30
297|30|23|15|2022-02-21|2022-03-30
304|42|23|64|2022-02-21|2022-03-30
333|28|23|56|2022-02-23|2022-03-30
353|31|23|15|2022-02-24|2022-03-30
358|52|23|64|2022-02-24|2022-03-30
362|2|23|32|2022-02-25|2022-03-30
399|63|23|45|2022-02-26|2022-03-30
498|55|23|15|2022-03-03|2022-03-30
514|31|23|59|2022-03-04|2022-03-30
539|66|23|60|2022-03-05|2022-03-30
561|62|23|38|2022-03-06|2022-03-30
600|19|23|32|2022-03-08|2022-03-30
634|19|23|56|2022-03-10|2022-03-30
645|80|23|15|2022-03-10|2022-03-30
687|31|23|32|2022-03-12|2022-03-30
690|62|23|38|2022-03-12|2022-03-30
696|84|23|15|2022-03-12|2022-03-30
969|103|23|31|2022-03-24|2022-03-30
971|110|23|41|2022-03-24|2022-03-30
998|59|23|59|2022-03-25|2022-03-30
1151|59|23|69|2022-03-28|2022-03-30
1235|11|23|59|2022-03-30|2022-03-30
1249|49|23|45|2022-03-30|2022-03-30
604|33|34|15|2022-03-08|2022-03-30
645|80|23|15|2022-03-10|2022-03-30
749|73|42|66|2022-03-14|2022-03-30
789|72|5|66|2022-03-16|2022-03-30
796|12|5|66|2022-03-17|2022-03-30
866|92|5|41|2022-03-20|2022-03-30
1063|116|5|49|2022-03-26|2022-03-30
1112|106|5|45|2022-03-27|2022-03-30
1170|97|5|59|2022-03-28|2022-03-30
1176|106|5|59|2022-03-28|2022-03-30
1202|54|5|63|2022-03-29|2022-03-30
1209|72|5|61|2022-03-29|2022-03-30
1282|126|5|15|2022-03-30|2022-03-30
832|64|36|61|2022-03-18|2022-03-30
836|89|8|56|2022-03-18|2022-03-30
923|72|49|32|2022-03-23|2022-03-30
932|4|43|15|2022-03-24|2022-03-30
964|97|48|31|2022-03-24|2022-03-30
1171|100|8|60|2022-03-28|2022-03-30
1186|13|59|61|2022-03-29|2022-03-30
1209|72|5|61|2022-03-29|2022-03-30
1240|25|10|59|2022-03-30|
1242|31|17|38|2022-03-30|
1254|60|27|66|2022-03-30|
512|27|36|51|2022-03-04|2022-03-31
11|8|2|31|2022-02-03|2022-03-31
60|3|2|32|2022-02-09|2022-03-31
64|7|2|15|2022-02-09|2022-03-31
88|18|2|32|2022-02-10|2022-03-31
98|12|2|56|2022-02-11|2022-03-31
119|15|2|49|2022-02-12|2022-03-31
131|2|2|32|2022-02-13|2022-03-31
135|6|2|31|2022-02-13|2022-03-31
139|11|2|41|2022-02-13|2022-03-31
172|8|2|51|2022-02-15|2022-03-31
210|11|2|15|2022-02-17|2022-03-31
262|6|2|41|2022-02-20|2022-03-31
283|7|2|32|2022-02-21|2022-03-31
303|41|2|66|2022-02-21|2022-03-31
410|32|2|15|2022-02-27|2022-03-31
420|59|2|60|2022-02-27|2022-03-31
460|44|2|10|2022-03-01|2022-03-31
484|66|2|15|2022-03-02|2022-03-31
500|60|2|31|2022-03-03|2022-03-31
510|22|2|66|2022-03-04|2022-03-31
535|44|2|15|2022-03-05|2022-03-31
537|60|2|15|2022-03-05|2022-03-31
545|6|2|66|2022-03-06|2022-03-31
625|77|2|63|2022-03-09|2022-03-31
646|86|2|66|2022-03-10|2022-03-31
678|3|2|41|2022-03-12|2022-03-31
694|77|2|32|2022-03-12|2022-03-31
729|90|2|61|2022-03-13|2022-03-31
945|40|2|49|2022-03-24|2022-03-31
1031|29|2|51|2022-03-26|2022-03-31
1043|56|2|61|2022-03-26|2022-03-31
1070|4|2|56|2022-03-27|2022-03-31
1076|21|2|61|2022-03-27|2022-03-31
1147|53|2|66|2022-03-28|2022-03-31
1196|36|2|15|2022-03-29|2022-03-31
1208|71|2|64|2022-03-29|2022-03-31
1241|29|2|38|2022-03-30|2022-03-31
1258|68|2|62|2022-03-30|2022-03-31
611|72|38|31|2022-03-08|2022-03-31
625|77|2|63|2022-03-09|2022-03-31
736|17|38|32|2022-03-14|2022-03-31
828|49|13|32|2022-03-18|2022-03-31
865|90|9|45|2022-03-20|2022-03-31
916|51|43|32|2022-03-23|2022-03-31
933|6|26|45|2022-03-24|2022-03-31
941|32|60|59|2022-03-24|2022-03-31
979|5|43|69|2022-03-25|2022-03-31
1002|72|12|45|2022-03-25|2022-03-31
1026|17|29|61|2022-03-26|2022-03-31
1036|44|35|61|2022-03-26|2022-03-31
1072|9|22|58|2022-03-27|2022-03-31
1105|92|43|58|2022-03-27|2022-03-31
1120|119|52|61|2022-03-27|2022-03-31
1122|121|8|60|2022-03-27|2022-03-31
1123|124|43|66|2022-03-27|2022-03-31
1156|73|35|49|2022-03-28|2022-03-31
1234|6|22|71|2022-03-30|2022-03-31
1268|95|16|71|2022-03-30|2022-03-31
1279|122|73|15|2022-03-30|2022-03-31
1281|125|74|41|2022-03-30|2022-03-31
1298|38|8|15|2022-03-31|2022-03-31
1299|39|39|58|2022-03-31|2022-03-31
816|103|45|61|2022-03-17|2022-04-01
822|24|49|66|2022-03-18|2022-04-01
829|50|49|15|2022-03-18|2022-04-01
851|73|49|45|2022-03-19|2022-04-01
868|95|49|54|2022-03-20|2022-04-01
899|52|49|45|2022-03-22|2022-04-01
905|101|49|62|2022-03-22|2022-04-01
923|72|49|32|2022-03-23|2022-04-01
937|18|49|66|2022-03-24|2022-04-01
950|52|49|49|2022-03-24|2022-04-01
975|115|49|61|2022-03-24|2022-04-01
1051|78|49|32|2022-03-26|2022-04-01
1083|37|49|72|2022-03-27|2022-04-01
1113|108|49|69|2022-03-27|2022-04-01
1145|50|49|60|2022-03-28|2022-04-01
1152|60|49|31|2022-03-28|2022-04-01
1162|86|49|69|2022-03-28|2022-04-01
1319|86|49|15|2022-03-31|2022-04-01
835|81|35|38|2022-03-18|2022-04-01
867|94|58|66|2022-03-20|2022-04-01
868|95|49|54|2022-03-20|2022-04-01
893|15|40|31|2022-03-22|2022-04-01
907|105|62|61|2022-03-22|2022-04-01
955|75|35|15|2022-03-24|2022-04-01
983|16|36|38|2022-03-25|2022-04-01
1028|20|36|49|2022-03-26|2022-04-01
1046|62|8|66|2022-03-26|2022-04-01
1074|16|22|61|2022-03-27|2022-04-01
1095|69|58|45|2022-03-27|2022-04-01
1115|110|46|32|2022-03-27|2022-04-01
1162|86|49|69|2022-03-28|2022-04-01
1195|32|40|60|2022-03-29|2022-04-01
1219|84|58|58|2022-03-29|2022-04-01
1240|25|10|59|2022-03-30|2022-04-01
1294|31|38|66|2022-03-31|2022-04-01
1307|68|8|15|2022-03-31|2022-04-01
1322|97|66|62|2022-03-31|2022-04-01
1354|66|48|45|2022-04-01|2022-04-01
700|7|44|58|2022-03-13|2022-04-02
712|41|44|61|2022-03-13|2022-04-02
734|9|44|32|2022-03-14|2022-04-02
788|69|44|15|2022-03-16|2022-04-02
803|42|44|32|2022-03-17|2022-04-02
870|106|44|66|2022-03-20|2022-04-02
925|93|44|45|2022-03-23|2022-04-02
1032|30|44|38|2022-03-26|2022-04-02
1102|87|44|72|2022-03-27|2022-04-02
1131|17|44|64|2022-03-28|2022-04-02
1185|9|44|60|2022-03-29|2022-04-02
1204|58|44|64|2022-03-29|2022-04-02
1302|52|44|61|2022-03-31|2022-04-02
220|24|27|56|2022-02-17|2022-04-02
239|29|27|32|2022-02-18|2022-04-02
247|13|27|32|2022-02-19|2022-04-02
268|19|27|15|2022-02-20|2022-04-02
293|23|27|66|2022-02-21|2022-04-02
318|38|27|66|2022-02-22|2022-04-02
372|41|27|32|2022-02-25|2022-04-02
382|64|27|32|2022-02-25|2022-04-02
388|18|27|32|2022-02-26|2022-04-02
441|57|27|49|2022-02-28|2022-04-02
546|9|27|49|2022-03-06|2022-04-02
563|70|27|59|2022-03-06|2022-04-02
617|19|27|66|2022-03-09|2022-04-02
619|32|27|32|2022-03-09|2022-04-02
656|24|27|69|2022-03-11|2022-04-02
719|53|27|32|2022-03-13|2022-04-02
725|74|27|31|2022-03-13|2022-04-02
778|29|27|15|2022-03-16|2022-04-02
857|9|27|45|2022-03-20|2022-04-02
917|54|27|72|2022-03-23|2022-04-02
949|47|27|72|2022-03-24|2022-04-02
1006|83|27|41|2022-03-25|2022-04-02
1009|88|27|61|2022-03-25|2022-04-02
1139|36|27|31|2022-03-28|2022-04-02
1141|41|27|60|2022-03-28|2022-04-02
1201|52|27|69|2022-03-29|2022-04-02
1239|24|27|31|2022-03-30|2022-04-02
1248|47|27|45|2022-03-30|2022-04-02
1254|60|27|66|2022-03-30|2022-04-02
1300|41|27|49|2022-03-31|2022-04-02
1344|38|27|60|2022-04-01|2022-04-02
1434|131|27|60|2022-04-02|2022-04-02
388|18|27|32|2022-02-26|2022-04-02
582|59|8|61|2022-03-07|2022-04-02
656|24|27|69|2022-03-11|2022-04-02
757|18|34|60|2022-03-15|2022-04-02
763|55|37|61|2022-03-15|2022-04-02
795|3|37|61|2022-03-17|2022-04-02
800|29|37|66|2022-03-17|2022-04-02
838|5|37|61|2022-03-19|2022-04-02
839|16|37|32|2022-03-19|2022-04-02
913|35|37|72|2022-03-23|2022-04-02
938|19|37|56|2022-03-24|2022-04-02
1191|27|37|45|2022-03-29|2022-04-02
1393|33|37|73|2022-04-02|2022-04-02
650|12|40|59|2022-03-11|2022-04-02
735|15|40|45|2022-03-14|2022-04-02
809|68|40|61|2022-03-17|2022-04-02
813|85|40|41|2022-03-17|2022-04-02
893|15|40|31|2022-03-22|2022-04-02
915|43|40|38|2022-03-23|2022-04-02
948|46|40|41|2022-03-24|2022-04-02
1195|32|40|60|2022-03-29|2022-04-02
1406|61|40|67|2022-04-02|2022-04-02
1432|126|40|67|2022-04-02|2022-04-02
921|67|34|31|2022-03-23|2022-04-02
1007|84|57|32|2022-03-25|2022-04-02
1082|35|66|59|2022-03-27|2022-04-02
1155|71|32|41|2022-03-28|2022-04-02
1193|30|52|32|2022-03-29|2022-04-02
1204|58|44|64|2022-03-29|2022-04-02
1263|86|43|60|2022-03-30|2022-04-02
1303|53|72|58|2022-03-31|2022-04-02
1332|3|7|49|2022-04-01|2022-04-02
1347|44|23|73|2022-04-01|2022-04-02
1359|83|28|32|2022-04-01|2022-04-02
1378|128|38|61|2022-04-01|2022-04-02
1383|6|45|64|2022-04-02|2022-04-02
1387|17|43|58|2022-04-02|2022-04-02
1399|48|13|58|2022-04-02|2022-04-02
1069|3|45|64|2022-03-27|
1072|9|22|73|2022-03-27|2022-03-31
1101|85|9|31|2022-03-27|
1103|89|54|71|2022-03-27|2022-03-28
1105|92|43|62|2022-03-27|2022-03-31
1117|115|56|63|2022-03-27|
490|12|20|66|2022-03-03|2022-03-30
700|7|44|56|2022-03-13|2022-04-02
1124|1|45|72|2022-03-28|
1134|29|4|41|2022-03-28|2022-03-29
1172|101|59|66|2022-03-28|
858|18|57|63|2022-03-20|
257|32|31|49|2022-02-19|2022-03-09
674|76|32|61|2022-03-11|2022-03-18
1189|23|48|70|2022-03-29|
1219|84|58|15|2022-03-29|2022-04-01
1221|87|10|56|2022-03-29|
1224|97|61|56|2022-03-29|
1168|93|39|59|2022-03-28|
1179|116|16|32|2022-03-28|2022-03-29
419|55|9|72|2022-02-27|2022-03-18
393|37|7|60|2022-02-26|2022-03-28
579|51|17|45|2022-03-07|2022-03-29
956|77|20|69|2022-03-24|2022-03-30
176|17|17|61|2022-02-15|2022-03-29
982|15|48|15|2022-03-25|2022-03-25
480|36|5|67|2022-03-02|2022-03-05
811|82|46|61|2022-03-17|2022-03-27
1218|83|10|74|2022-03-29|
1250|51|63|70|2022-03-30|
1270|97|33|62|2022-03-30|
1271|99|52|64|2022-03-30|
1277|118|58|32|2022-03-30|
1280|124|75|49|2022-03-30|
1299|39|39|63|2022-03-31|2022-03-31
1303|53|72|69|2022-03-31|2022-04-02
1325|105|51|72|2022-03-31|
1328|124|45|49|2022-03-31|
1334|10|36|72|2022-04-01|
1370|105|64|73|2022-04-01|
1371|107|72|69|2022-04-01|
1385|12|33|41|2022-04-02|
1387|17|43|59|2022-04-02|2022-04-02
1399|48|13|60|2022-04-02|2022-04-02
570|8|13|31|2022-03-07|2022-04-03
727|85|45|27|2022-03-13|2022-04-03
911|30|42|15|2022-03-23|2022-04-03
922|71|36|41|2022-03-23|2022-04-03
931|2|55|61|2022-03-24|2022-04-03
958|80|26|72|2022-03-24|2022-04-03
1000|63|57|66|2022-03-25|2022-04-03
1038|47|55|77|2022-03-26|2022-04-03
1098|81|46|32|2022-03-27|2022-04-03
1153|63|67|41|2022-03-28|2022-04-03
1225|98|48|45|2022-03-29|2022-04-03
1285|2|43|60|2022-03-31|2022-04-03
1320|87|20|31|2022-03-31|2022-04-03
1336|19|48|56|2022-04-01|2022-04-03
1361|87|33|71|2022-04-01|2022-04-03
1363|91|73|59|2022-04-01|2022-04-03
1373|110|30|69|2022-04-01|2022-04-03
1389|22|62|75|2022-04-02|2022-04-03
1396|43|52|71|2022-04-02|2022-04-03
1403|57|48|61|2022-04-02|2022-04-03
1407|64|33|59|2022-04-02|2022-04-03
1408|65|45|64|2022-04-02|2022-04-03
1415|85|62|66|2022-04-02|2022-04-03
1431|120|22|77|2022-04-02|2022-04-03
741|34|39|71|2022-03-14|2022-03-24
744|59|13|69|2022-03-14|
754|2|21|70|2022-03-15|
769|80|17|70|2022-03-15|2022-03-29
771|82|42|74|2022-03-15|2022-03-25
776|11|13|60|2022-03-16|
786|64|41|71|2022-03-16|2022-03-26
705|29|38|15|2022-03-13|2022-03-13
818|4|36|60|2022-03-18|2022-03-26
11|8|2|67|2022-02-03|2022-03-31
461|48|36|73|2022-03-01|2022-03-01
500|60|2|61|2022-03-03|2022-03-31
377|54|3|60|2022-02-25|2022-02-27
611|72|38|62|2022-03-08|2022-03-31
785|62|41|72|2022-03-16|2022-03-26
44|8|8|60|2022-02-07|2022-03-04
354|34|25|41|2022-02-24|2022-03-11
833|74|13|62|2022-03-18|2022-03-29
251|20|28|45|2022-02-19|2022-02-25
203|28|4|64|2022-02-16|2022-02-26
516|42|8|41|2022-03-04|2022-03-04
434|31|25|15|2022-02-28|2022-03-11
725|74|27|64|2022-03-13|2022-04-02
379|56|34|62|2022-02-25|2022-03-07
893|15|40|71|2022-03-22|2022-04-02
894|18|33|63|2022-03-22|2022-03-29
897|24|7|59|2022-03-22|2022-03-28
947|43|42|61|2022-03-24|2022-03-26
964|97|48|59|2022-03-24|2022-03-30
969|103|23|66|2022-03-24|2022-03-30
587|68|14|69|2022-03-07|2022-03-20
629|2|30|66|2022-03-10|2022-03-10
328|16|9|32|2022-02-23|2022-03-18
374|45|5|75|2022-02-25|2022-03-05
615|6|24|32|2022-03-09|2022-03-13
784|52|35|63|2022-03-16|2022-03-21
861|42|10|63|2022-03-20|2022-03-27
116|12|8|64|2022-02-12|2022-03-04
465|64|30|70|2022-03-01|2022-03-06
440|48|32|61|2022-02-28|2022-03-18
494|22|32|61|2022-03-03|2022-03-18
171|7|14|72|2022-02-15|2022-03-20
875|29|7|77|2022-03-21|2022-03-28
751|84|20|32|2022-03-14|2022-03-30
921|67|34|76|2022-03-23|2022-04-02
952|60|46|72|2022-03-24|2022-03-28
927|102|9|63|2022-03-23|2022-03-26
1029|23|10|77|2022-03-26|2022-03-27
513|28|28|32|2022-03-04|2022-03-17
590|74|5|66|2022-03-07|2022-03-14
315|24|16|66|2022-02-22|2022-03-10
570|8|13|59|2022-03-07|2022-04-03
135|6|2|72|2022-02-13|2022-03-31
680|15|17|73|2022-03-12|2022-03-29
967|100|45|64|2022-03-24|
1041|54|69|69|2022-03-26|
605|37|29|63|2022-03-08|2022-03-13
20|1|5|60|2022-02-05|2022-03-05
531|36|26|45|2022-03-05|2022-03-15
284|9|21|66|2022-02-21|2022-03-15
1139|36|27|59|2022-03-28|2022-04-02
1140|38|46|64|2022-03-28|
1152|60|49|41|2022-03-28|2022-04-01
70|13|16|38|2022-02-09|2022-03-10
499|57|28|76|2022-03-03|2022-03-17
644|77|8|74|2022-03-10|
779|32|46|75|2022-03-16|
296|28|5|76|2022-02-21|2022-03-05
1049|74|62|41|2022-03-26|
385|5|34|15|2022-02-26|2022-03-21
1239|24|27|41|2022-03-30|2022-04-02
1274|112|55|74|2022-03-30|
1276|117|16|41|2022-03-30|
1283|128|34|76|2022-03-30|
1293|30|55|61|2022-03-31|
1320|87|20|38|2022-03-31|2022-04-03
1384|11|76|38|2022-04-02|
1101|85|9|78|2022-03-27|
1466|71|55|71|2022-04-03|
1473|89|78|75|2022-04-03|
1485|136|72|60|2022-04-03|
31|4|1|67|2022-02-06|2022-03-11
184|33|20|15|2022-02-15|2022-03-30
365|10|14|74|2022-02-25|2022-03-20
1111|102|50|59|2022-03-27|
330|23|25|32|2022-02-23|2022-03-11
993|45|29|75|2022-03-25|
370|29|9|77|2022-02-25|2022-03-18
905|101|49|73|2022-03-22|2022-04-01
1258|68|2|70|2022-03-30|2022-03-31
1272|102|10|63|2022-03-30|
1286|3|72|38|2022-03-31|
1296|36|42|73|2022-03-31|
1304|55|77|77|2022-03-31|
1310|72|51|76|2022-03-31|
1314|77|29|70|2022-03-31|
1316|80|13|66|2022-03-31|
1322|97|66|60|2022-03-31|2022-04-01
1349|54|66|63|2022-04-01|
1374|119|75|70|2022-04-01|
1376|123|62|76|2022-04-01|
1377|124|33|70|2022-04-01|
1105|92|43|76|2022-03-27|2022-03-31
1270|97|33|15|2022-03-30|
1440|8|77|72|2022-04-03|
1454|38|56|71|2022-04-03|
1476|100|17|60|2022-04-03|
611|72|38|74|2022-03-08|2022-03-31
833|74|13|38|2022-03-18|2022-03-29
379|56|34|77|2022-02-25|2022-03-07
67|10|21|45|2022-02-09|2022-04-04
80|10|21|59|2022-02-10|2022-04-04
102|16|21|66|2022-02-11|2022-04-04
104|18|21|41|2022-02-11|2022-04-04
128|25|21|66|2022-02-12|2022-04-04
151|6|21|66|2022-02-14|2022-04-04
165|29|21|32|2022-02-14|2022-04-04
189|9|21|32|2022-02-16|2022-04-04
201|25|21|66|2022-02-16|2022-04-04
215|18|21|61|2022-02-17|2022-04-04
273|33|21|15|2022-02-20|2022-04-04
284|9|21|66|2022-02-21|2022-04-04
305|44|21|32|2022-02-21|2022-04-04
384|2|21|66|2022-02-26|2022-04-04
401|2|21|38|2022-02-27|2022-04-04
489|10|21|15|2022-03-03|2022-04-04
492|19|21|32|2022-03-03|2022-04-04
493|20|21|38|2022-03-03|2022-04-04
496|31|21|32|2022-03-03|2022-04-04
528|19|21|9|2022-03-05|2022-04-04
543|79|21|15|2022-03-05|2022-04-04
613|75|21|78|2022-03-08|2022-04-04
660|38|21|15|2022-03-11|2022-04-04
754|2|21|70|2022-03-15|2022-04-04
775|100|21|45|2022-03-15|2022-04-04
902|66|21|78|2022-03-22|2022-04-04
957|79|21|38|2022-03-24|2022-04-04
962|93|21|63|2022-03-24|2022-04-04
1005|81|21|38|2022-03-25|2022-04-04
1014|99|21|38|2022-03-25|2022-04-04
1040|50|21|32|2022-03-26|2022-04-04
1042|55|21|41|2022-03-26|2022-04-04
1045|61|21|66|2022-03-26|2022-04-04
1079|30|21|38|2022-03-27|2022-04-04
1081|33|21|77|2022-03-27|2022-04-04
1109|99|21|38|2022-03-27|2022-04-04
1137|33|21|60|2022-03-28|2022-04-04
1177|108|21|41|2022-03-28|2022-04-04
1214|78|21|69|2022-03-29|2022-04-04
1287|13|21|69|2022-03-31|2022-04-04
1447|21|21|78|2022-04-03|2022-04-04
1478|111|21|78|2022-04-03|2022-04-04
1479|116|21|69|2022-04-03|2022-04-04
797|14|45|72|2022-03-17|2022-04-04
872|7|13|77|2022-03-21|2022-04-04
1019|2|32|66|2022-03-26|2022-04-04
1025|16|39|66|2022-03-26|2022-04-04
1054|82|35|61|2022-03-26|2022-04-04
1061|112|13|66|2022-03-26|2022-04-04
845|43|55|38|2022-03-19|2022-04-04
898|47|55|77|2022-03-22|2022-04-04
912|33|55|77|2022-03-23|2022-04-04
931|2|55|61|2022-03-24|2022-04-04
992|41|55|72|2022-03-25|2022-04-04
1038|47|55|77|2022-03-26|2022-04-04
1055|83|55|45|2022-03-26|2022-04-04
1093|61|55|66|2022-03-27|2022-04-04
1118|116|55|41|2022-03-27|2022-04-04
1274|112|55|74|2022-03-30|2022-04-04
1293|30|55|61|2022-03-31|2022-04-04
1392|32|55|73|2022-04-02|2022-04-04
1430|119|55|41|2022-04-02|2022-04-04
1466|71|55|71|2022-04-03|2022-04-04
1522|101|55|41|2022-04-04|2022-04-04
1094|63|66|38|2022-03-27|2022-04-04
1101|85|9|78|2022-03-27|2022-04-04
1188|21|43|77|2022-03-29|2022-04-04
1207|68|51|59|2022-03-29|2022-04-04
1218|83|10|74|2022-03-29|2022-04-04
1274|112|55|74|2022-03-30|2022-04-04
1318|84|12|60|2022-03-31|2022-04-04
1340|30|79|61|2022-04-01|2022-04-04
1353|65|52|73|2022-04-01|2022-04-04
1360|86|34|77|2022-04-01|2022-04-04
1365|94|34|32|2022-04-01|2022-04-04
1420|97|32|67|2022-04-02|2022-04-04
1440|8|77|72|2022-04-03|2022-04-04
862|56|30|61|2022-03-20|2022-04-05
881|69|16|15|2022-03-21|2022-04-05
882|71|34|32|2022-03-21|2022-04-05
918|56|64|38|2022-03-23|2022-04-05
946|42|66|45|2022-03-24|2022-04-05
1062|114|36|78|2022-03-26|2022-04-05
1068|2|39|69|2022-03-27|2022-04-05
1111|102|50|59|2022-03-27|2022-04-05
1172|101|59|66|2022-03-28|2022-04-05
1200|51|22|61|2022-03-29|2022-04-05
1212|76|12|66|2022-03-29|2022-04-05
1275|114|57|45|2022-03-30|2022-04-05
1276|117|16|41|2022-03-30|2022-04-05
1283|128|34|76|2022-03-30|2022-04-05
1291|25|46|72|2022-03-31|2022-04-05
1386|14|64|75|2022-04-02|2022-04-05
1410|72|81|71|2022-04-02|2022-04-05
1474|91|49|15|2022-04-03|2022-04-05
1492|15|63|66|2022-04-04|2022-04-05
1518|90|22|38|2022-04-04|2022-04-05
1563|45|69|66|2022-04-05|2022-04-05
1594|141|50|83|2022-04-05|2022-04-05
1517|88|83|78|2022-04-04|2022-04-06
1552|26|33|69|2022-04-05|
1565|51|33|69|2022-04-05|
1594|141|50|70|2022-04-05|2022-04-05
876|40|54|41|2022-03-21|2022-04-06
1144|48|13|72|2022-03-28|2022-04-06
1205|61|16|77|2022-03-29|2022-04-06
1206|62|56|59|2022-03-29|2022-04-06
850|70|52|61|2022-03-19|2022-04-06
904|89|52|61|2022-03-22|2022-04-06
959|81|52|72|2022-03-24|2022-04-06
1035|42|52|77|2022-03-26|2022-04-06
1120|119|52|61|2022-03-27|2022-04-06
1193|30|52|32|2022-03-29|2022-04-06
1210|73|52|61|2022-03-29|2022-04-06
1213|77|52|66|2022-03-29|2022-04-06
1271|99|52|64|2022-03-30|2022-04-06
1297|37|52|66|2022-03-31|2022-04-06
1353|65|52|73|2022-04-01|2022-04-06
1396|43|52|71|2022-04-02|2022-04-06
1596|2|52|82|2022-04-06|2022-04-06
1246|40|46|41|2022-03-30|2022-04-06
1259|69|32|77|2022-03-30|2022-04-06
876|40|54|41|2022-03-21|2022-04-06
934|8|54|59|2022-03-24|2022-04-06
1103|89|54|71|2022-03-27|2022-04-06
1138|35|54|60|2022-03-28|2022-04-06
1146|51|54|45|2022-03-28|2022-04-06
1154|64|54|78|2022-03-28|2022-04-06
1159|77|54|59|2022-03-28|2022-04-06
1164|89|54|15|2022-03-28|2022-04-06
1231|119|54|60|2022-03-29|2022-04-06
1236|12|54|78|2022-03-30|2022-04-06
1288|15|54|72|2022-03-31|2022-04-06
1331|2|54|61|2022-04-01|2022-04-06
1422|100|54|71|2022-04-02|2022-04-06
1613|59|54|74|2022-04-06|2022-04-06
1615|63|54|71|2022-04-06|2022-04-06
1337|22|51|59|2022-04-01|2022-04-06
1339|27|22|67|2022-04-01|2022-04-06
1362|90|10|45|2022-04-01|2022-04-06
1366|95|66|45|2022-04-01|2022-04-06
1388|20|63|67|2022-04-02|2022-04-06
1411|73|71|15|2022-04-02|2022-04-06
1416|92|68|75|2022-04-02|2022-04-06
1435|134|33|61|2022-04-02|2022-04-06
1456|43|58|72|2022-04-03|2022-04-06
1465|70|42|66|2022-04-03|2022-04-06
1480|117|59|61|2022-04-03|2022-04-06
1496|24|49|78|2022-04-04|2022-04-06
1528|118|27|64|2022-04-04|2022-04-06
1535|130|75|74|2022-04-04|2022-04-06
1577|85|2|77|2022-04-05|2022-04-06
1618|66|12|61|2022-04-06|2022-04-06
936|17|66|72|2022-03-24|2022-04-07
946|42|66|45|2022-03-24|2022-04-07
977|118|66|66|2022-03-24|2022-04-07
980|7|66|59|2022-03-25|2022-04-07
1082|35|66|59|2022-03-27|2022-04-07
1092|60|66|77|2022-03-27|2022-04-07
1094|63|66|38|2022-03-27|2022-04-07
1255|61|66|67|2022-03-30|2022-04-07
1322|97|66|60|2022-03-31|2022-04-07
1323|99|66|60|2022-03-31|2022-04-07
1349|54|66|63|2022-04-01|2022-04-07
1366|95|66|45|2022-04-01|2022-04-07
1490|12|66|80|2022-04-04|2022-04-07
1495|23|66|75|2022-04-04|2022-04-07
1557|35|66|63|2022-04-05|2022-04-07
1281|125|74|41|2022-03-30|2022-04-07
1338|23|74|64|2022-04-01|2022-04-07
1417|93|74|77|2022-04-02|2022-04-07
1451|27|74|71|2022-04-03|2022-04-07
1484|130|74|60|2022-04-03|2022-04-07
1550|11|74|63|2022-04-05|2022-04-07
1581|102|74|67|2022-04-05|2022-04-07
1611|57|74|70|2022-04-06|2022-04-07
168|2|4|76|2022-02-15|2022-02-26
178|24|3|45|2022-02-15|2022-02-27
181|27|16|66|2022-02-15|2022-03-10
189|9|21|80|2022-02-16|2022-04-04
199|22|8|38|2022-02-16|2022-03-04
207|33|9|80|2022-02-16|2022-03-18
56|11|7|67|2022-02-08|2022-02-15
60|3|2|64|2022-02-09|2022-03-31
55|10|15|41|2022-02-08|2022-02-21
68|11|19|59|2022-02-09|2022-02-25
91|3|10|63|2022-02-11|2022-03-27
129|26|5|69|2022-02-12|2022-03-05
146|23|17|76|2022-02-13|2022-03-29
153|9|20|66|2022-02-14|2022-03-30
165|29|21|59|2022-02-14|2022-04-04
175|15|8|59|2022-02-15|2022-03-04
185|35|15|69|2022-02-15|2022-02-21
188|6|4|78|2022-02-16|2022-02-26
211|13|20|45|2022-02-17|2022-03-30
216|19|24|74|2022-02-17|2022-03-13
222|26|28|67|2022-02-17|2022-02-25
236|23|17|82|2022-02-18|2022-03-29
239|29|27|82|2022-02-18|2022-04-02
242|34|1|79|2022-02-18|2022-03-11
243|4|28|82|2022-02-19|2022-02-25
244|7|30|69|2022-02-19|2022-03-06
247|13|27|81|2022-02-19|2022-04-02
254|29|8|72|2022-02-19|2022-03-04
256|31|17|63|2022-02-19|2022-03-29
260|3|10|70|2022-02-20|2022-03-27
263|8|9|41|2022-02-20|2022-03-18
266|16|8|81|2022-02-20|2022-03-04
271|26|26|66|2022-02-20|2022-03-15
272|30|28|45|2022-02-20|2022-02-25
274|34|3|75|2022-02-20|2022-02-27
277|37|13|79|2022-02-20|2022-02-20
278|39|10|38|2022-02-20|2022-03-27
281|4|26|61|2022-02-21|2022-03-15
283|7|2|80|2022-02-21|2022-03-31
300|36|16|75|2022-02-21|2022-03-10
305|44|21|38|2022-02-21|2022-04-04
308|8|14|66|2022-02-22|2022-03-20
312|17|7|75|2022-02-22|2022-03-28
319|40|9|74|2022-02-22|2022-03-18
331|25|20|64|2022-02-23|2022-03-30
334|29|14|78|2022-02-23|2022-03-20
337|39|6|72|2022-02-23|2022-03-10
347|12|8|38|2022-02-24|2022-03-04
362|2|23|63|2022-02-25|2022-03-30
372|41|27|67|2022-02-25|2022-04-02
381|59|20|59|2022-02-25|2022-03-30
388|18|27|75|2022-02-26|2022-04-02
408|21|34|59|2022-02-27|2022-02-27
413|41|25|77|2022-02-27|2022-03-11
3|3|3|71|2022-02-02|2022-02-27
22|3|12|82|2022-02-05|2022-03-23
24|5|11|78|2022-02-05|2022-02-06
42|6|18|79|2022-02-07|2022-02-11
58|1|16|38|2022-02-09|2022-03-10
73|3|18|41|2022-02-10|2022-02-11
88|18|2|15|2022-02-10|2022-03-31
109|3|22|61|2022-02-12|2022-03-04
136|7|23|41|2022-02-13|2022-03-30
162|25|10|73|2022-02-14|2022-03-27
191|11|7|59|2022-02-16|2022-03-28
225|30|22|71|2022-02-17|2022-03-04
238|26|20|38|2022-02-18|2022-03-30
245|9|29|70|2022-02-19|2022-03-13
258|33|26|69|2022-02-19|2022-03-15
406|15|12|81|2022-02-27|2022-03-23
183|30|17|79|2022-02-15|2022-03-29
231|8|22|76|2022-02-18|2022-03-04
423|7|10|80|2022-02-28|2022-03-27
426|10|24|63|2022-02-28|2022-03-13
430|25|28|66|2022-02-28|2022-03-17
445|68|36|59|2022-02-28|2022-03-05
467|67|24|64|2022-03-01|2022-03-13
469|11|35|59|2022-03-02|2022-03-12
483|58|16|38|2022-03-02|2022-03-10
492|19|21|79|2022-03-03|2022-04-04
495|25|20|82|2022-03-03|2022-03-30
386|15|33|74|2022-02-26|2022-03-18
311|16|13|41|2022-02-22|2022-02-28
422|6|9|60|2022-02-28|2022-03-18
371|32|10|78|2022-02-25|2022-03-27
82|12|15|15|2022-02-10|2022-02-21
173|9|7|59|2022-02-15|2022-02-15
180|26|3|45|2022-02-15|2022-02-27
113|8|3|69|2022-02-12|2022-02-27
118|14|22|71|2022-02-12|2022-03-04
428|17|25|60|2022-02-28|2022-03-11
550|25|8|75|2022-03-06|2022-03-10
560|61|13|73|2022-03-06|2022-03-11
565|73|32|61|2022-03-06|2022-03-18
566|76|9|79|2022-03-06|2022-03-18
569|3|16|41|2022-03-07|2022-03-10
573|24|14|60|2022-03-07|2022-03-20
575|31|8|59|2022-03-07|2022-03-14
599|18|35|78|2022-03-08|2022-03-12
290|20|20|82|2022-02-21|2022-03-30
321|46|13|41|2022-02-22|2022-02-28
342|53|9|63|2022-02-23|2022-03-18
349|15|3|15|2022-02-24|2022-02-27
628|88|6|74|2022-03-09|2022-03-10
5|2|8|38|2022-02-03|2022-03-04
230|5|17|77|2022-02-18|2022-03-29
280|3|30|63|2022-02-21|2022-03-06
288|18|17|70|2022-02-21|2022-03-29
417|52|10|80|2022-02-27|2022-03-27
424|8|31|59|2022-02-28|2022-03-09
418|53|30|64|2022-02-27|2022-03-06
630|3|38|71|2022-03-10|2022-03-26
653|18|13|67|2022-03-11|2022-03-26
21|2|7|45|2022-02-05|2022-02-15
78|8|5|76|2022-02-10|2022-03-05
100|14|13|67|2022-02-11|2022-03-10
103|17|22|77|2022-02-11|2022-03-04
120|16|14|82|2022-02-12|2022-03-20
167|33|6|69|2022-02-14|2022-03-10
15|4|7|41|2022-02-04|2022-02-15
223|28|24|73|2022-02-17|2022-03-13
275|35|6|70|2022-02-20|2022-03-10
335|34|22|74|2022-02-23|2022-03-04
340|48|31|70|2022-02-23|2022-03-09
382|64|27|74|2022-02-25|2022-04-02
612|73|20|80|2022-03-08|2022-03-30
576|35|33|82|2022-03-07|2022-03-18
633|18|9|63|2022-03-10|2022-03-18
675|80|22|60|2022-03-11|
10|7|8|77|2022-02-03|2022-03-04
326|11|34|61|2022-02-23|2022-03-01
206|32|24|69|2022-02-16|2022-03-13
463|57|4|67|2022-03-01|2022-03-29
663|48|41|73|2022-03-11|2022-03-26
363|4|33|73|2022-02-25|2022-03-18
541|72|29|66|2022-03-05|2022-03-13
685|27|10|72|2022-03-12|2022-03-27
687|31|23|67|2022-03-12|2022-03-30
691|67|33|45|2022-03-12|2022-03-18
694|77|2|69|2022-03-12|2022-03-31
734|9|44|41|2022-03-14|2022-04-02
736|17|38|45|2022-03-14|2022-03-31
803|42|44|81|2022-03-17|2022-04-02
812|84|50|71|2022-03-17|
34|7|8|78|2022-02-06|2022-03-04
95|8|5|79|2022-02-11|2022-03-05
46|1|4|59|2022-02-08|2022-02-26
540|71|36|82|2022-03-05|
7|4|5|15|2022-02-03|2022-03-05
114|9|22|77|2022-02-12|2022-03-04
817|2|35|41|2022-03-18|2022-03-27
828|49|13|64|2022-03-18|2022-03-31
14|3|8|63|2022-02-04|2022-03-04
261|5|8|15|2022-02-20|2022-03-04
213|15|10|78|2022-02-17|2022-03-27
853|86|38|82|2022-03-19|2022-03-24
855|98|17|74|2022-03-19|2022-03-29
869|100|9|72|2022-03-20|2022-03-21
631|6|5|77|2022-03-10|2022-03-14
226|32|5|73|2022-02-17|2022-03-05
233|18|7|79|2022-02-18|2022-03-28
2|2|12|80|2022-02-02|2022-03-23
878|49|51|79|2022-03-21|2022-03-29
880|63|14|73|2022-03-21|2022-03-29
882|71|34|45|2022-03-21|2022-04-05
883|72|42|15|2022-03-21|
398|61|26|80|2022-02-26|2022-03-15
655|22|22|71|2022-03-11|2022-03-27
160|22|20|71|2022-02-14|2022-03-30
719|53|27|41|2022-03-13|2022-04-02
825|35|41|75|2022-03-18|2022-03-26
887|6|7|73|2022-03-22|2022-03-28
888|8|9|76|2022-03-22|
891|13|36|72|2022-03-22|2022-03-24
916|51|43|60|2022-03-23|2022-03-31
929|111|39|66|2022-03-23|2022-03-24
640|60|14|59|2022-03-10|2022-03-20
468|4|8|15|2022-03-02|2022-03-04
127|24|23|66|2022-02-12|2022-03-30
496|31|21|64|2022-03-03|2022-04-04
552|32|7|41|2022-03-06|2022-03-28
429|24|25|77|2022-02-28|2022-03-11
714|43|39|38|2022-03-13|2022-03-24
762|54|4|74|2022-03-15|2022-03-29
877|42|33|78|2022-03-21|2022-03-29
619|32|27|76|2022-03-09|2022-04-02
798|20|51|61|2022-03-17|2022-03-23
131|2|2|66|2022-02-13|2022-03-31
985|21|65|74|2022-03-25|2022-03-28
1007|84|57|81|2022-03-25|2022-04-02
1013|98|32|71|2022-03-25|2022-03-26
1020|3|56|76|2022-03-26|
1040|50|21|67|2022-03-26|2022-04-04
1051|78|49|77|2022-03-26|2022-04-01
662|45|35|73|2022-03-11|2022-03-12
159|18|10|38|2022-02-14|2022-03-27
923|72|49|59|2022-03-23|2022-04-01
984|17|68|71|2022-03-25|
1090|53|13|75|2022-03-27|
1098|81|46|77|2022-03-27|2022-04-03
1107|94|69|81|2022-03-27|2022-03-27
1115|110|46|66|2022-03-27|2022-04-01
1121|120|20|72|2022-03-27|2022-03-30
341|52|26|79|2022-02-23|2022-03-15
600|19|23|73|2022-03-08|2022-03-30
237|25|28|82|2022-02-18|2022-02-25
987|25|46|74|2022-03-25|2022-03-27
1135|30|38|60|2022-03-28|
4|1|12|74|2022-02-03|2022-03-23
839|16|37|15|2022-03-19|2022-04-02
710|37|13|60|2022-03-13|
596|10|8|64|2022-03-08|2022-03-27
1192|29|69|72|2022-03-29|2022-03-29
1193|30|52|60|2022-03-29|2022-04-06
1197|41|72|41|2022-03-29|
368|21|5|61|2022-02-25|2022-03-05
830|58|20|69|2022-03-18|2022-03-30
1343|36|51|63|2022-04-01|
1359|83|28|69|2022-04-01|2022-04-02
1365|94|34|71|2022-04-01|2022-04-04
1380|132|26|69|2022-04-01|
1400|49|76|71|2022-04-02|
1426|107|79|77|2022-04-02|
1179|116|16|72|2022-03-28|2022-03-29
1277|118|58|78|2022-03-30|
328|16|9|38|2022-02-23|2022-03-18
615|6|24|80|2022-03-09|2022-03-13
751|84|20|82|2022-03-14|2022-03-30
513|28|28|81|2022-03-04|2022-03-17
330|23|25|69|2022-02-23|2022-03-11
1487|4|37|79|2022-04-04|
1497|26|13|82|2022-04-04|
1529|119|29|41|2022-04-04|
1590|121|36|76|2022-04-05|
1593|139|80|70|2022-04-05|
28|1|13|66|2022-02-06|2022-04-07
41|5|13|77|2022-02-07|2022-04-07
52|7|13|66|2022-02-08|2022-04-07
54|9|13|66|2022-02-08|2022-04-07
100|14|13|67|2022-02-11|2022-04-07
144|21|13|72|2022-02-13|2022-04-07
152|7|13|61|2022-02-14|2022-04-07
204|29|13|41|2022-02-16|2022-04-07
212|14|13|59|2022-02-17|2022-04-07
277|37|13|79|2022-02-20|2022-04-07
311|16|13|41|2022-02-22|2022-04-07
321|46|13|41|2022-02-22|2022-04-07
433|30|13|61|2022-02-28|2022-04-07
522|66|13|85|2022-03-04|2022-04-07
560|61|13|73|2022-03-06|2022-04-07
564|71|13|15|2022-03-06|2022-04-07
567|80|13|66|2022-03-06|2022-04-07
570|8|13|59|2022-03-07|2022-04-07
653|18|13|67|2022-03-11|2022-04-07
666|52|13|77|2022-03-11|2022-04-07
676|82|13|9|2022-03-11|2022-04-07
686|30|13|61|2022-03-12|2022-04-07
707|33|13|85|2022-03-13|2022-04-07
710|37|13|60|2022-03-13|2022-04-07
726|77|13|59|2022-03-13|2022-04-07
744|59|13|85|2022-03-14|2022-04-07
768|77|13|61|2022-03-15|2022-04-07
776|11|13|60|2022-03-16|2022-04-07
777|17|13|60|2022-03-16|2022-04-07
828|49|13|64|2022-03-18|2022-04-07
833|74|13|38|2022-03-18|2022-04-07
872|7|13|77|2022-03-21|2022-04-07
986|23|13|45|2022-03-25|2022-04-07
1061|112|13|66|2022-03-26|2022-04-07
1064|119|13|61|2022-03-26|2022-04-07
1090|53|13|75|2022-03-27|2022-04-07
1144|48|13|72|2022-03-28|2022-04-07
1182|126|13|45|2022-03-28|2022-04-07
1265|90|13|64|2022-03-30|2022-04-07
1316|80|13|66|2022-03-31|2022-04-07
1329|126|13|41|2022-03-31|2022-04-07
1367|96|13|72|2022-04-01|2022-04-07
1399|48|13|60|2022-04-02|2022-04-07
1414|83|13|74|2022-04-02|2022-04-07
1445|16|13|76|2022-04-03|2022-04-07
1497|26|13|82|2022-04-04|2022-04-07
1513|74|13|85|2022-04-04|2022-04-07
1673|94|13|66|2022-04-07|2022-04-07
1674|95|13|63|2022-04-07|2022-04-07
764|63|43|72|2022-03-15|2022-04-07
874|22|32|66|2022-03-21|2022-04-07
885|115|14|66|2022-03-21|2022-04-07
935|11|14|72|2022-03-24|2022-04-07
798|20|51|61|2022-03-17|2022-04-07
831|63|51|66|2022-03-18|2022-04-07
878|49|51|79|2022-03-21|2022-04-07
892|14|51|59|2022-03-22|2022-04-07
966|99|51|38|2022-03-24|2022-04-07
974|114|51|64|2022-03-24|2022-04-07
1058|104|51|59|2022-03-26|2022-04-07
1160|80|51|38|2022-03-28|2022-04-07
1207|68|51|59|2022-03-29|2022-04-07
1290|20|51|38|2022-03-31|2022-04-07
1310|72|51|76|2022-03-31|2022-04-07
1325|105|51|72|2022-03-31|2022-04-07
1337|22|51|59|2022-04-01|2022-04-07
1343|36|51|63|2022-04-01|2022-04-07
1436|138|51|73|2022-04-02|2022-04-07
1483|123|51|64|2022-04-03|2022-04-07
1600|14|51|77|2022-04-06|2022-04-07
996|51|68|66|2022-03-25|2022-04-07
997|55|29|72|2022-03-25|2022-04-07
1064|119|13|61|2022-03-26|2022-04-07
1084|40|67|77|2022-03-27|2022-04-07
1099|82|29|66|2022-03-27|2022-04-07
1114|109|35|61|2022-03-27|2022-04-07
1124|1|45|72|2022-03-28|2022-04-07
550|25|8|75|2022-03-06|2022-04-07
555|42|8|85|2022-03-06|2022-04-07
556|48|8|72|2022-03-06|2022-04-07
575|31|8|59|2022-03-07|2022-04-07
582|59|8|61|2022-03-07|2022-04-07
583|60|8|66|2022-03-07|2022-04-07
596|10|8|64|2022-03-08|2022-04-07
644|77|8|74|2022-03-10|2022-04-07
670|58|8|38|2022-03-11|2022-04-07
703|14|8|66|2022-03-13|2022-04-07
708|35|8|72|2022-03-13|2022-04-07
721|64|8|15|2022-03-13|2022-04-07
746|65|8|38|2022-03-14|2022-04-07
781|34|8|78|2022-03-16|2022-04-07
782|48|8|72|2022-03-16|2022-04-07
834|79|8|38|2022-03-18|2022-04-07
836|89|8|78|2022-03-18|2022-04-07
842|39|8|59|2022-03-19|2022-04-07
939|26|8|78|2022-03-24|2022-04-07
990|37|8|61|2022-03-25|2022-04-07
1044|59|8|38|2022-03-26|2022-04-07
1046|62|8|66|2022-03-26|2022-04-07
1052|79|8|38|2022-03-26|2022-04-07
1122|121|8|60|2022-03-27|2022-04-07
1171|100|8|60|2022-03-28|2022-04-07
1190|26|8|41|2022-03-29|2022-04-07
1211|75|8|64|2022-03-29|2022-04-07
1298|38|8|15|2022-03-31|2022-04-07
1307|68|8|15|2022-03-31|2022-04-07
1327|121|8|78|2022-03-31|2022-04-07
1346|42|8|64|2022-04-01|2022-04-07
1424|104|8|61|2022-04-02|2022-04-07
1604|26|8|72|2022-04-06|2022-04-07
1296|36|42|73|2022-03-31|2022-04-07
1316|80|13|66|2022-03-31|2022-04-07
1333|5|79|77|2022-04-01|2022-04-07
1382|2|26|67|2022-04-02|2022-04-07
1398|45|72|66|2022-04-02|2022-04-07
1405|60|43|63|2022-04-02|2022-04-07
1458|52|42|41|2022-04-03|2022-04-07
1485|136|72|60|2022-04-03|2022-04-07
1487|4|37|79|2022-04-04|2022-04-07
1527|116|35|74|2022-04-04|2022-04-07
1542|1|42|81|2022-04-05|2022-04-07
1589|118|57|73|2022-04-05|2022-04-07
1626|102|9|79|2022-04-06|2022-04-07
1643|131|50|85|2022-04-06|2022-04-07
1653|24|35|67|2022-04-07|2022-04-07
1678|102|14|59|2022-04-07|2022-04-07
1255|61|66|64|2022-03-30|2022-04-07
1262|85|17|78|2022-03-30|
1284|1|20|84|2022-03-31|
1306|63|75|45|2022-03-31|
1311|74|71|71|2022-03-31|
1313|76|43|45|2022-03-31|
1339|27|22|72|2022-04-01|2022-04-06
1372|108|73|76|2022-04-01|
1381|1|35|63|2022-04-02|
1382|2|26|85|2022-04-02|2022-04-07
1388|20|63|74|2022-04-02|2022-04-06
1406|61|40|80|2022-04-02|2022-04-02
1420|97|32|41|2022-04-02|2022-04-04
1432|126|40|72|2022-04-02|2022-04-02
480|36|5|15|2022-03-02|2022-03-05
11|8|2|85|2022-02-03|2022-03-31
31|4|1|45|2022-02-06|2022-03-11
1498|28|16|75|2022-04-04|
1524|111|45|61|2022-04-04|
1537|133|62|60|2022-04-04|
1576|82|43|85|2022-04-05|
1581|102|74|45|2022-04-05|2022-04-07
1595|144|49|64|2022-04-05|
1601|15|75|82|2022-04-06|
56|11|7|45|2022-02-08|2022-02-15
222|26|28|41|2022-02-17|2022-02-25
372|41|27|77|2022-02-25|2022-04-02
653|18|13|84|2022-03-11|2022-04-07
100|14|13|85|2022-02-11|2022-04-07
463|57|4|61|2022-03-01|2022-03-29
687|31|23|63|2022-03-12|2022-03-30
1040|50|21|66|2022-03-26|2022-04-04
1653|24|35|61|2022-04-07|2022-04-07
1684|113|43|75|2022-04-07|
858|18|57|63|2022-03-20|2022-04-08
871|6|47|66|2022-03-21|2022-04-08
883|72|42|15|2022-03-21|2022-04-08
942|33|61|41|2022-03-24|2022-04-08
963|96|16|38|2022-03-24|2022-04-08
994|47|64|41|2022-03-25|2022-04-08
886|3|56|78|2022-03-22|2022-04-08
1020|3|56|76|2022-03-26|2022-04-08
1089|51|56|45|2022-03-27|2022-04-08
1117|115|56|63|2022-03-27|2022-04-08
1142|44|56|72|2022-03-28|2022-04-08
1206|62|56|59|2022-03-29|2022-04-08
1295|33|56|85|2022-03-31|2022-04-08
1391|30|56|66|2022-04-02|2022-04-08
1413|80|56|45|2022-04-02|2022-04-08
1454|38|56|71|2022-04-03|2022-04-08
1616|64|56|63|2022-04-06|2022-04-08
1640|127|56|70|2022-04-06|2022-04-08
1682|109|56|38|2022-04-07|2022-04-08
1049|74|62|41|2022-03-26|2022-04-08
1088|49|61|77|2022-03-27|2022-04-08
1116|112|39|60|2022-03-27|2022-04-08
1306|63|75|45|2022-03-31|2022-04-08
1314|77|29|70|2022-03-31|2022-04-08
1380|132|26|85|2022-04-01|2022-04-08
1446|19|67|60|2022-04-03|2022-04-08
1461|63|75|15|2022-04-03|2022-04-08
1526|115|79|38|2022-04-04|2022-04-08
1558|36|50|75|2022-04-05|2022-04-08
1570|66|82|71|2022-04-05|2022-04-08
1584|108|29|66|2022-04-05|2022-04-08
1591|128|77|75|2022-04-05|2022-04-08
1612|58|39|60|2022-04-06|2022-04-08
1637|122|35|41|2022-04-06|2022-04-08
1641|129|80|15|2022-04-06|2022-04-08
1658|41|73|81|2022-04-07|2022-04-08
1664|69|45|15|2022-04-07|2022-04-08
1706|26|88|66|2022-04-08|2022-04-08
1707|29|40|77|2022-04-08|2022-04-08
1722|69|86|70|2022-04-08|2022-04-08
1727|86|85|61|2022-04-08|2022-04-08
1739|122|76|81|2022-04-08|2022-04-08
1269|96|70|64|2022-03-30|2022-04-09
1342|35|70|78|2022-04-01|2022-04-09
1428|114|70|71|2022-04-02|2022-04-09
1438|6|70|85|2022-04-03|2022-04-09
1540|138|70|74|2022-04-04|2022-04-09
1588|116|70|82|2022-04-05|2022-04-09
1657|38|70|71|2022-04-07|2022-04-09
1677|99|70|38|2022-04-07|2022-04-09
1743|128|70|66|2022-04-08|2022-04-09
403|9|17|82|2022-02-27|2022-03-29
407|18|35|61|2022-02-27|2022-03-12
414|42|25|38|2022-02-27|2022-03-11
421|60|4|75|2022-02-27|2022-03-29
16|5|1|74|2022-02-04|2022-03-11
48|3|14|63|2022-02-08|2022-03-20
49|4|14|82|2022-02-08|2022-03-20
85|15|12|78|2022-02-10|2022-03-23
53|8|6|64|2022-02-08|2022-03-10
111|6|8|63|2022-02-12|2022-03-04
169|3|3|71|2022-02-15|2022-02-27
12|1|1|85|2022-02-04|2022-03-11
157|15|16|59|2022-02-14|2022-03-10
158|16|8|87|2022-02-14|2022-03-04
214|16|12|80|2022-02-17|2022-03-23
235|22|6|75|2022-02-18|2022-03-10
241|33|6|66|2022-02-18|2022-03-10
273|33|21|71|2022-02-20|2022-04-04
291|21|31|73|2022-02-21|2022-03-09
353|31|23|85|2022-02-24|2022-03-30
9|6|4|78|2022-02-03|2022-02-26
228|3|30|71|2022-02-18|2022-03-06
427|13|22|81|2022-02-28|2022-03-04
443|63|4|80|2022-02-28|2022-03-29
444|64|28|75|2022-02-28|2022-03-17
450|16|17|71|2022-03-01|2022-03-29
477|33|14|77|2022-03-02|2022-03-20
482|52|22|80|2022-03-02|2022-03-04
484|66|2|59|2022-03-02|2022-03-31
487|3|31|77|2022-03-03|2022-03-09
489|10|21|82|2022-03-03|2022-04-04
498|55|23|86|2022-03-03|2022-03-30
503|70|34|85|2022-03-03|2022-03-10
269|21|17|41|2022-02-20|2022-03-29
302|38|28|79|2022-02-21|2022-02-25
64|7|2|81|2022-02-09|2022-03-31
458|40|4|76|2022-03-01|2022-03-29
464|61|14|86|2022-03-01|2022-03-20
373|44|4|78|2022-02-25|2022-02-26
141|16|4|74|2022-02-13|2022-02-26
39|3|18|75|2022-02-07|2022-02-11
383|1|35|60|2022-02-26|2022-03-12
505|7|32|73|2022-03-04|2022-03-18
527|18|20|38|2022-03-05|2022-03-30
533|41|20|63|2022-03-05|2022-03-30
548|11|35|78|2022-03-06|2022-03-12
557|49|26|84|2022-03-06|2022-03-15
592|3|5|85|2022-03-08|2022-03-14
610|69|28|81|2022-03-08|2022-03-17
298|31|16|78|2022-02-21|2022-03-10
416|48|33|64|2022-02-27|2022-03-18
355|43|24|73|2022-02-24|2022-03-13
591|84|1|60|2022-03-07|2022-03-11
645|80|23|38|2022-03-10|2022-03-30
186|1|5|59|2022-02-16|2022-03-05
196|18|1|84|2022-02-16|2022-03-11
179|25|14|75|2022-02-15|2022-03-20
221|25|3|76|2022-02-17|2022-02-27
389|22|31|70|2022-02-26|2022-03-09
410|32|2|81|2022-02-27|2022-03-31
297|30|23|64|2022-02-21|2022-03-30
543|79|21|87|2022-03-05|2022-04-04
551|28|29|71|2022-03-06|2022-03-13
651|16|22|63|2022-03-11|2022-03-14
32|5|10|86|2022-02-06|2022-03-27
40|4|8|61|2022-02-07|2022-03-04
107|24|19|76|2022-02-11|2022-02-25
110|5|12|63|2022-02-12|2022-03-23
112|7|6|84|2022-02-12|2022-03-10
143|19|8|75|2022-02-13|2022-03-04
147|24|16|85|2022-02-13|2022-03-10
148|28|19|87|2022-02-13|2022-02-25
193|14|12|75|2022-02-16|2022-03-23
86|16|20|73|2022-02-10|2022-03-30
264|12|19|41|2022-02-20|2022-02-25
268|19|27|82|2022-02-20|2022-04-02
202|27|3|70|2022-02-16|2022-02-27
476|32|24|60|2022-03-02|2022-03-13
369|23|29|78|2022-02-25|2022-03-13
392|28|25|84|2022-02-26|2022-03-11
65|8|5|86|2022-02-09|2022-03-05
470|16|7|71|2022-03-02|2022-03-28
558|52|4|60|2022-03-06|2022-03-29
639|57|20|76|2022-03-10|2022-03-30
696|84|23|84|2022-03-12|2022-03-30
718|51|26|64|2022-03-13|2022-03-15
721|64|8|84|2022-03-13|2022-04-07
743|42|20|86|2022-03-14|2022-03-30
748|68|9|75|2022-03-14|2022-03-18
778|29|27|59|2022-03-16|2022-04-02
788|69|44|86|2022-03-16|2022-04-02
472|22|22|78|2022-03-02|2022-03-04
161|23|7|77|2022-02-14|2022-02-15
431|26|10|59|2022-02-28|2022-03-27
652|17|9|63|2022-03-11|2022-03-18
534|43|29|64|2022-03-05|2022-03-13
810|75|50|60|2022-03-17|2022-03-22
572|17|28|66|2022-03-07|2022-03-17
829|50|49|81|2022-03-18|2022-04-01
402|8|31|70|2022-02-27|2022-03-09
83|13|7|38|2022-02-10|2022-02-15
252|21|25|79|2022-02-19|2022-03-11
132|3|20|80|2022-02-13|2022-03-30
90|1|22|70|2022-02-11|2022-03-04
447|12|29|84|2022-03-01|2022-03-13
609|66|12|72|2022-03-08|2022-03-23
642|69|5|72|2022-03-10|2022-03-14
81|11|10|79|2022-02-10|2022-03-27
537|60|2|86|2022-03-05|2022-03-31
679|6|14|61|2022-03-12|2022-03-20
790|80|20|38|2022-03-16|2022-03-30
93|6|1|77|2022-02-11|2022-03-11
728|86|7|60|2022-03-13|2022-03-28
841|33|42|41|2022-03-19|2022-03-21
879|53|20|70|2022-03-21|2022-03-30
881|69|16|86|2022-03-21|2022-04-05
595|8|32|85|2022-03-08|2022-03-18
671|59|39|66|2022-03-11|2022-03-24
50|5|3|79|2022-02-08|2022-02-27
660|38|21|41|2022-03-11|2022-04-04
903|76|30|71|2022-03-22|
911|30|42|41|2022-03-23|2022-04-03
919|57|61|66|2022-03-23|
965|98|65|66|2022-03-24|2022-03-28
594|7|6|79|2022-03-08|2022-03-10
33|6|1|71|2022-02-06|2022-03-11
604|33|34|61|2022-03-08|2022-03-30
332|26|25|84|2022-02-23|2022-03-11
895|19|46|71|2022-03-22|
900|60|34|76|2022-03-22|
906|102|20|74|2022-03-22|2022-03-30
276|36|26|73|2022-02-20|2022-03-15
535|44|2|76|2022-03-05|2022-03-31
564|71|13|72|2022-03-06|2022-04-07
507|13|26|64|2022-03-04|2022-03-15
955|75|35|86|2022-03-24|2022-04-01
999|62|16|78|2022-03-25|
1001|64|46|85|2022-03-25|
1004|79|36|64|2022-03-25|2022-03-25
1008|85|47|60|2022-03-25|
1015|101|38|76|2022-03-25|2022-03-27
1017|111|26|61|2022-03-25|
210|11|2|70|2022-02-17|2022-03-31
130|1|19|73|2022-02-13|2022-02-25
313|22|3|80|2022-02-22|2022-02-27
699|6|10|60|2022-03-13|2022-03-27
603|32|35|77|2022-03-08|2022-03-12
219|23|19|38|2022-02-17|2022-02-25
669|56|41|64|2022-03-11|2022-03-26
889|11|57|79|2022-03-22|
914|36|32|63|2022-03-23|
138|9|8|80|2022-02-13|2022-03-04
1065|120|28|45|2022-03-26|
208|7|7|85|2022-02-17|2022-03-28
156|14|4|85|2022-02-14|2022-02-26
1126|5|16|84|2022-03-28|
1164|89|54|74|2022-03-28|2022-04-06
255|30|25|84|2022-02-19|2022-03-11
1187|20|10|63|2022-03-29|
1196|36|2|77|2022-03-29|2022-03-31
37|1|12|73|2022-02-07|2022-03-23
530|29|33|64|2022-03-05|2022-03-18
195|17|9|74|2022-02-16|2022-03-18
182|28|23|86|2022-02-15|2022-03-30
932|4|43|45|2022-03-24|2022-03-30
1237|18|28|79|2022-03-30|
1279|122|73|70|2022-03-30|2022-03-31
1282|126|5|76|2022-03-30|2022-03-30
1298|38|8|77|2022-03-31|2022-04-07
1307|68|8|71|2022-03-31|2022-04-07
1319|86|49|85|2022-03-31|2022-04-01
1357|75|20|84|2022-04-01|
1411|73|71|79|2022-04-02|2022-04-06
1421|98|32|70|2022-04-02|
1425|105|58|73|2022-04-02|
1219|84|58|84|2022-03-29|2022-04-01
982|15|48|75|2022-03-25|2022-03-25
1461|63|75|70|2022-04-03|2022-04-08
1474|91|49|86|2022-04-03|2022-04-05
705|29|38|71|2022-03-13|2022-03-13
434|31|25|72|2022-02-28|2022-03-11
385|5|34|86|2022-02-26|2022-03-21
184|33|20|77|2022-02-15|2022-03-30
1270|97|33|77|2022-03-30|
1491|14|59|85|2022-04-04|
1519|91|42|70|2022-04-04|
1532|125|68|45|2022-04-04|
1546|6|10|82|2022-04-05|
1568|58|40|41|2022-04-05|
1641|129|80|78|2022-04-06|2022-04-08
88|18|2|66|2022-02-10|2022-03-31
82|12|15|75|2022-02-10|2022-02-21
349|15|3|87|2022-02-24|2022-02-27
7|4|5|71|2022-02-03|2022-03-05
261|5|8|84|2022-02-20|2022-03-04
883|72|42|76|2022-03-21|2022-04-08
468|4|8|45|2022-03-02|2022-03-04
839|16|37|59|2022-03-19|2022-04-02
1664|69|45|74|2022-04-07|2022-04-08
1670|86|90|82|2022-04-07|
480|36|5|60|2022-03-02|2022-03-05
1726|81|35|76|2022-04-08|
1731|97|21|64|2022-04-08|
1733|102|26|72|2022-04-08|
17|6|7|38|2022-02-04|2022-02-15
667|53|7|45|2022-03-11|2022-03-28
142|18|17|66|2022-02-13|2022-03-29
420|59|2|38|2022-02-27|2022-03-31
539|66|23|59|2022-03-05|2022-03-30
737|20|33|78|2022-03-14|2022-03-18
1129|12|62|15|2022-03-28|
1137|33|21|76|2022-03-28|2022-04-04
1141|41|27|78|2022-03-28|2022-04-02
1145|50|49|64|2022-03-28|2022-04-01
1166|91|33|82|2022-03-28|2022-03-29
1171|100|8|74|2022-03-28|2022-04-07
1174|103|36|85|2022-03-28|2022-03-28
777|17|13|87|2022-03-16|2022-04-07
59|2|4|73|2022-02-09|2022-02-26
706|30|41|41|2022-03-13|2022-03-26
259|2|8|75|2022-02-20|2022-03-04
1184|6|36|70|2022-03-29|
1185|9|44|78|2022-03-29|2022-04-02
1195|32|40|76|2022-03-29|2022-04-02
1231|119|54|71|2022-03-29|2022-04-06
1116|112|39|74|2022-03-27|2022-04-08
1138|35|54|77|2022-03-28|2022-04-06
757|18|34|82|2022-03-15|2022-04-02
1122|121|8|75|2022-03-27|2022-04-07
953|62|65|74|2022-03-24|2022-03-28
1257|67|22|78|2022-03-30|
1263|86|43|59|2022-03-30|2022-04-02
1285|2|43|15|2022-03-31|2022-04-03
1308|69|36|64|2022-03-31|
1318|84|12|85|2022-03-31|2022-04-04
1323|99|66|61|2022-03-31|2022-04-07
1344|38|27|74|2022-04-01|2022-04-02
1345|41|30|45|2022-04-01|
1401|50|81|78|2022-04-02|
1434|131|27|61|2022-04-02|2022-04-02
393|37|7|15|2022-02-26|2022-03-28
1399|48|13|78|2022-04-02|2022-04-07
1437|1|12|70|2022-04-03|
1446|19|67|82|2022-04-03|2022-04-08
1484|130|74|73|2022-04-03|2022-04-07
776|11|13|87|2022-03-16|2022-04-07
818|4|36|61|2022-03-18|2022-03-26
377|54|3|79|2022-02-25|2022-02-27
44|8|8|73|2022-02-07|2022-03-04
20|1|5|45|2022-02-05|2022-03-05
1485|136|72|80|2022-04-03|2022-04-07
1322|97|66|71|2022-03-31|2022-04-07
1476|100|17|73|2022-04-03|
1510|65|68|38|2022-04-04|
1555|33|77|38|2022-04-05|
1561|43|36|66|2022-04-05|
1585|109|33|74|2022-04-05|
1612|58|39|86|2022-04-06|2022-04-08
1645|137|40|75|2022-04-06|
422|6|9|75|2022-02-28|2022-03-18
428|17|25|87|2022-02-28|2022-03-11
573|24|14|59|2022-03-07|2022-03-20
675|80|22|38|2022-03-11|
916|51|43|64|2022-03-23|2022-03-31
1135|30|38|79|2022-03-28|
710|37|13|70|2022-03-13|2022-04-07
1193|30|52|76|2022-03-29|2022-04-06
1537|133|62|15|2022-04-04|
1745|134|79|70|2022-04-08|
383|1|35|80|2022-02-26|2022-03-12
591|84|1|38|2022-03-07|2022-03-11
476|32|24|81|2022-03-02|2022-03-13
558|52|4|70|2022-03-06|2022-03-29
810|75|50|70|2022-03-17|2022-03-22
728|86|7|78|2022-03-13|2022-03-28
1008|85|47|63|2022-03-25|
699|6|10|59|2022-03-13|2022-03-27
480|36|5|86|2022-03-02|2022-03-05
731|94|34|66|2022-03-13|2022-04-09
799|21|22|77|2022-03-17|2022-04-09
846|45|36|38|2022-03-19|2022-04-09
914|36|32|63|2022-03-23|2022-04-09
919|57|61|66|2022-03-23|2022-04-09
1140|38|46|64|2022-03-28|2022-04-09
1222|93|45|38|2022-03-29|2022-04-09
1251|53|29|72|2022-03-30|2022-04-09
1315|78|63|71|2022-03-31|2022-04-09
1357|75|20|84|2022-04-01|2022-04-09
1443|12|57|77|2022-04-03|2022-04-09
1460|56|27|63|2022-04-03|2022-04-09
1462|65|81|75|2022-04-03|2022-04-09
1482|122|73|61|2022-04-03|2022-04-09
1516|84|37|70|2022-04-04|2022-04-09
1560|42|46|73|2022-04-05|2022-04-09
1574|79|30|82|2022-04-05|2022-04-09
1588|116|70|82|2022-04-05|2022-04-09
1636|118|39|82|2022-04-06|2022-04-09
1644|133|17|89|2022-04-06|2022-04-09
1646|138|46|66|2022-04-06|2022-04-09
1666|76|63|45|2022-04-07|2022-04-09
1702|17|50|64|2022-04-08|2022-04-09
1713|39|85|70|2022-04-08|2022-04-09
1757|22|82|70|2022-04-09|2022-04-09
1770|61|2|87|2022-04-09|2022-04-09
1780|91|13|74|2022-04-09|2022-04-09
1414|83|13|82|2022-04-02|2022-04-07
1218|83|10|73|2022-03-29|2022-04-04
1467|72|69|88|2022-04-03|
771|82|42|61|2022-03-15|2022-03-25
644|77|8|59|2022-03-10|2022-04-07
1274|112|55|64|2022-03-30|2022-04-04
365|10|14|82|2022-02-25|2022-03-20
611|72|38|38|2022-03-08|2022-03-31
1488|8|10|75|2022-04-04|
1527|116|35|64|2022-04-04|2022-04-07
1535|130|75|77|2022-04-04|2022-04-06
1540|138|70|73|2022-04-04|2022-04-09
1587|114|60|81|2022-04-05|
1603|21|21|81|2022-04-06|
1613|59|54|59|2022-04-06|2022-04-06
216|19|24|64|2022-02-17|2022-03-13
319|40|9|76|2022-02-22|2022-03-18
386|15|33|76|2022-02-26|2022-03-18
628|88|6|81|2022-03-09|2022-03-10
335|34|22|84|2022-02-23|2022-03-04
382|64|27|80|2022-02-25|2022-04-02
855|98|17|80|2022-03-19|2022-03-29
762|54|4|81|2022-03-15|2022-03-29
985|21|65|76|2022-03-25|2022-03-28
987|25|46|70|2022-03-25|2022-03-27
4|1|12|45|2022-02-03|2022-03-23
1654|29|10|66|2022-04-07|
1656|34|91|88|2022-04-07|
1388|20|63|84|2022-04-02|2022-04-06
16|5|1|78|2022-02-04|2022-03-11
141|16|4|90|2022-02-13|2022-02-26
906|102|20|80|2022-03-22|2022-03-30
1164|89|54|76|2022-03-28|2022-04-06
195|17|9|70|2022-02-16|2022-03-18
1664|69|45|77|2022-04-07|2022-04-08
1171|100|8|87|2022-03-28|2022-04-07
1116|112|39|76|2022-03-27|2022-04-08
953|62|65|41|2022-03-24|2022-03-28
1344|38|27|86|2022-04-01|2022-04-02
1585|109|33|70|2022-04-05|
1758|25|58|82|2022-04-09|
1779|88|54|75|2022-04-09|
1780|91|13|77|2022-04-09|2022-04-09
912|33|55|70|2022-03-23|2022-04-04
945|40|2|90|2022-03-24|2022-03-31
954|64|20|70|2022-03-24|2022-03-30
41|5|13|64|2022-02-07|2022-04-07
577|43|12|89|2022-03-07|2022-03-23
647|88|5|82|2022-03-10|2022-03-14
8|5|4|45|2022-02-03|2022-02-26
441|57|27|82|2022-02-28|2022-04-02
898|47|55|72|2022-03-22|2022-04-04
554|41|25|63|2022-03-06|2022-03-11
390|24|8|92|2022-02-26|2022-03-04
616|14|32|82|2022-03-09|2022-03-18
593|6|22|87|2022-03-08|2022-03-09
119|15|2|64|2022-02-12|2022-03-31
799|21|22|74|2022-03-17|2022-04-09
950|52|49|59|2022-03-24|2022-04-01
981|13|29|61|2022-03-25|
1028|20|36|75|2022-03-26|2022-04-01
1035|42|52|63|2022-03-26|2022-04-06
1038|47|55|85|2022-03-26|2022-04-04
1063|116|5|74|2022-03-26|2022-03-30
76|6|19|81|2022-02-10|2022-02-25
366|14|3|88|2022-02-25|2022-02-27
546|9|27|61|2022-03-06|2022-04-02
474|30|4|64|2022-03-02|2022-03-29
400|1|7|78|2022-02-27|2022-03-28
1075|20|22|41|2022-03-27|
1084|40|67|59|2022-03-27|2022-04-07
1085|43|20|82|2022-03-27|2022-03-30
1088|49|61|73|2022-03-27|2022-04-08
1092|60|66|80|2022-03-27|2022-04-07
1096|73|10|84|2022-03-27|2022-03-27
1132|19|22|74|2022-03-28|
1156|73|35|63|2022-03-28|2022-03-31
1173|102|14|82|2022-03-28|
360|57|4|92|2022-02-24|2022-02-26
815|99|12|75|2022-03-17|2022-03-23
872|7|13|85|2022-03-21|2022-04-07
1053|80|9|87|2022-03-26|
666|52|13|88|2022-03-11|2022-04-07
1188|21|43|80|2022-03-29|2022-04-04
1205|61|16|61|2022-03-29|2022-04-06
1048|69|64|89|2022-03-26|2022-03-27
1226|99|33|66|2022-03-29|2022-03-29
508|18|20|71|2022-03-04|2022-03-30
770|81|32|63|2022-03-15|2022-03-18
716|48|12|87|2022-03-13|2022-03-23
294|25|31|74|2022-02-21|2022-03-09
1016|106|39|84|2022-03-25|2022-03-27
125|21|17|74|2022-02-12|2022-03-29
1081|33|21|70|2022-03-27|2022-04-04
1259|69|32|90|2022-03-30|2022-04-06
1273|104|12|82|2022-03-30|
1300|41|27|64|2022-03-31|2022-04-02
1332|3|7|78|2022-04-01|2022-04-02
1333|5|79|90|2022-04-01|2022-04-07
1360|86|34|59|2022-04-01|2022-04-04
1417|93|74|64|2022-04-02|2022-04-07
1419|96|28|90|2022-04-02|
1431|120|22|66|2022-04-02|2022-04-03
257|32|31|70|2022-02-19|2022-03-09
1280|124|75|61|2022-03-30|
1328|124|45|86|2022-03-31|
1443|12|57|89|2022-04-03|2022-04-09
1471|84|80|80|2022-04-03|
875|29|7|74|2022-03-21|2022-03-28
1029|23|10|85|2022-03-26|2022-03-27
370|29|9|71|2022-02-25|2022-03-18
1304|55|77|78|2022-03-31|
379|56|34|61|2022-02-25|2022-03-07
1512|71|39|41|2022-04-04|
1533|126|77|86|2022-04-04|
1573|78|64|90|2022-04-05|
1577|85|2|61|2022-04-05|2022-04-06
1586|113|76|82|2022-04-05|
1600|14|51|78|2022-04-06|2022-04-07
413|41|25|78|2022-02-27|2022-03-11
230|5|17|63|2022-02-18|2022-03-29
103|17|22|45|2022-02-11|2022-03-04
10|7|8|82|2022-02-03|2022-03-04
114|9|22|64|2022-02-12|2022-03-04
631|6|5|64|2022-03-10|2022-03-14
429|24|25|66|2022-02-28|2022-03-11
1051|78|49|61|2022-03-26|2022-04-01
1098|81|46|81|2022-03-27|2022-04-03
1426|107|79|76|2022-04-02|
1675|96|58|75|2022-04-07|
1681|107|64|61|2022-04-07|
372|41|27|66|2022-02-25|2022-04-02
1707|29|40|72|2022-04-08|2022-04-08
1719|54|91|70|2022-04-08|
477|33|14|89|2022-03-02|2022-03-20
487|3|31|45|2022-03-03|2022-03-09
161|23|7|66|2022-02-14|2022-02-15
93|6|1|45|2022-02-11|2022-03-11
603|32|35|76|2022-03-08|2022-03-12
1196|36|2|63|2022-03-29|2022-03-31
1298|38|8|66|2022-03-31|2022-04-07
184|33|20|81|2022-02-15|2022-03-30
1270|97|33|70|2022-03-30|
1138|35|54|85|2022-03-28|2022-04-06
1778|87|39|61|2022-04-09|
1785|104|2|92|2022-04-09|
1788|110|71|80|2022-04-09|
1535|130|75|41|2022-04-04|2022-04-06
1664|69|45|87|2022-04-07|2022-04-08
1780|91|13|85|2022-04-09|2022-04-09
761|31|29|45|2022-03-15|2022-04-10
888|8|9|76|2022-03-22|2022-04-10
981|13|29|61|2022-03-25|2022-04-10
1010|90|32|45|2022-03-25|2022-04-10
1087|45|35|66|2022-03-27|2022-04-10
1128|7|35|61|2022-03-28|2022-04-10
1233|2|71|66|2022-03-30|2022-04-10
1250|51|63|70|2022-03-30|2022-04-10
1301|44|78|71|2022-03-31|2022-04-10
1351|57|69|59|2022-04-01|2022-04-10
1379|129|38|61|2022-04-01|2022-04-10
1423|101|36|72|2022-04-02|2022-04-10
1442|11|10|71|2022-04-03|2022-04-10
1493|20|39|70|2022-04-04|2022-04-10
1521|100|73|80|2022-04-04|2022-04-10
1587|114|60|81|2022-04-05|2022-04-10
1625|96|40|89|2022-04-06|2022-04-10
1632|113|46|72|2022-04-06|2022-04-10
1639|126|85|64|2022-04-06|2022-04-10
1668|82|7|92|2022-04-07|2022-04-10
1683|110|48|84|2022-04-07|2022-04-10
1751|7|80|64|2022-04-09|2022-04-10
1760|33|55|90|2022-04-09|2022-04-10
1771|63|2|45|2022-04-09|2022-04-10
1783|95|73|88|2022-04-09|2022-04-10
1793|125|36|82|2022-04-09|2022-04-10
1800|139|91|70|2022-04-09|2022-04-10
1808|2|30|80|2022-04-10|2022-04-10
1197|41|72|41|2022-03-29|2022-04-11
1286|3|72|92|2022-03-31|2022-04-11
1303|53|72|85|2022-03-31|2022-04-11
1326|107|72|72|2022-03-31|2022-04-11
1371|107|72|85|2022-04-01|2022-04-11
1398|45|72|66|2022-04-02|2022-04-11
1477|103|72|45|2022-04-03|2022-04-11
1485|136|72|80|2022-04-03|2022-04-11
1499|30|72|72|2022-04-04|2022-04-11
1579|89|72|92|2022-04-05|2022-04-11
1609|44|72|80|2022-04-06|2022-04-11
1622|87|72|41|2022-04-06|2022-04-11
1627|107|72|85|2022-04-06|2022-04-11
1761|34|72|73|2022-04-09|2022-04-11
1805|149|72|71|2022-04-09|2022-04-11
1445|16|13|81|2022-04-03|2022-04-07
921|67|34|45|2022-03-23|2022-04-02
499|57|28|85|2022-03-03|2022-03-17
296|28|5|89|2022-02-21|2022-03-05
1283|128|34|89|2022-03-30|2022-04-05
1310|72|51|64|2022-03-31|2022-04-07
1376|123|62|66|2022-04-01|
1105|92|43|66|2022-03-27|2022-03-31
1559|37|7|63|2022-04-05|
1610|49|36|72|2022-04-06|
168|2|4|90|2022-02-15|2022-02-26
146|23|17|90|2022-02-13|2022-03-29
231|8|22|86|2022-02-18|2022-03-04
78|8|5|59|2022-02-10|2022-03-05
888|8|9|82|2022-03-22|2022-04-10
619|32|27|63|2022-03-09|2022-04-02
1020|3|56|63|2022-03-26|2022-04-08
1590|121|36|82|2022-04-05|
1691|127|17|92|2022-04-07|
1372|108|73|64|2022-04-01|
1708|31|20|92|2022-04-08|
458|40|4|89|2022-03-01|2022-03-29
221|25|3|86|2022-02-17|2022-02-27
107|24|19|94|2022-02-11|2022-02-25
639|57|20|64|2022-03-10|2022-03-30
900|60|34|75|2022-03-22|
535|44|2|95|2022-03-05|2022-03-31
1015|101|38|80|2022-03-25|2022-03-27
1282|126|5|81|2022-03-30|2022-03-30
883|72|42|92|2022-03-21|2022-04-08
1726|81|35|85|2022-04-08|
1137|33|21|93|2022-03-28|2022-04-04
1195|32|40|66|2022-03-29|2022-04-02
1193|30|52|64|2022-03-29|2022-04-06
1782|94|17|82|2022-04-09|
319|40|9|88|2022-02-22|2022-03-18
386|15|33|80|2022-02-26|2022-03-18
985|21|65|75|2022-03-25|2022-03-28
1164|89|54|73|2022-03-28|2022-04-06
1116|112|39|89|2022-03-27|2022-04-08
1426|107|79|84|2022-04-02|
603|32|35|61|2022-03-08|2022-03-12
1822|61|22|45|2022-04-10|
583|60|8|61|2022-03-07|2022-04-07
586|67|33|80|2022-03-07|2022-03-18
601|25|14|61|2022-03-08|2022-03-20
608|58|22|61|2022-03-08|2022-03-17
282|5|14|89|2022-02-21|2022-03-20
307|7|5|70|2022-02-22|2022-03-05
318|38|27|80|2022-02-22|2022-04-02
102|16|21|72|2022-02-11|2022-04-04
567|80|13|88|2022-03-06|2022-04-07
588|71|34|72|2022-03-07|
622|67|26|89|2022-03-09|2022-03-15
646|86|2|61|2022-03-10|2022-03-31
205|31|14|73|2022-02-16|2022-03-20
52|7|13|61|2022-02-08|2022-04-07
72|2|8|59|2022-02-10|2022-03-04
101|15|1|64|2022-02-11|2022-03-11
287|17|3|82|2022-02-21|2022-02-27
54|9|13|94|2022-02-08|2022-04-07
452|19|34|75|2022-03-01|2022-03-10
457|39|4|88|2022-03-01|2022-03-29
623|70|34|88|2022-03-09|2022-03-13
668|55|24|73|2022-03-11|2022-03-13
672|68|34|64|2022-03-11|2022-03-20
673|75|24|90|2022-03-11|2022-03-13
36|9|5|70|2022-02-06|2022-03-05
47|2|16|71|2022-02-08|2022-03-10
77|7|5|80|2022-02-10|2022-03-05
128|25|21|95|2022-02-12|2022-04-04
166|30|4|85|2022-02-14|2022-02-26
201|25|21|88|2022-02-16|2022-04-04
145|22|10|63|2022-02-13|2022-03-27
170|6|14|92|2022-02-15|2022-03-20
293|23|27|78|2022-02-21|2022-04-02
329|18|34|87|2022-02-23|2022-03-16
343|55|3|76|2022-02-23|2022-02-27
478|34|24|90|2022-03-02|2022-03-13
532|37|17|82|2022-03-05|2022-03-29
624|72|33|85|2022-03-09|2022-03-18
66|9|15|70|2022-02-09|2022-02-21
617|19|27|85|2022-03-09|2022-04-02
376|48|30|73|2022-02-25|2022-03-06
643|72|4|63|2022-03-10|2022-03-29
683|21|12|70|2022-03-12|2022-03-23
722|70|26|59|2022-03-13|2022-03-15
731|94|34|82|2022-03-13|2022-04-09
738|24|33|88|2022-03-14|2022-03-18
739|25|12|81|2022-03-14|2022-03-23
755|8|29|94|2022-03-15|
758|19|38|71|2022-03-15|2022-03-21
789|72|5|80|2022-03-16|2022-03-30
796|12|5|59|2022-03-17|2022-03-30
800|29|37|81|2022-03-17|2022-04-02
805|45|12|45|2022-03-17|2022-03-23
804|43|17|76|2022-03-17|2022-03-29
501|61|22|89|2022-03-03|2022-03-04
134|5|14|59|2022-02-13|2022-03-20
163|26|12|59|2022-02-14|2022-03-23
695|79|32|89|2022-03-12|2022-03-18
627|86|24|95|2022-03-09|2022-03-13
822|24|49|84|2022-03-18|2022-04-01
827|46|10|61|2022-03-18|2022-03-27
831|63|51|86|2022-03-18|2022-04-07
415|47|31|94|2022-02-27|2022-03-09
481|41|36|94|2022-03-02|2022-03-25
322|50|29|76|2022-02-22|2022-03-13
506|12|12|80|2022-03-04|2022-03-23
510|22|2|85|2022-03-04|2022-03-31
301|37|5|73|2022-02-21|2022-03-05
620|60|28|72|2022-03-09|2022-03-17
453|27|26|89|2022-03-01|2022-03-15
218|22|4|70|2022-02-17|2022-02-26
240|31|23|64|2022-02-18|2022-03-30
515|39|35|95|2022-03-04|2022-03-12
525|3|31|75|2022-03-05|2022-03-09
847|46|20|63|2022-03-19|2022-03-30
852|80|12|86|2022-03-19|2022-03-23
854|89|42|80|2022-03-19|2022-03-19
867|94|58|64|2022-03-20|2022-04-01
870|106|44|89|2022-03-20|2022-04-02
871|6|47|82|2022-03-21|2022-04-08
874|22|32|85|2022-03-21|2022-04-07
351|28|14|82|2022-02-24|2022-03-20
246|10|15|91|2022-02-19|2022-02-21
97|10|9|75|2022-02-11|2022-03-18
234|20|10|59|2022-02-18|2022-03-27
749|73|42|59|2022-03-14|2022-03-30
977|118|66|87|2022-03-24|2022-04-07
63|6|9|41|2022-02-09|2022-03-18
84|14|5|85|2022-02-10|2022-03-05
140|15|6|78|2022-02-13|2022-03-10
703|14|8|72|2022-03-13|2022-04-07
740|31|22|45|2022-03-14|2022-03-15
772|83|26|72|2022-03-15|2022-03-15
303|41|2|82|2022-02-21|2022-03-31
968|102|14|88|2022-03-24|
18|7|12|45|2022-02-04|2022-03-23
133|4|1|88|2022-02-13|2022-03-11
693|76|9|87|2022-03-12|2022-03-18
730|91|7|92|2022-03-13|2022-03-28
545|6|2|89|2022-03-06|2022-03-31
391|25|34|92|2022-02-26|
473|25|22|93|2022-03-02|2022-03-04
151|6|21|93|2022-02-14|2022-04-04
996|51|68|76|2022-03-25|2022-04-07
1003|76|12|75|2022-03-25|2022-03-26
1019|2|32|71|2022-03-26|2022-04-04
1025|16|39|84|2022-03-26|2022-04-04
1045|61|21|45|2022-03-26|2022-04-04
1046|62|8|75|2022-03-26|2022-04-07
1059|108|17|94|2022-03-26|2022-03-29
1061|112|13|73|2022-03-26|2022-04-07
384|2|21|73|2022-02-26|2022-04-04
28|1|13|84|2022-02-06|2022-04-07
549|18|12|63|2022-03-06|2022-03-23
658|30|35|75|2022-03-11|2022-03-12
45|9|7|64|2022-02-07|2022-02-15
1087|45|35|75|2022-03-27|2022-04-10
1093|61|55|92|2022-03-27|2022-04-04
1100|84|16|80|2022-03-27|
1108|95|63|71|2022-03-27|
1123|124|43|72|2022-03-27|2022-03-31
937|18|49|90|2022-03-24|2022-04-01
1000|63|57|61|2022-03-25|2022-04-03
641|67|38|75|2022-03-10|
1099|82|29|92|2022-03-27|2022-04-07
1147|53|2|80|2022-03-28|2022-03-31
79|9|8|84|2022-02-10|2022-03-04
636|45|33|70|2022-03-10|2022-03-18
1212|76|12|64|2022-03-29|2022-04-05
1213|77|52|73|2022-03-29|2022-04-06
885|115|14|75|2022-03-21|2022-04-07
344|1|5|89|2022-02-24|2022-03-05
187|4|12|95|2022-02-16|2022-03-23
820|10|17|76|2022-03-18|2022-03-29
1233|2|71|86|2022-03-30|2022-04-10
1254|60|27|87|2022-03-30|2022-04-02
1294|31|38|95|2022-03-31|2022-04-01
1297|37|52|87|2022-03-31|2022-04-06
1368|98|48|80|2022-04-01|
1369|99|39|76|2022-04-01|
1391|30|56|45|2022-04-02|2022-04-08
1398|45|72|64|2022-04-02|2022-04-11
1404|59|68|64|2022-04-02|
1415|85|62|92|2022-04-02|2022-04-03
490|12|20|86|2022-03-03|2022-03-30
1172|101|59|70|2022-03-28|2022-04-05
1449|25|76|72|2022-04-03|
1459|54|50|70|2022-04-03|
1465|70|42|78|2022-04-03|2022-04-06
1469|82|58|92|2022-04-03|
969|103|23|41|2022-03-24|2022-03-30
629|2|30|59|2022-03-10|2022-03-10
590|74|5|82|2022-03-07|2022-03-14
315|24|16|91|2022-02-22|2022-03-10
284|9|21|78|2022-02-21|2022-04-04
1316|80|13|59|2022-03-31|2022-04-07
1492|15|63|81|2022-04-04|2022-04-05
1520|92|38|71|2022-04-04|
1563|45|69|73|2022-04-05|2022-04-05
1575|80|33|61|2022-04-05|
1584|108|29|93|2022-04-05|2022-04-08
1598|8|63|75|2022-04-06|
1607|38|78|88|2022-04-06|
1635|116|48|73|2022-04-06|
1646|138|46|85|2022-04-06|2022-04-09
1647|141|58|70|2022-04-06|
181|27|16|80|2022-02-15|2022-03-10
153|9|20|90|2022-02-14|2022-03-30
271|26|26|82|2022-02-20|2022-03-15
308|8|14|84|2022-02-22|2022-03-20
430|25|28|89|2022-02-28|2022-03-17
541|72|29|93|2022-03-05|2022-03-13
929|111|39|86|2022-03-23|2022-03-24
127|24|23|93|2022-02-12|2022-03-30
131|2|2|94|2022-02-13|2022-03-31
1115|110|46|45|2022-03-27|2022-04-01
1651|11|78|76|2022-04-07|
1673|94|13|73|2022-04-07|2022-04-07
1695|135|81|88|2022-04-07|
1040|50|21|90|2022-03-26|2022-04-04
1706|26|88|95|2022-04-08|2022-04-08
1743|128|70|86|2022-04-08|2022-04-09
241|33|6|76|2022-02-18|2022-03-10
572|17|28|76|2022-03-07|2022-03-17
671|59|39|81|2022-03-11|2022-03-24
919|57|61|89|2022-03-23|2022-04-09
965|98|65|78|2022-03-24|2022-03-28
88|18|2|82|2022-02-10|2022-03-31
142|18|17|91|2022-02-13|2022-03-29
1561|43|36|41|2022-04-05|
1768|57|12|87|2022-04-09|
1654|29|10|86|2022-04-07|
1226|99|33|73|2022-03-29|2022-03-29
1431|120|22|82|2022-04-02|2022-04-03
429|24|25|90|2022-02-28|2022-03-11
372|41|27|90|2022-02-25|2022-04-02
161|23|7|72|2022-02-14|2022-02-15
1298|38|8|92|2022-03-31|2022-04-07
1811|16|40|75|2022-04-10|
1839|111|59|82|2022-04-10|
1376|123|62|85|2022-04-01|
1105|92|43|82|2022-03-27|2022-03-31
1195|32|40|71|2022-03-29|2022-04-02
126|22|4|90|2022-02-12|2022-02-26
154|10|12|87|2022-02-14|2022-03-23
899|52|49|76|2022-03-22|2022-04-01
925|93|44|81|2022-03-23|2022-04-02
926|94|62|70|2022-03-23|
946|42|66|90|2022-03-24|2022-04-07
580|54|29|78|2022-03-07|2022-03-13
399|63|23|76|2022-02-26|2022-03-30
411|35|30|76|2022-02-27|2022-03-06
924|78|64|80|2022-03-23|
520|58|35|75|2022-03-04|2022-03-12
529|20|6|75|2022-03-05|2022-03-10
664|49|7|61|2022-03-11|2022-03-28
375|47|12|81|2022-02-25|2022-03-23
289|19|31|87|2022-02-21|2022-03-09
26|7|11|64|2022-02-05|2022-02-06
761|31|29|82|2022-03-15|2022-04-10
232|17|17|80|2022-02-18|2022-03-29
986|23|13|95|2022-03-25|2022-04-07
991|38|43|84|2022-03-25|
1002|72|12|81|2022-03-25|2022-03-31
1010|90|32|80|2022-03-25|2022-04-10
1011|94|59|88|2022-03-25|
1027|18|9|86|2022-03-26|
1055|83|55|64|2022-03-26|2022-04-04
1056|85|9|91|2022-03-26|
775|100|21|80|2022-03-15|2022-04-04
851|73|49|82|2022-03-19|2022-04-01
933|6|26|59|2022-03-24|2022-03-31
681|16|20|90|2022-03-12|2022-03-30
1073|14|9|70|2022-03-27|
1078|29|46|61|2022-03-27|2022-03-28
1089|51|56|75|2022-03-27|2022-04-08
1091|58|58|63|2022-03-27|
1095|69|58|66|2022-03-27|2022-04-01
1097|80|34|82|2022-03-27|
1104|90|65|71|2022-03-27|2022-03-28
1112|106|5|92|2022-03-27|2022-03-30
1143|47|33|72|2022-03-28|2022-03-29
1146|51|54|78|2022-03-28|2022-04-06
1163|88|32|78|2022-03-28|
1182|126|13|81|2022-03-28|2022-04-07
504|74|4|70|2022-03-03|2022-03-29
547|10|25|86|2022-03-06|2022-03-11
320|44|14|64|2022-02-22|2022-03-20
190|10|7|41|2022-02-16|2022-03-28
857|9|27|92|2022-03-20|2022-04-02
67|10|21|59|2022-02-09|2022-04-04
865|90|9|86|2022-03-20|2022-03-31
598|13|17|94|2022-03-08|2022-03-29
735|15|40|63|2022-03-14|2022-04-02
267|18|29|93|2022-02-20|2022-03-13
1191|27|37|63|2022-03-29|2022-04-02
1198|45|42|75|2022-03-29|
1203|55|17|87|2022-03-29|2022-03-29
446|6|25|70|2022-03-01|2022-03-11
1225|98|48|94|2022-03-29|2022-04-03
559|54|5|80|2022-03-06|2022-03-14
1248|47|27|76|2022-03-30|2022-04-02
1249|49|23|61|2022-03-30|2022-03-30
1253|58|34|72|2022-03-30|
1275|114|57|82|2022-03-30|2022-04-05
1354|66|48|75|2022-04-01|2022-04-01
1362|90|10|71|2022-04-01|2022-04-06
1366|95|66|92|2022-04-01|2022-04-07
1413|80|56|93|2022-04-02|2022-04-08
579|51|17|59|2022-03-07|2022-03-29
1477|103|72|66|2022-04-03|2022-04-11
251|20|28|76|2022-02-19|2022-02-25
531|36|26|82|2022-03-05|2022-03-15
1503|41|76|66|2022-04-04|
1602|17|9|64|2022-04-06|
1608|42|78|84|2022-04-06|
178|24|3|88|2022-02-15|2022-02-27
211|13|20|81|2022-02-17|2022-03-30
272|30|28|82|2022-02-20|2022-02-25
180|26|3|84|2022-02-15|2022-02-27
21|2|7|72|2022-02-05|2022-02-15
691|67|33|87|2022-03-12|2022-03-18
736|17|38|73|2022-03-14|2022-03-31
882|71|34|86|2022-03-21|2022-04-05
1666|76|63|82|2022-04-07|2022-04-09
1667|77|91|89|2022-04-07|
1680|105|80|82|2022-04-07|
1694|132|86|76|2022-04-07|
1696|137|9|73|2022-04-07|
1306|63|75|89|2022-03-31|2022-04-08
1313|76|43|61|2022-03-31|
31|4|1|85|2022-02-06|2022-03-11
1581|102|74|59|2022-04-05|2022-04-07
56|11|7|41|2022-02-08|2022-02-15
1711|36|78|91|2022-04-08|
1065|120|28|78|2022-03-26|
932|4|43|84|2022-03-24|2022-03-30
1532|125|68|76|2022-04-04|
468|4|8|71|2022-03-02|2022-03-04
667|53|7|92|2022-03-11|2022-03-28
1345|41|30|88|2022-04-01|
20|1|5|89|2022-02-05|2022-03-05
1771|63|2|76|2022-04-09|2022-04-10
1802|144|73|82|2022-04-09|
4|1|12|89|2022-02-03|2022-03-23
8|5|4|64|2022-02-03|2022-02-26
103|17|22|72|2022-02-11|2022-03-04
487|3|31|59|2022-03-03|2022-03-09
93|6|1|92|2022-02-11|2022-03-11
1813|30|38|87|2022-04-10|
1837|104|80|41|2022-04-10|
921|67|34|94|2022-03-23|2022-04-02
1822|61|22|41|2022-04-10|
805|45|12|92|2022-03-17|2022-03-23
740|31|22|94|2022-03-14|2022-03-15
18|7|12|85|2022-02-04|2022-03-23
1045|61|21|87|2022-03-26|2022-04-04
1391|30|56|78|2022-04-02|2022-04-08
1115|110|46|76|2022-03-27|2022-04-01
1183|4|62|84|2022-03-29|2022-03-29
1204|58|44|59|2022-03-29|2022-04-02
1208|71|2|93|2022-03-29|2022-03-31
1211|75|8|95|2022-03-29|2022-04-07
1131|17|44|71|2022-03-28|2022-04-02
358|52|23|61|2022-02-24|2022-03-30
974|114|51|80|2022-03-24|2022-04-07
304|42|23|45|2022-02-21|2022-03-30
536|46|34|92|2022-03-05|2022-03-23
1244|35|42|61|2022-03-30|
1265|90|13|78|2022-03-30|2022-04-07
1267|93|46|91|2022-03-30|
1269|96|70|84|2022-03-30|2022-04-09
1312|75|17|61|2022-03-31|
1338|23|74|71|2022-04-01|2022-04-07
1346|42|8|73|2022-04-01|2022-04-07
1383|6|45|78|2022-04-02|2022-04-02
1397|44|58|93|2022-04-02|
1408|65|45|95|2022-04-02|2022-04-03
1069|3|45|59|2022-03-27|
1271|99|52|94|2022-03-30|2022-04-06
1483|123|51|66|2022-04-03|2022-04-07
203|28|4|85|2022-02-16|2022-02-26
725|74|27|70|2022-03-13|2022-04-02
116|12|8|84|2022-02-12|2022-03-04
967|100|45|73|2022-03-24|
1140|38|46|75|2022-03-28|2022-04-09
1500|33|2|72|2022-04-04|
1528|118|27|94|2022-04-04|2022-04-06
1538|135|40|94|2022-04-04|
1578|86|39|94|2022-04-05|
1623|89|81|66|2022-04-06|
1639|126|85|70|2022-04-06|2022-04-10
60|3|2|87|2022-02-09|2022-03-31
331|25|20|85|2022-02-23|2022-03-30
467|67|24|75|2022-03-01|2022-03-13
418|53|30|88|2022-02-27|2022-03-06
828|49|13|88|2022-03-18|2022-04-07
496|31|21|63|2022-03-03|2022-04-04
596|10|8|73|2022-03-08|2022-04-07
1650|3|57|61|2022-04-07|
1652|23|22|72|2022-04-07|
1665|71|33|89|2022-04-07|
1692|129|71|73|2022-04-07|
1255|61|66|84|2022-03-30|2022-04-07
1595|144|49|71|2022-04-05|
1702|17|50|73|2022-04-08|2022-04-09
1723|75|37|84|2022-04-08|
1729|92|34|81|2022-04-08|
53|8|6|59|2022-02-08|2022-03-10
416|48|33|85|2022-02-27|2022-03-18
297|30|23|70|2022-02-21|2022-03-30
718|51|26|76|2022-03-13|2022-03-15
534|43|29|91|2022-03-05|2022-03-13
507|13|26|73|2022-03-04|2022-03-15
1004|79|36|87|2022-03-25|2022-03-25
669|56|41|91|2022-03-11|2022-03-26
530|29|33|82|2022-03-05|2022-03-18
1731|97|21|72|2022-04-08|
1145|50|49|91|2022-03-28|2022-04-01
1308|69|36|86|2022-03-31|
916|51|43|70|2022-03-23|2022-03-31
1751|7|80|81|2022-04-09|2022-04-10
1774|70|40|95|2022-04-09|
1274|112|55|88|2022-03-30|2022-04-04
1527|116|35|93|2022-04-04|2022-04-07
216|19|24|61|2022-02-17|2022-03-13
41|5|13|70|2022-02-07|2022-04-07
119|15|2|71|2022-02-12|2022-03-31
474|30|4|87|2022-03-02|2022-03-29
1300|41|27|95|2022-03-31|2022-04-02
1417|93|74|63|2022-04-02|2022-04-07
114|9|22|70|2022-02-12|2022-03-04
631|6|5|90|2022-03-10|2022-03-14
1817|46|57|95|2022-04-10|
1310|72|51|94|2022-03-31|2022-04-07
1372|108|73|87|2022-04-01|
639|57|20|76|2022-03-10|2022-03-30
1193|30|52|41|2022-03-29|2022-04-06
101|15|1|90|2022-02-11|2022-03-11
672|68|34|59|2022-03-11|2022-03-20
240|31|23|94|2022-02-18|2022-03-30
867|94|58|84|2022-03-20|2022-04-01
45|9|7|41|2022-02-07|2022-02-15
1212|76|12|92|2022-03-29|2022-04-05
1398|45|72|94|2022-04-02|2022-04-11
1404|59|68|85|2022-04-02|
26|7|11|61|2022-02-05|2022-02-06
1055|83|55|75|2022-03-26|2022-04-04
320|44|14|86|2022-02-22|2022-03-20
1602|17|9|95|2022-04-06|
8|5|4|89|2022-02-03|2022-02-26
675|80|22|92|2022-03-11|2022-04-11
930|1|59|61|2022-03-24|2022-04-11
930|1|59|61|2022-03-24|2022-04-11
1011|94|59|88|2022-03-25|2022-04-11
1023|10|59|41|2022-03-26|2022-04-11
1172|101|59|70|2022-03-28|2022-04-11
1186|13|59|61|2022-03-29|2022-04-11
1230|118|59|41|2022-03-29|2022-04-11
1232|1|59|78|2022-03-30|2022-04-11
1238|21|59|41|2022-03-30|2022-04-11
1427|111|59|59|2022-04-02|2022-04-11
1468|76|59|78|2022-04-03|2022-04-11
1480|117|59|61|2022-04-03|2022-04-11
1491|14|59|85|2022-04-04|2022-04-11
1545|5|59|75|2022-04-05|2022-04-11
1619|67|59|75|2022-04-06|2022-04-11
1718|51|59|59|2022-04-08|2022-04-11
1736|115|59|59|2022-04-08|2022-04-11
1799|136|59|78|2022-04-09|2022-04-11
1839|111|59|82|2022-04-10|2022-04-11
1127|6|46|92|2022-03-28|2022-04-11
1173|102|14|82|2022-03-28|2022-04-11
1197|41|72|41|2022-03-29|2022-04-11
1216|81|9|85|2022-03-29|2022-04-11
1260|82|26|59|2022-03-30|2022-04-11
1449|25|76|72|2022-04-03|2022-04-11
1459|54|50|70|2022-04-03|2022-04-11
1554|30|10|59|2022-04-05|2022-04-11
1567|57|12|75|2022-04-05|2022-04-11
1671|87|84|84|2022-04-07|2022-04-11
1675|96|58|75|2022-04-07|2022-04-11
1742|127|35|89|2022-04-08|2022-04-11
1803|145|55|41|2022-04-09|2022-04-11
1831|86|57|63|2022-04-10|2022-04-11
1837|104|80|41|2022-04-10|2022-04-11
1865|33|56|86|2022-04-11|2022-04-11
1875|64|89|87|2022-04-11|2022-04-11
756|15|43|61|2022-03-15|2022-04-12
764|63|43|72|2022-03-15|2022-04-12
916|51|43|70|2022-03-23|2022-04-12
932|4|43|84|2022-03-24|2022-04-12
979|5|43|85|2022-03-25|2022-04-12
988|26|43|59|2022-03-25|2022-04-12
991|38|43|84|2022-03-25|2022-04-12
1022|7|43|72|2022-03-26|2022-04-12
1105|92|43|82|2022-03-27|2022-04-12
1123|124|43|72|2022-03-27|2022-04-12
1148|54|43|78|2022-03-28|2022-04-12
1149|56|43|92|2022-03-28|2022-04-12
1188|21|43|80|2022-03-29|2022-04-12
1263|86|43|59|2022-03-30|2022-04-12
1285|2|43|15|2022-03-31|2022-04-12
1305|56|43|71|2022-03-31|2022-04-12
1313|76|43|61|2022-03-31|2022-04-12
1387|17|43|59|2022-04-02|2022-04-12
1405|60|43|63|2022-04-02|2022-04-12
1576|82|43|85|2022-04-05|2022-04-12
1659|47|43|70|2022-04-07|2022-04-12
1684|113|43|75|2022-04-07|2022-04-12
1787|109|43|72|2022-04-09|2022-04-12
1823|65|43|86|2022-04-10|2022-04-12
999|62|16|78|2022-03-25|2022-04-12
1119|118|34|85|2022-03-27|2022-04-12
1253|58|34|72|2022-03-30|2022-04-12
1277|118|58|78|2022-03-30|2022-04-12
918|56|64|92|2022-03-23|2022-04-12
924|78|64|80|2022-03-23|2022-04-12
994|47|64|41|2022-03-25|2022-04-12
1048|69|64|89|2022-03-26|2022-04-12
1194|31|64|92|2022-03-29|2022-04-12
1370|105|64|73|2022-04-01|2022-04-12
1386|14|64|75|2022-04-02|2022-04-12
1394|40|64|73|2022-04-02|2022-04-12
1505|45|64|70|2022-04-04|2022-04-12
1573|78|64|90|2022-04-05|2022-04-12
1681|107|64|61|2022-04-07|2022-04-12
1872|54|64|92|2022-04-11|2022-04-12
1529|119|29|41|2022-04-04|2022-04-12
1543|2|82|61|2022-04-05|2022-04-12
1586|113|76|82|2022-04-05|2022-04-12
1642|130|40|70|2022-04-06|2022-04-12
1649|1|48|72|2022-04-07|2022-04-12
1654|29|10|86|2022-04-07|2022-04-12
1670|86|90|82|2022-04-07|2022-04-12
1688|121|85|78|2022-04-07|2022-04-12
1694|132|86|76|2022-04-07|2022-04-12
1699|5|28|89|2022-04-08|2022-04-12
1723|75|37|84|2022-04-08|2022-04-12
1766|53|23|89|2022-04-09|2022-04-12
1782|94|17|82|2022-04-09|2022-04-12
1871|53|12|87|2022-04-11|2022-04-12
1883|90|87|61|2022-04-11|2022-04-12
1884|91|51|96|2022-04-11|2022-04-12
1927|69|80|73|2022-04-12|2022-04-12
