ID|Name|Species|Sex|Date of birth|Disabilities|House without kids|Experienced owners|Preferred place to live|Date of admission|Death
1|Bonita|DOG|FEMALE|2020-01-05|[Lyme disease]|1|1|OUTDOOR|2022-02-02|
2|Shivo|CAT|MALE|2010-04-17|[]|1|0|OUTDOOR|2022-02-02|
3|Assan|DOG|MALE|2015-08-22|[deafness]|0|1|OUTDOOR|2022-02-02|
4|Paulo|CAT|MALE|2012-07-30|[cystitis]|1|1|INDOOR|2022-02-02|
5|Patchy|DOG|MALE|2011-08-16|[arthritis]|0|1|OUTDOOR|2022-02-02|
6|Wölkchen|CAT|FEMALE|2009-02-02|[feline heartworm, amputated limb]|0|0|OUTDOOR|2022-02-02|
7|Homey|CAT|MALE|2021-02-02|[]|1|1|INDOOR|2022-02-02|
8|Yassi|DOG|FEMALE|2008-07-01|[dog heartworm]|0|0|INDOOR|2022-02-02|
9|Unna|CAT|FEMALE|2009-10-17|[blindness, diabetes, tooth pathology]|0|1|OUTDOOR|2022-02-02|
10|Falka|DOG|FEMALE|2015-04-27|[amputated limb, arthritis, obesity]|1|1|ANY|2022-02-02|
11|Into|CAT|MALE|2020-03-27|[tooth pathology]|0|1|INDOOR|2022-02-03|
12|Green|CAT|MALE|2020-01-08|[cancer, tooth pathology]|1|1|OUTDOOR|2022-02-03|
13|Puppy|DOG|FEMALE|2018-02-16|[amputated limb, deafness]|0|0|ANY|2022-02-04|
14|Glanza|DOG|FEMALE|2020-06-28|[amputated limb]|0|1|OUTDOOR|2022-02-04|
15|Solari|CAT|FEMALE|2016-05-14|[cancer, tooth pathology]|0|0|INDOOR|2022-02-04|
12|Green|CAT|MALE|2020-01-08|[cancer, tooth pathology]|1|1|OUTDOOR|2022-02-03|2022-02-04
10|Falka|DOG|FEMALE|2015-04-27|[amputated limb, arthritis, obesity]|1|1|ANY|2022-02-02|2022-02-07
16|Cosimo|DOG|MALE|2013-03-25|[arthritis, deafness, diabetes]|0|1|ANY|2022-02-08|
17|Maier|CAT|MALE|2018-07-15|[]|1|1|ANY|2022-02-08|
18|Ayuna|DOG|FEMALE|2019-11-30|[amputated limb, deafness, obesity]|0|0|ANY|2022-02-09|
19|Meru|DOG|MALE|2020-07-20|[blindness]|0|0|ANY|2022-02-11|
20|Frederick|DOG|MALE|2012-02-16|[cancer, dog heartworm]|0|1|INDOOR|2022-02-11|
21|Shereen|DOG|FEMALE|2012-11-21|[]|0|1|OUTDOOR|2022-02-11|
22|Pagoda|CAT|FEMALE|2021-04-02|[amputated limb, diabetes]|1|1|INDOOR|2022-02-13|
23|Quirinus|CAT|MALE|2014-10-13|[amputated limb]|0|0|INDOOR|2022-02-13|
24|Uba|CAT|FEMALE|2011-08-01|[]|0|0|INDOOR|2022-02-13|
25|Pinto|DOG|MALE|2010-01-21|[diabetes]|1|0|INDOOR|2022-02-13|
22|Pagoda|CAT|FEMALE|2021-04-02|[FIV, amputated limb, diabetes]|1|1|INDOOR|2022-02-13|
26|Dacom|CAT|MALE|2016-03-06|[]|0|0|ANY|2022-02-15|
27|Anouk|CAT|FEMALE|2012-12-12|[]|1|0|OUTDOOR|2022-02-15|
28|Armand|DOG|MALE|2009-03-26|[Lyme disease, arthritis, obesity]|0|0|ANY|2022-02-16|
29|Felipa|CAT|FEMALE|2009-11-25|[]|1|1|ANY|2022-02-16|
30|Ciestele|DOG|FEMALE|2008-07-16|[diabetes]|0|1|OUTDOOR|2022-02-16|
31|Mamo|CAT|MALE|2010-07-14|[FIV, amputated limb, FeLV]|0|0|ANY|2022-02-16|
18|Ayuna|DOG|FEMALE|2019-11-30|[amputated limb, deafness, obesity]|0|0|ANY|2022-02-09|2022-02-17
32|Choco|DOG|MALE|2013-04-11|[cancer]|0|0|OUTDOOR|2022-02-18|
33|California|DOG|FEMALE|2020-08-23|[Lyme disease, cancer]|0|0|INDOOR|2022-02-18|
34|Nurmo|CAT|MALE|2021-12-25|[kidney disease]|0|1|OUTDOOR|2022-02-20|
35|Ayka|DOG|FEMALE|2017-10-27|[Lyme disease, blindness, obesity]|1|1|OUTDOOR|2022-02-20|
13|Puppy|DOG|FEMALE|2018-02-16|[amputated limb, deafness, dog heartworm]|0|0|ANY|2022-02-04|
36|Marty|DOG|MALE|2017-10-30|[Lyme disease, cancer]|0|1|ANY|2022-02-21|
37|Kosarius|DOG|MALE|2016-08-26|[blindness]|1|1|ANY|2022-02-21|
38|Farinelli|DOG|FEMALE|2015-06-28|[]|0|0|OUTDOOR|2022-02-21|
39|Isaboe|CAT|FEMALE|2020-01-25|[]|1|1|INDOOR|2022-02-21|
9|Unna|CAT|FEMALE|2009-10-17|[blindness, deafness, diabetes, tooth pathology]|0|1|OUTDOOR|2022-02-02|
19|Meru|DOG|MALE|2020-07-20|[blindness, cancer]|0|0|ANY|2022-02-11|
40|Scip|DOG|MALE|2019-05-27|[]|0|1|OUTDOOR|2022-02-23|
41|Nanno|CAT|MALE|2018-01-11|[deafness]|0|0|OUTDOOR|2022-02-23|
42|Miko|CAT|MALE|2007-06-18|[FIV, diabetes]|0|1|ANY|2022-02-23|
43|Antaly|DOG|FEMALE|2016-12-01|[dog heartworm]|0|1|OUTDOOR|2022-02-23|
3|Assan|DOG|MALE|2015-08-22|[blindness, deafness]|0|1|OUTDOOR|2022-02-02|
44|Patty|CAT|FEMALE|2013-12-29|[deafness, diabetes]|0|1|INDOOR|2022-02-24|
45|Utina|DOG|FEMALE|2007-06-22|[deafness, diabetes, obesity]|0|0|OUTDOOR|2022-02-24|
46|Carolyn|CAT|FEMALE|2008-12-13|[amputated limb]|1|0|INDOOR|2022-02-24|
47|Citropus|CAT|MALE|2007-03-31|[blindness, kidney disease, tooth pathology]|1|1|ANY|2022-02-24|
3|Assan|DOG|MALE|2015-08-22|[blindness, deafness, diabetes]|0|1|OUTDOOR|2022-02-02|
8|Yassi|DOG|FEMALE|2008-07-01|[dog heartworm]|0|0|INDOOR|2022-02-02|2022-02-25
36|Marty|DOG|MALE|2017-10-30|[Lyme disease, cancer]|0|1|ANY|2022-02-21|2022-02-25
48|Kyrke|CAT|FEMALE|2018-12-19|[feline heartworm]|1|0|OUTDOOR|2022-02-27|
49|Erasmus|DOG|MALE|2010-07-04|[]|1|1|OUTDOOR|2022-02-27|
50|Yoda|DOG|MALE|2018-02-28|[Lyme disease]|1|0|ANY|2022-02-27|
51|Forrex|CAT|MALE|2007-03-11|[tooth pathology]|1|1|OUTDOOR|2022-02-27|
35|Ayka|DOG|FEMALE|2017-10-27|[Lyme disease, amputated limb, blindness, obesity]|1|1|OUTDOOR|2022-02-20|
52|Urian|CAT|MALE|2009-09-21|[]|0|0|INDOOR|2022-02-28|
53|Layka|CAT|FEMALE|2012-12-26|[]|0|1|OUTDOOR|2022-02-28|
54|Erasmo|CAT|MALE|2009-08-15|[hyperthyroidism, blindness, FeLV]|1|1|ANY|2022-02-28|
55|Olja|CAT|FEMALE|2014-10-28|[]|1|0|ANY|2022-02-28|
5|Patchy|DOG|MALE|2011-08-16|[arthritis]|0|1|OUTDOOR|2022-02-02|2022-02-28
37|Kosarius|DOG|MALE|2016-08-26|[blindness]|1|1|ANY|2022-02-21|2022-03-02
13|Puppy|DOG|FEMALE|2018-02-16|[amputated limb, deafness, dog heartworm]|0|0|ANY|2022-02-04|2022-03-03
42|Miko|CAT|MALE|2007-06-18|[FIV, kidney disease, diabetes]|0|1|ANY|2022-02-23|
56|Halton|DOG|MALE|2021-09-21|[amputated limb]|0|1|ANY|2022-03-06|
57|Nobleman|CAT|MALE|2011-06-26|[feline heartworm, FIV]|1|1|INDOOR|2022-03-06|
58|Panolos|DOG|MALE|2021-05-04|[blindness, cancer]|1|0|INDOOR|2022-03-06|
54|Erasmo|CAT|MALE|2009-08-15|[hyperthyroidism, blindness, FeLV]|1|1|ANY|2022-02-28|2022-03-08
3|Assan|DOG|MALE|2015-08-22|[blindness, deafness, diabetes]|0|1|OUTDOOR|2022-02-02|2022-03-11
28|Armand|DOG|MALE|2009-03-26|[Lyme disease, arthritis, obesity]|0|0|ANY|2022-02-16|2022-03-13
59|Bow|DOG|MALE|2016-05-04|[deafness, diabetes, obesity]|0|0|INDOOR|2022-03-14|
60|Kingo|CAT|MALE|2015-05-10|[kidney disease]|1|1|INDOOR|2022-03-14|
23|Quirinus|CAT|MALE|2014-10-13|[amputated limb, hyperthyroidism]|0|0|INDOOR|2022-02-13|
61|Kimbo|DOG|MALE|2008-10-23|[arthritis, deafness, obesity]|0|1|INDOOR|2022-03-15|
62|Aira|CAT|FEMALE|2014-08-19|[obesity]|0|0|OUTDOOR|2022-03-15|
63|Gabriela|CAT|FEMALE|2011-09-04|[FIV, blindness]|1|0|INDOOR|2022-03-15|
51|Forrex|CAT|MALE|2007-03-11|[hyperthyroidism, tooth pathology]|1|1|OUTDOOR|2022-02-27|
64|Crescent|CAT|MALE|2008-06-19|[deafness]|0|0|INDOOR|2022-03-19|
20|Frederick|DOG|MALE|2012-02-16|[cancer, dog heartworm]|0|1|INDOOR|2022-02-11|2022-03-19
65|Favorit|CAT|MALE|2017-10-20|[kidney disease, deafness]|1|1|ANY|2022-03-20|
66|Matze|CAT|MALE|2021-12-15|[blindness, diabetes, tooth pathology]|1|1|INDOOR|2022-03-20|
67|Beva|CAT|FEMALE|2019-07-02|[blindness]|0|1|OUTDOOR|2022-03-22|
68|Yps|DOG|FEMALE|2018-11-29|[arthritis, cancer]|1|0|OUTDOOR|2022-03-22|
69|Luc|CAT|MALE|2018-12-19|[FeLV, cancer]|1|1|OUTDOOR|2022-03-22|
70|Donar|DOG|MALE|2011-10-30|[deafness]|0|0|OUTDOOR|2022-03-22|
71|Duke|DOG|MALE|2020-02-13|[arthritis, blindness, diabetes]|0|1|ANY|2022-03-23|
72|Elinor|CAT|FEMALE|2015-09-25|[FIV, feline heartworm, deafness]|1|1|ANY|2022-03-23|
73|Erka|CAT|FEMALE|2010-06-10|[]|0|1|INDOOR|2022-03-23|
