|5|2022-02-09|The animal was really shy but at the end they allowed to pet themselves.
|4|2022-02-15|It was mostly successful but the animal pissed on the PAs leg. Not sure if it is a good sign.
|18|2022-02-15|The animal jumped on the PA out of excitement. The PA tripped over but they seemed very happy.
|4|2022-02-17|The PA was taken by an ambulance after the animal bit off a part of their calf.
|15|2022-02-17|It was mostly successful but the animal pissed on the PAs leg. Not sure if it is a good sign.
|6|2022-02-19|The PA was taken by an ambulance after the animal bit off a part of their calf.
|20|2022-02-20|The animal jumped on the PA out of excitement. The PA tripped over but they seemed very happy.
|28|2022-02-20|The animal almost froze out of boredom. The PA did not seem to mind it though.
|40|2022-02-21|It was mostly successful but the animal pissed on the PAs leg. Not sure if it is a good sign.
|22|2022-02-22|It was mostly successful but the animal pissed on the PAs leg. Not sure if it is a good sign.
|40|2022-02-22|The animal was really shy but at the end they allowed to pet themselves.
|55|2022-02-23|It was mostly successful but the animal pissed on the PAs leg. Not sure if it is a good sign.
|38|2022-02-24|It was mostly successful but the animal pissed on the PAs leg. Not sure if it is a good sign.
|60|2022-02-24|It was mostly successful but the animal pissed on the PAs leg. Not sure if it is a good sign.
|31|2022-02-26|The animal was really shy but at the end they allowed to pet themselves.
|50|2022-02-27|The PA was taken by an ambulance after the animal bit off a part of their calf.
|59|2022-02-27|The animal jumped on the PA out of excitement. The PA tripped over but they seemed very happy.
|64|2022-02-27|The animal jumped on the PA out of excitement. The PA tripped over but they seemed very happy.
|40|2022-02-28|The animal was really shy but at the end they allowed to pet themselves.
|101|2022-03-02|The animal almost froze out of boredom. The PA did not seem to mind it though.
|109|2022-03-02|It was mostly successful but the animal pissed on the PAs leg. Not sure if it is a good sign.
|119|2022-03-02|
|27|2022-03-03|The animal almost froze out of boredom. The PA did not seem to mind it though.
|59|2022-03-03|The animal almost froze out of boredom. The PA did not seem to mind it though.
|116|2022-03-03|
|18|2022-03-04|The animal was really shy but at the end they allowed to pet themselves.
|125|2022-03-04|The PA was taken by an ambulance after the animal bit off a part of their calf.
|60|2022-03-05|The animal almost froze out of boredom. The PA did not seem to mind it though.
|62|2022-03-05|It was mostly successful but the animal pissed on the PAs leg. Not sure if it is a good sign.
|77|2022-03-05|The PA was taken by an ambulance after the animal bit off a part of their calf.
|82|2022-03-05|The animal was really shy but at the end they allowed to pet themselves.
|83|2022-03-05|The PA was taken by an ambulance after the animal bit off a part of their calf.
|92|2022-03-06|The animal jumped on the PA out of excitement. The PA tripped over but they seemed very happy.
|125|2022-03-06|It was mostly successful but the animal pissed on the PAs leg. Not sure if it is a good sign.
|141|2022-03-06|It was mostly successful but the animal pissed on the PAs leg. Not sure if it is a good sign.
|67|2022-03-07|The animal almost froze out of boredom. The PA did not seem to mind it though.
|131|2022-03-07|The animal jumped on the PA out of excitement. The PA tripped over but they seemed very happy.
|35|2022-03-08|The animal jumped on the PA out of excitement. The PA tripped over but they seemed very happy.
|85|2022-03-08|
|122|2022-03-08|It was mostly successful but the animal pissed on the PAs leg. Not sure if it is a good sign.
|122|2022-03-09|The animal jumped on the PA out of excitement. The PA tripped over but they seemed very happy.
|141|2022-03-09|The animal jumped on the PA out of excitement. The PA tripped over but they seemed very happy.
|167|2022-03-09|The animal almost froze out of boredom. The PA did not seem to mind it though.
|168|2022-03-09|The animal was really shy but at the end they allowed to pet themselves.
|192|2022-03-09|
|87|2022-03-10|
|146|2022-03-10|The animal jumped on the PA out of excitement. The PA tripped over but they seemed very happy.
|168|2022-03-10|The animal almost froze out of boredom. The PA did not seem to mind it though.
|174|2022-03-10|
|186|2022-03-10|
|79|2022-03-11|It was mostly successful but the animal pissed on the PAs leg. Not sure if it is a good sign.
|91|2022-03-11|The animal was really shy but at the end they allowed to pet themselves.
|135|2022-03-11|The PA was taken by an ambulance after the animal bit off a part of their calf.
|151|2022-03-11|The PA was taken by an ambulance after the animal bit off a part of their calf.
|212|2022-03-11|The animal was really shy but at the end they allowed to pet themselves.
|87|2022-03-12|It was mostly successful but the animal pissed on the PAs leg. Not sure if it is a good sign.
|95|2022-03-12|The PA was taken by an ambulance after the animal bit off a part of their calf.
|172|2022-03-12|
|163|2022-03-13|It was mostly successful but the animal pissed on the PAs leg. Not sure if it is a good sign.
|203|2022-03-13|
|56|2022-03-14|The animal jumped on the PA out of excitement. The PA tripped over but they seemed very happy.
|138|2022-03-14|
|163|2022-03-14|The animal jumped on the PA out of excitement. The PA tripped over but they seemed very happy.
|169|2022-03-14|The animal almost froze out of boredom. The PA did not seem to mind it though.
|78|2022-03-15|The animal almost froze out of boredom. The PA did not seem to mind it though.
|150|2022-03-15|The PA was taken by an ambulance after the animal bit off a part of their calf.
|161|2022-03-15|
|186|2022-03-15|The animal almost froze out of boredom. The PA did not seem to mind it though.
|204|2022-03-15|The animal almost froze out of boredom. The PA did not seem to mind it though.
|206|2022-03-15|The animal jumped on the PA out of excitement. The PA tripped over but they seemed very happy.
|221|2022-03-15|The animal was really shy but at the end they allowed to pet themselves.
|247|2022-03-15|It was mostly successful but the animal pissed on the PAs leg. Not sure if it is a good sign.
|91|2022-03-16|
|186|2022-03-16|The animal jumped on the PA out of excitement. The PA tripped over but they seemed very happy.
|189|2022-03-16|
|194|2022-03-16|The animal was really shy but at the end they allowed to pet themselves.
|255|2022-03-16|The animal was really shy but at the end they allowed to pet themselves.
|258|2022-03-16|The animal almost froze out of boredom. The PA did not seem to mind it though.
|192|2022-03-17|The animal jumped on the PA out of excitement. The PA tripped over but they seemed very happy.
|214|2022-03-17|The animal almost froze out of boredom. The PA did not seem to mind it though.
|259|2022-03-17|The PA was taken by an ambulance after the animal bit off a part of their calf.
|247|2022-03-18|The PA was taken by an ambulance after the animal bit off a part of their calf.
|249|2022-03-18|
|309|2022-03-19|
|56|2022-03-20|The animal jumped on the PA out of excitement. The PA tripped over but they seemed very happy.
|292|2022-03-20|The animal almost froze out of boredom. The PA did not seem to mind it though.
|173|2022-03-21|The animal almost froze out of boredom. The PA did not seem to mind it though.
|214|2022-03-21|The PA was taken by an ambulance after the animal bit off a part of their calf.
|256|2022-03-21|
|261|2022-03-21|The animal jumped on the PA out of excitement. The PA tripped over but they seemed very happy.
|270|2022-03-21|
|287|2022-03-21|
|345|2022-03-21|The animal almost froze out of boredom. The PA did not seem to mind it though.
|154|2022-03-22|The animal was really shy but at the end they allowed to pet themselves.
|176|2022-03-22|The PA was taken by an ambulance after the animal bit off a part of their calf.
|205|2022-03-22|
|240|2022-03-22|The PA was taken by an ambulance after the animal bit off a part of their calf.
|247|2022-03-22|The animal jumped on the PA out of excitement. The PA tripped over but they seemed very happy.
|313|2022-03-22|The PA was taken by an ambulance after the animal bit off a part of their calf.
|358|2022-03-22|The PA was taken by an ambulance after the animal bit off a part of their calf.
|360|2022-03-22|The animal was really shy but at the end they allowed to pet themselves.
|93|2022-03-23|The animal jumped on the PA out of excitement. The PA tripped over but they seemed very happy.
|194|2022-03-23|The animal almost froze out of boredom. The PA did not seem to mind it though.
|245|2022-03-23|The animal was really shy but at the end they allowed to pet themselves.
|246|2022-03-23|
|330|2022-03-23|The animal was really shy but at the end they allowed to pet themselves.
|340|2022-03-23|The animal jumped on the PA out of excitement. The PA tripped over but they seemed very happy.
