|1|DOG|11|TAK|INDOOR|NIE|2022-02-02
|2|DOG|6|TAK|ANY|NIE|2022-02-03
|3|DOG|11|NIE|ANY|TAK|2022-02-03
|4|CAT|15|NIE|INDOOR|NIE|2022-02-03
|5|DOG|12|TAK|ANY|NIE|2022-02-03
|6|CAT|14|TAK|INDOOR|NIE|2022-02-03
|7|CAT|9|NIE|OUTDOOR|NIE|2022-02-04
|8|CAT|16|TAK|OUTDOOR|NIE|2022-02-04
|9|DOG|12|NIE|INDOOR|TAK|2022-02-05
|10|CAT|19|NIE|ANY|TAK|2022-02-05
|11|DOG|17|TAK|ANY|NIE|2022-02-06
|12|DOG|1|TAK|OUTDOOR|NIE|2022-02-06
|13|DOG|5|NIE|ANY|TAK|2022-02-06
|14|CAT|11|NIE|INDOOR|NIE|2022-02-06
|15|CAT|4|NIE|ANY|NIE|2022-02-06
|16|DOG|2|NIE|ANY|NIE|2022-02-06
|17|DOG|19|NIE|INDOOR|NIE|2022-02-07
|18|DOG|14|TAK|ANY|NIE|2022-02-07
|19|CAT|17|TAK|OUTDOOR|NIE|2022-02-07
|20|DOG|1|NIE|OUTDOOR|NIE|2022-02-07
|21|DOG|13|NIE|INDOOR|TAK|2022-02-07
|7|CAT|12|TAK|ANY|NIE|2022-02-08
|2|CAT|11|TAK|INDOOR|NIE|2022-02-08
|9|CAT|18|NIE|ANY|TAK|2022-02-08
|10|CAT|10|NIE|INDOOR|TAK|2022-02-08
|14|CAT|14|TAK|ANY|TAK|2022-02-08
|4|CAT|12|TAK|ANY|NIE|2022-02-09
|22|CAT|8|TAK|ANY|TAK|2022-02-09
|23|DOG|5|TAK|ANY|TAK|2022-02-10
|5|DOG|16|NIE|ANY|TAK|2022-02-10
|10|DOG|17|NIE|OUTDOOR|NIE|2022-02-10
|16|DOG|1|TAK|INDOOR|TAK|2022-02-10
|12|DOG|18|TAK|ANY|NIE|2022-02-11
|19|CAT|3|NIE|OUTDOOR|TAK|2022-02-11
|23|CAT|16|TAK|ANY|NIE|2022-02-12
|1|DOG|2|TAK|INDOOR|NIE|2022-02-12
|8|CAT|7|TAK|INDOOR|NIE|2022-02-12
|11|CAT|12|NIE|ANY|NIE|2022-02-12
|24|CAT|12|TAK|OUTDOOR|NIE|2022-02-12
|25|CAT|10|NIE|INDOOR|TAK|2022-02-12
|26|CAT|12|NIE|ANY|NIE|2022-02-12
|27|CAT|2|TAK|OUTDOOR|NIE|2022-02-12
|28|CAT|2|TAK|OUTDOOR|TAK|2022-02-12
|29|CAT|14|NIE|OUTDOOR|TAK|2022-02-12
|6|DOG|5|TAK|INDOOR|TAK|2022-02-13
|15|DOG|15|TAK|INDOOR|TAK|2022-02-13
|30|CAT|11|TAK|ANY|TAK|2022-02-13
|31|DOG|11|NIE|OUTDOOR|TAK|2022-02-13
|32|DOG|2|TAK|OUTDOOR|TAK|2022-02-13
|33|DOG|15|NIE|INDOOR|TAK|2022-02-13
|34|DOG|15|NIE|ANY|NIE|2022-02-13
|35|DOG|5|TAK|OUTDOOR|TAK|2022-02-13
|4|DOG|17|NIE|OUTDOOR|NIE|2022-02-14
|31|CAT|10|NIE|ANY|TAK|2022-02-14
|36|DOG|10|TAK|ANY|TAK|2022-02-14
|37|CAT|0|TAK|INDOOR|TAK|2022-02-14
|38|CAT|18|NIE|ANY|NIE|2022-02-14
|39|DOG|17|NIE|OUTDOOR|TAK|2022-02-14
|40|DOG|9|TAK|OUTDOOR|TAK|2022-02-14
|30|CAT|14|TAK|OUTDOOR|TAK|2022-02-15
|11|CAT|5|TAK|INDOOR|NIE|2022-02-16
|14|DOG|16|NIE|ANY|TAK|2022-02-16
|16|CAT|13|NIE|OUTDOOR|TAK|2022-02-16
|41|CAT|2|NIE|INDOOR|TAK|2022-02-16
|42|DOG|2|NIE|OUTDOOR|TAK|2022-02-16
|7|CAT|1|NIE|OUTDOOR|TAK|2022-02-17
|12|CAT|5|TAK|INDOOR|NIE|2022-02-17
|18|CAT|1|NIE|INDOOR|NIE|2022-02-17
|30|DOG|11|NIE|ANY|NIE|2022-02-17
|32|DOG|2|TAK|ANY|NIE|2022-02-17
|36|DOG|16|TAK|ANY|NIE|2022-02-17
|43|CAT|12|TAK|OUTDOOR|NIE|2022-02-17
|44|DOG|4|NIE|ANY|TAK|2022-02-17
|45|CAT|14|NIE|INDOOR|NIE|2022-02-17
|46|CAT|12|NIE|OUTDOOR|NIE|2022-02-17
|47|DOG|8|NIE|ANY|NIE|2022-02-17
|25|DOG|13|TAK|INDOOR|NIE|2022-02-18
|26|DOG|16|NIE|OUTDOOR|NIE|2022-02-18
|31|CAT|3|NIE|ANY|TAK|2022-02-18
|19|DOG|15|TAK|OUTDOOR|TAK|2022-02-19
|43|CAT|7|TAK|INDOOR|NIE|2022-02-19
|48|CAT|5|TAK|INDOOR|TAK|2022-02-19
|49|DOG|16|TAK|INDOOR|NIE|2022-02-19
|50|DOG|12|TAK|ANY|TAK|2022-02-19
|51|CAT|14|NIE|INDOOR|NIE|2022-02-19
|6|DOG|9|NIE|OUTDOOR|TAK|2022-02-20
|14|CAT|14|TAK|INDOOR|NIE|2022-02-20
|22|DOG|7|NIE|OUTDOOR|TAK|2022-02-20
|28|CAT|6|NIE|OUTDOOR|TAK|2022-02-20
|35|DOG|9|NIE|INDOOR|NIE|2022-02-20
|45|DOG|11|TAK|INDOOR|NIE|2022-02-20
|49|DOG|0|TAK|ANY|TAK|2022-02-20
|51|DOG|1|NIE|INDOOR|TAK|2022-02-20
|52|DOG|18|TAK|INDOOR|TAK|2022-02-20
|53|DOG|1|NIE|INDOOR|NIE|2022-02-20
|54|DOG|7|NIE|INDOOR|TAK|2022-02-20
|55|DOG|11|TAK|INDOOR|NIE|2022-02-20
|56|CAT|11|TAK|OUTDOOR|TAK|2022-02-20
|57|DOG|0|TAK|INDOOR|NIE|2022-02-20
|23|DOG|10|NIE|INDOOR|TAK|2022-02-21
|5|DOG|16|TAK|INDOOR|TAK|2022-02-21
|6|DOG|6|TAK|OUTDOOR|TAK|2022-02-21
|46|DOG|0|TAK|ANY|NIE|2022-02-21
|57|CAT|8|NIE|OUTDOOR|NIE|2022-02-21
|58|CAT|1|NIE|INDOOR|NIE|2022-02-21
|59|DOG|6|NIE|INDOOR|NIE|2022-02-21
|60|CAT|2|TAK|OUTDOOR|TAK|2022-02-21
|61|DOG|6|NIE|INDOOR|NIE|2022-02-21
|62|CAT|18|NIE|ANY|NIE|2022-02-21
|7|DOG|13|TAK|OUTDOOR|NIE|2022-02-22
|3|DOG|7|TAK|OUTDOOR|TAK|2022-02-22
|10|CAT|9|TAK|INDOOR|NIE|2022-02-22
|14|CAT|7|TAK|ANY|NIE|2022-02-22
|24|DOG|19|TAK|OUTDOOR|TAK|2022-02-22
|52|DOG|7|NIE|ANY|NIE|2022-02-22
|63|CAT|1|TAK|ANY|TAK|2022-02-22
|64|DOG|18|TAK|ANY|TAK|2022-02-22
|6|DOG|4|TAK|INDOOR|TAK|2022-02-23
|38|DOG|2|NIE|ANY|NIE|2022-02-23
|65|DOG|2|TAK|OUTDOOR|NIE|2022-02-23
|66|DOG|3|TAK|ANY|NIE|2022-02-23
|67|CAT|2|NIE|INDOOR|TAK|2022-02-23
|68|CAT|1|TAK|ANY|TAK|2022-02-23
|7|CAT|18|NIE|OUTDOOR|NIE|2022-02-24
|42|CAT|2|NIE|OUTDOOR|NIE|2022-02-24
|53|CAT|7|TAK|OUTDOOR|NIE|2022-02-24
|59|CAT|1|NIE|ANY|TAK|2022-02-24
|69|CAT|17|NIE|INDOOR|TAK|2022-02-24
|70|CAT|12|NIE|INDOOR|NIE|2022-02-24
|71|CAT|14|NIE|INDOOR|NIE|2022-02-24
|72|DOG|18|NIE|ANY|NIE|2022-02-24
|73|DOG|10|NIE|INDOOR|TAK|2022-02-24
|74|DOG|17|NIE|OUTDOOR|NIE|2022-02-24
|23|CAT|13|NIE|OUTDOOR|TAK|2022-02-25
|1|DOG|12|TAK|INDOOR|NIE|2022-02-25
|17|DOG|7|NIE|INDOOR|TAK|2022-02-25
|18|DOG|10|TAK|OUTDOOR|NIE|2022-02-25
|20|DOG|15|TAK|ANY|NIE|2022-02-25
|31|DOG|13|NIE|ANY|NIE|2022-02-25
|33|DOG|9|NIE|ANY|TAK|2022-02-25
|58|DOG|15|NIE|ANY|NIE|2022-02-25
|70|CAT|11|NIE|INDOOR|TAK|2022-02-25
|71|CAT|0|TAK|OUTDOOR|NIE|2022-02-25
|73|DOG|3|NIE|OUTDOOR|TAK|2022-02-25
|1|CAT|13|NIE|OUTDOOR|TAK|2022-02-26
|12|CAT|14|NIE|ANY|TAK|2022-02-26
|16|CAT|9|NIE|ANY|TAK|2022-02-26
|19|DOG|18|TAK|INDOOR|TAK|2022-02-26
|22|DOG|16|TAK|OUTDOOR|TAK|2022-02-26
|42|DOG|0|NIE|OUTDOOR|NIE|2022-02-26
|43|DOG|11|TAK|OUTDOOR|TAK|2022-02-26
|59|DOG|2|NIE|OUTDOOR|TAK|2022-02-26
|75|CAT|1|TAK|INDOOR|NIE|2022-02-26
|76|DOG|7|NIE|INDOOR|NIE|2022-02-26
|77|DOG|0|TAK|OUTDOOR|TAK|2022-02-26
|7|DOG|1|TAK|ANY|TAK|2022-02-27
|3|CAT|12|NIE|INDOOR|TAK|2022-02-27
|11|DOG|5|TAK|OUTDOOR|NIE|2022-02-27
|35|CAT|18|NIE|INDOOR|TAK|2022-02-27
|45|DOG|3|TAK|INDOOR|TAK|2022-02-27
|47|DOG|17|NIE|OUTDOOR|NIE|2022-02-27
|49|CAT|17|NIE|INDOOR|NIE|2022-02-27
|54|CAT|17|TAK|ANY|TAK|2022-02-27
|57|CAT|7|NIE|OUTDOOR|NIE|2022-02-27
|64|CAT|3|NIE|ANY|TAK|2022-02-27
|66|CAT|10|NIE|ANY|NIE|2022-02-27
|68|CAT|17|TAK|ANY|TAK|2022-02-27
|76|DOG|4|TAK|OUTDOOR|NIE|2022-02-27
|78|CAT|19|TAK|OUTDOOR|NIE|2022-02-27
|79|DOG|8|TAK|OUTDOOR|NIE|2022-02-27
|80|CAT|12|TAK|INDOOR|TAK|2022-02-27
|81|DOG|16|NIE|OUTDOOR|NIE|2022-02-27
|3|DOG|13|TAK|OUTDOOR|NIE|2022-02-28
|17|CAT|13|NIE|ANY|NIE|2022-02-28
|26|CAT|5|TAK|INDOOR|NIE|2022-02-28
|29|CAT|9|TAK|ANY|NIE|2022-02-28
|30|DOG|6|TAK|OUTDOOR|NIE|2022-02-28
|33|DOG|1|NIE|INDOOR|NIE|2022-02-28
|46|DOG|17|NIE|INDOOR|TAK|2022-02-28
|53|CAT|7|TAK|ANY|TAK|2022-02-28
|74|DOG|6|NIE|INDOOR|TAK|2022-02-28
|76|DOG|5|NIE|ANY|TAK|2022-02-28
|81|DOG|12|TAK|INDOOR|TAK|2022-02-28
|82|DOG|11|NIE|ANY|NIE|2022-02-28
|83|DOG|10|TAK|ANY|NIE|2022-02-28
|84|CAT|12|NIE|INDOOR|TAK|2022-02-28
|85|DOG|16|NIE|ANY|NIE|2022-02-28
|13|CAT|5|TAK|INDOOR|NIE|2022-03-01
|29|DOG|14|TAK|INDOOR|NIE|2022-03-01
|50|CAT|0|NIE|OUTDOOR|NIE|2022-03-01
|52|CAT|12|TAK|ANY|TAK|2022-03-01
|56|CAT|17|NIE|INDOOR|NIE|2022-03-01
|65|DOG|3|NIE|OUTDOOR|TAK|2022-03-01
|77|CAT|12|NIE|OUTDOOR|NIE|2022-03-01
|79|DOG|1|NIE|OUTDOOR|NIE|2022-03-01
|86|DOG|9|TAK|INDOOR|NIE|2022-03-01
|18|CAT|13|TAK|INDOOR|NIE|2022-03-02
|19|DOG|18|TAK|ANY|NIE|2022-03-02
|21|DOG|15|TAK|ANY|NIE|2022-03-02
|37|CAT|4|NIE|ANY|TAK|2022-03-02
|43|DOG|10|TAK|OUTDOOR|NIE|2022-03-02
|65|CAT|10|TAK|INDOOR|TAK|2022-03-02
|73|DOG|8|TAK|ANY|TAK|2022-03-02
|79|DOG|12|NIE|OUTDOOR|NIE|2022-03-02
|84|DOG|3|TAK|INDOOR|NIE|2022-03-02
|87|CAT|0|TAK|INDOOR|NIE|2022-03-02
|88|CAT|3|NIE|INDOOR|NIE|2022-03-02
|89|CAT|12|TAK|ANY|TAK|2022-03-02
|90|DOG|5|NIE|INDOOR|NIE|2022-03-03
|1|CAT|17|TAK|INDOOR|TAK|2022-03-03
|8|CAT|5|TAK|ANY|TAK|2022-03-03
|10|CAT|13|NIE|OUTDOOR|NIE|2022-03-03
|13|DOG|8|NIE|OUTDOOR|TAK|2022-03-03
|18|DOG|6|NIE|OUTDOOR|NIE|2022-03-03
|21|CAT|10|TAK|INDOOR|NIE|2022-03-03
|37|CAT|4|NIE|OUTDOOR|NIE|2022-03-03
|48|DOG|5|TAK|INDOOR|TAK|2022-03-03
|49|DOG|2|TAK|OUTDOOR|TAK|2022-03-03
|55|CAT|16|NIE|ANY|TAK|2022-03-03
|61|DOG|9|TAK|ANY|TAK|2022-03-03
|69|DOG|8|TAK|INDOOR|NIE|2022-03-03
|91|DOG|15|TAK|OUTDOOR|NIE|2022-03-03
|92|CAT|10|TAK|INDOOR|TAK|2022-03-03
|3|CAT|4|NIE|OUTDOOR|NIE|2022-03-04
|10|CAT|6|NIE|ANY|TAK|2022-03-04
|54|CAT|16|TAK|OUTDOOR|TAK|2022-03-04
|58|DOG|1|TAK|ANY|TAK|2022-03-04
|60|DOG|11|TAK|OUTDOOR|NIE|2022-03-04
|72|CAT|11|TAK|OUTDOOR|NIE|2022-03-04
|81|DOG|7|NIE|INDOOR|TAK|2022-03-04
|93|DOG|5|NIE|OUTDOOR|TAK|2022-03-04
|94|DOG|10|TAK|ANY|TAK|2022-03-04
|95|CAT|12|TAK|ANY|TAK|2022-03-04
|96|CAT|16|NIE|ANY|NIE|2022-03-04
|97|CAT|16|NIE|INDOOR|TAK|2022-03-04
|20|DOG|8|TAK|ANY|NIE|2022-03-05
|76|CAT|9|TAK|OUTDOOR|TAK|2022-03-05
|82|DOG|16|NIE|INDOOR|NIE|2022-03-05
|94|CAT|1|TAK|INDOOR|TAK|2022-03-05
|95|DOG|19|NIE|INDOOR|NIE|2022-03-05
|98|DOG|3|TAK|INDOOR|NIE|2022-03-05
|99|DOG|14|TAK|INDOOR|NIE|2022-03-05
|100|CAT|5|TAK|OUTDOOR|NIE|2022-03-05
|101|CAT|12|NIE|ANY|NIE|2022-03-05
|102|CAT|11|TAK|OUTDOOR|NIE|2022-03-05
|90|CAT|15|NIE|INDOOR|NIE|2022-03-06
|12|DOG|4|TAK|OUTDOOR|NIE|2022-03-06
|14|CAT|9|NIE|OUTDOOR|NIE|2022-03-06
|19|DOG|16|NIE|INDOOR|TAK|2022-03-06
|28|DOG|9|NIE|OUTDOOR|TAK|2022-03-06
|44|CAT|8|TAK|OUTDOOR|TAK|2022-03-06
|45|CAT|9|NIE|OUTDOOR|NIE|2022-03-06
|78|DOG|15|NIE|INDOOR|NIE|2022-03-06
|80|CAT|2|NIE|INDOOR|TAK|2022-03-06
|95|CAT|0|NIE|ANY|TAK|2022-03-06
|98|DOG|4|NIE|ANY|TAK|2022-03-06
|103|DOG|5|TAK|OUTDOOR|TAK|2022-03-06
|104|CAT|13|TAK|INDOOR|TAK|2022-03-06
|105|DOG|9|TAK|INDOOR|NIE|2022-03-06
|106|CAT|2|NIE|INDOOR|TAK|2022-03-06
|107|CAT|6|TAK|OUTDOOR|TAK|2022-03-06
|4|DOG|5|NIE|OUTDOOR|NIE|2022-03-07
|5|CAT|12|TAK|ANY|TAK|2022-03-07
|13|DOG|15|NIE|INDOOR|TAK|2022-03-07
|14|DOG|7|NIE|INDOOR|TAK|2022-03-07
|18|CAT|15|NIE|ANY|TAK|2022-03-07
|41|CAT|4|TAK|INDOOR|NIE|2022-03-07
|46|DOG|13|TAK|ANY|NIE|2022-03-07
|49|DOG|17|TAK|OUTDOOR|NIE|2022-03-07
|55|DOG|19|TAK|OUTDOOR|TAK|2022-03-07
|60|DOG|3|TAK|INDOOR|NIE|2022-03-07
|69|DOG|3|NIE|INDOOR|TAK|2022-03-07
|77|DOG|7|NIE|ANY|NIE|2022-03-07
|78|DOG|7|NIE|ANY|TAK|2022-03-07
|85|DOG|6|TAK|INDOOR|TAK|2022-03-07
|89|CAT|14|NIE|OUTDOOR|TAK|2022-03-07
|94|CAT|18|TAK|OUTDOOR|TAK|2022-03-07
|102|DOG|1|TAK|INDOOR|TAK|2022-03-07
|108|DOG|3|NIE|INDOOR|TAK|2022-03-07
|109|DOG|15|TAK|INDOOR|TAK|2022-03-07
|110|CAT|3|NIE|INDOOR|TAK|2022-03-07
|111|CAT|0|NIE|INDOOR|NIE|2022-03-07
|112|CAT|13|TAK|OUTDOOR|TAK|2022-03-07
|27|CAT|18|TAK|OUTDOOR|NIE|2022-03-08
|28|CAT|18|NIE|OUTDOOR|NIE|2022-03-08
|38|CAT|2|TAK|INDOOR|NIE|2022-03-08
|39|DOG|11|TAK|OUTDOOR|NIE|2022-03-08
|47|DOG|8|TAK|OUTDOOR|NIE|2022-03-08
|49|DOG|4|NIE|OUTDOOR|TAK|2022-03-08
|98|CAT|10|NIE|ANY|TAK|2022-03-08
|106|DOG|14|NIE|OUTDOOR|NIE|2022-03-08
|112|DOG|1|NIE|OUTDOOR|TAK|2022-03-08
|113|DOG|6|NIE|OUTDOOR|NIE|2022-03-08
|114|DOG|11|TAK|INDOOR|NIE|2022-03-08
|115|DOG|19|TAK|INDOOR|TAK|2022-03-08
|116|CAT|6|NIE|ANY|TAK|2022-03-08
|117|CAT|11|NIE|ANY|TAK|2022-03-08
|118|CAT|14|TAK|OUTDOOR|TAK|2022-03-08
|7|CAT|2|NIE|INDOOR|TAK|2022-03-09
|90|CAT|14|TAK|INDOOR|NIE|2022-03-09
|18|CAT|4|TAK|ANY|TAK|2022-03-09
|21|CAT|8|TAK|ANY|NIE|2022-03-09
|40|DOG|19|NIE|INDOOR|NIE|2022-03-09
|59|DOG|11|TAK|ANY|NIE|2022-03-09
|72|DOG|6|TAK|ANY|NIE|2022-03-09
|82|DOG|8|TAK|ANY|NIE|2022-03-09
|87|DOG|19|NIE|ANY|NIE|2022-03-09
|115|DOG|2|TAK|OUTDOOR|NIE|2022-03-09
|116|CAT|18|TAK|ANY|NIE|2022-03-09
|119|DOG|0|TAK|ANY|TAK|2022-03-09
|120|CAT|3|NIE|INDOOR|NIE|2022-03-09
|121|CAT|14|TAK|INDOOR|NIE|2022-03-09
|122|CAT|19|NIE|OUTDOOR|NIE|2022-03-09
|123|CAT|19|TAK|ANY|TAK|2022-03-09
|124|CAT|6|TAK|OUTDOOR|NIE|2022-03-09
|29|CAT|8|NIE|INDOOR|TAK|2022-03-10
|33|CAT|18|TAK|INDOOR|TAK|2022-03-10
|59|CAT|19|TAK|OUTDOOR|TAK|2022-03-10
|82|DOG|6|TAK|ANY|NIE|2022-03-10
|83|CAT|5|TAK|INDOOR|TAK|2022-03-10
|84|CAT|4|NIE|OUTDOOR|NIE|2022-03-10
|89|CAT|16|TAK|ANY|TAK|2022-03-10
|94|CAT|0|TAK|INDOOR|NIE|2022-03-10
|99|DOG|9|TAK|INDOOR|TAK|2022-03-10
|104|CAT|10|TAK|OUTDOOR|NIE|2022-03-10
|105|DOG|18|TAK|INDOOR|TAK|2022-03-10
|111|CAT|6|NIE|INDOOR|NIE|2022-03-10
|113|CAT|4|TAK|ANY|NIE|2022-03-10
|125|CAT|3|NIE|OUTDOOR|NIE|2022-03-10
|126|DOG|6|TAK|OUTDOOR|TAK|2022-03-10
|127|DOG|7|TAK|ANY|NIE|2022-03-10
|128|DOG|0|TAK|OUTDOOR|TAK|2022-03-10
|129|CAT|12|TAK|ANY|TAK|2022-03-10
|6|CAT|17|NIE|OUTDOOR|NIE|2022-03-11
|22|DOG|6|TAK|ANY|NIE|2022-03-11
|39|DOG|12|TAK|OUTDOOR|TAK|2022-03-11
|54|DOG|19|TAK|OUTDOOR|NIE|2022-03-11
|57|DOG|2|NIE|INDOOR|TAK|2022-03-11
|109|DOG|13|TAK|INDOOR|TAK|2022-03-11
|112|DOG|18|TAK|INDOOR|NIE|2022-03-11
|130|DOG|18|TAK|ANY|TAK|2022-03-11
|131|CAT|11|TAK|ANY|TAK|2022-03-11
|132|CAT|6|NIE|ANY|NIE|2022-03-11
|133|CAT|17|NIE|INDOOR|TAK|2022-03-11
|134|DOG|15|NIE|OUTDOOR|NIE|2022-03-11
|135|CAT|19|NIE|ANY|NIE|2022-03-11
|3|DOG|8|NIE|INDOOR|TAK|2022-03-12
|14|CAT|10|TAK|INDOOR|TAK|2022-03-12
|22|CAT|15|NIE|ANY|NIE|2022-03-12
|27|DOG|4|TAK|INDOOR|TAK|2022-03-12
|28|CAT|10|NIE|ANY|NIE|2022-03-12
|53|CAT|6|NIE|INDOOR|TAK|2022-03-12
|54|DOG|13|TAK|OUTDOOR|TAK|2022-03-12
|63|DOG|2|NIE|OUTDOOR|NIE|2022-03-12
|73|DOG|10|NIE|INDOOR|NIE|2022-03-12
|74|DOG|13|NIE|ANY|TAK|2022-03-12
|85|CAT|10|NIE|ANY|NIE|2022-03-12
|119|DOG|13|NIE|INDOOR|NIE|2022-03-12
|136|DOG|11|TAK|OUTDOOR|NIE|2022-03-12
|137|DOG|4|TAK|OUTDOOR|TAK|2022-03-12
|138|CAT|8|TAK|INDOOR|TAK|2022-03-12
|139|CAT|10|NIE|INDOOR|TAK|2022-03-12
|140|DOG|1|TAK|INDOOR|TAK|2022-03-12
|141|CAT|2|TAK|OUTDOOR|TAK|2022-03-12
|7|CAT|1|TAK|ANY|TAK|2022-03-13
|12|CAT|2|NIE|OUTDOOR|TAK|2022-03-13
|14|CAT|19|TAK|OUTDOOR|TAK|2022-03-13
|37|CAT|14|NIE|OUTDOOR|TAK|2022-03-13
|42|CAT|15|TAK|ANY|TAK|2022-03-13
|69|CAT|12|TAK|OUTDOOR|NIE|2022-03-13
|79|CAT|11|NIE|OUTDOOR|NIE|2022-03-13
|87|DOG|10|TAK|OUTDOOR|TAK|2022-03-13
|108|CAT|15|TAK|ANY|NIE|2022-03-13
|115|DOG|14|NIE|OUTDOOR|TAK|2022-03-13
|142|DOG|7|NIE|INDOOR|NIE|2022-03-13
|143|CAT|8|NIE|INDOOR|TAK|2022-03-13
|144|DOG|0|NIE|ANY|NIE|2022-03-13
|145|CAT|0|TAK|INDOOR|NIE|2022-03-13
|146|DOG|3|TAK|ANY|TAK|2022-03-13
|11|DOG|1|TAK|ANY|TAK|2022-03-14
|30|CAT|16|TAK|OUTDOOR|TAK|2022-03-14
|43|DOG|14|NIE|ANY|NIE|2022-03-14
|55|CAT|3|TAK|ANY|NIE|2022-03-14
|57|DOG|16|NIE|ANY|NIE|2022-03-14
|64|DOG|18|NIE|INDOOR|TAK|2022-03-14
|97|CAT|9|NIE|OUTDOOR|TAK|2022-03-14
|98|DOG|16|TAK|INDOOR|NIE|2022-03-14
|108|DOG|14|TAK|ANY|NIE|2022-03-14
|129|CAT|19|NIE|INDOOR|NIE|2022-03-14
|147|CAT|13|TAK|OUTDOOR|TAK|2022-03-14
|148|DOG|15|TAK|INDOOR|NIE|2022-03-14
|149|DOG|19|TAK|INDOOR|TAK|2022-03-14
|150|CAT|17|TAK|OUTDOOR|TAK|2022-03-14
|151|CAT|3|NIE|INDOOR|NIE|2022-03-14
|14|CAT|16|NIE|ANY|NIE|2022-03-15
|17|CAT|9|NIE|INDOOR|NIE|2022-03-15
|57|CAT|2|TAK|ANY|TAK|2022-03-15
|63|CAT|8|NIE|OUTDOOR|TAK|2022-03-15
|72|CAT|7|TAK|INDOOR|TAK|2022-03-15
|88|CAT|19|NIE|INDOOR|TAK|2022-03-15
|93|CAT|5|NIE|OUTDOOR|NIE|2022-03-15
|94|DOG|15|NIE|OUTDOOR|NIE|2022-03-15
|98|CAT|18|TAK|OUTDOOR|TAK|2022-03-15
|101|CAT|19|NIE|OUTDOOR|TAK|2022-03-15
|105|DOG|12|NIE|INDOOR|TAK|2022-03-15
|113|DOG|18|NIE|OUTDOOR|TAK|2022-03-15
|114|CAT|12|NIE|OUTDOOR|TAK|2022-03-15
|115|DOG|12|NIE|ANY|TAK|2022-03-15
|152|DOG|5|TAK|INDOOR|TAK|2022-03-15
|153|CAT|9|TAK|ANY|NIE|2022-03-15
|154|DOG|17|NIE|INDOOR|TAK|2022-03-15
|6|DOG|8|NIE|ANY|TAK|2022-03-16
|8|CAT|13|TAK|OUTDOOR|NIE|2022-03-16
|18|CAT|0|NIE|OUTDOOR|TAK|2022-03-16
|46|CAT|0|TAK|OUTDOOR|NIE|2022-03-16
|51|CAT|2|NIE|INDOOR|NIE|2022-03-16
|53|CAT|3|TAK|INDOOR|TAK|2022-03-16
|63|CAT|0|NIE|ANY|TAK|2022-03-16
|73|CAT|15|NIE|OUTDOOR|NIE|2022-03-16
|80|DOG|15|NIE|ANY|TAK|2022-03-16
|81|DOG|1|NIE|OUTDOOR|NIE|2022-03-16
|92|CAT|9|TAK|INDOOR|TAK|2022-03-16
|100|CAT|0|NIE|ANY|TAK|2022-03-16
|102|DOG|11|NIE|OUTDOOR|TAK|2022-03-16
|133|CAT|18|TAK|OUTDOOR|TAK|2022-03-16
|153|CAT|16|TAK|OUTDOOR|NIE|2022-03-16
|23|DOG|15|NIE|ANY|TAK|2022-03-17
|2|CAT|8|TAK|OUTDOOR|TAK|2022-03-17
|17|CAT|16|NIE|INDOOR|NIE|2022-03-17
|40|CAT|18|TAK|ANY|TAK|2022-03-17
|54|DOG|5|NIE|ANY|NIE|2022-03-17
|60|CAT|14|NIE|ANY|TAK|2022-03-17
|75|DOG|10|NIE|OUTDOOR|TAK|2022-03-17
|78|CAT|6|NIE|INDOOR|TAK|2022-03-17
|92|CAT|17|TAK|INDOOR|NIE|2022-03-17
|110|CAT|12|NIE|OUTDOOR|NIE|2022-03-17
|146|DOG|2|NIE|INDOOR|NIE|2022-03-17
|153|DOG|18|NIE|OUTDOOR|TAK|2022-03-17
|10|DOG|1|NIE|INDOOR|TAK|2022-03-18
|17|CAT|5|NIE|ANY|NIE|2022-03-18
|24|CAT|11|NIE|INDOOR|TAK|2022-03-18
|27|DOG|2|NIE|ANY|NIE|2022-03-18
|29|CAT|9|TAK|ANY|TAK|2022-03-18
|44|DOG|3|TAK|INDOOR|TAK|2022-03-18
|47|CAT|19|NIE|OUTDOOR|TAK|2022-03-18
|53|CAT|10|TAK|INDOOR|TAK|2022-03-18
|58|DOG|5|TAK|OUTDOOR|TAK|2022-03-18
|59|DOG|8|TAK|INDOOR|TAK|2022-03-18
|87|CAT|1|TAK|ANY|TAK|2022-03-18
|91|CAT|19|TAK|OUTDOOR|NIE|2022-03-18
|92|CAT|3|TAK|ANY|TAK|2022-03-18
|99|CAT|4|NIE|ANY|NIE|2022-03-18
|109|DOG|11|NIE|ANY|NIE|2022-03-18
|129|DOG|6|NIE|INDOOR|TAK|2022-03-18
|132|DOG|2|NIE|OUTDOOR|NIE|2022-03-18
|144|DOG|12|TAK|ANY|TAK|2022-03-18
|146|DOG|12|NIE|ANY|TAK|2022-03-18
|155|DOG|18|NIE|OUTDOOR|NIE|2022-03-18
|156|CAT|15|NIE|OUTDOOR|NIE|2022-03-18
|157|DOG|0|NIE|INDOOR|TAK|2022-03-18
|158|DOG|14|TAK|OUTDOOR|TAK|2022-03-18
|12|CAT|17|NIE|INDOOR|NIE|2022-03-19
|15|CAT|18|NIE|INDOOR|TAK|2022-03-19
|16|CAT|1|TAK|ANY|NIE|2022-03-19
|24|DOG|1|TAK|ANY|TAK|2022-03-19
|57|CAT|18|TAK|OUTDOOR|TAK|2022-03-19
|87|CAT|17|NIE|INDOOR|TAK|2022-03-19
|122|DOG|2|TAK|INDOOR|TAK|2022-03-19
|158|CAT|8|TAK|INDOOR|TAK|2022-03-19
|23|CAT|11|NIE|OUTDOOR|NIE|2022-03-20
|22|CAT|3|TAK|OUTDOOR|TAK|2022-03-20
|31|DOG|6|TAK|INDOOR|TAK|2022-03-20
|37|DOG|2|NIE|OUTDOOR|TAK|2022-03-20
|43|CAT|16|TAK|ANY|NIE|2022-03-20
|47|DOG|13|TAK|OUTDOOR|TAK|2022-03-20
|48|CAT|11|TAK|OUTDOOR|NIE|2022-03-20
|49|DOG|17|TAK|INDOOR|TAK|2022-03-20
|54|DOG|13|NIE|OUTDOOR|NIE|2022-03-20
|67|DOG|3|TAK|INDOOR|TAK|2022-03-20
|73|DOG|19|NIE|ANY|NIE|2022-03-20
|78|CAT|0|TAK|INDOOR|NIE|2022-03-20
|85|DOG|4|NIE|ANY|TAK|2022-03-20
|105|CAT|3|TAK|OUTDOOR|NIE|2022-03-20
|119|CAT|15|NIE|OUTDOOR|TAK|2022-03-20
|125|DOG|18|TAK|INDOOR|NIE|2022-03-20
|126|CAT|19|NIE|ANY|TAK|2022-03-20
|134|DOG|4|NIE|ANY|NIE|2022-03-20
|147|DOG|13|NIE|INDOOR|NIE|2022-03-20
|153|DOG|15|NIE|ANY|NIE|2022-03-20
|158|CAT|12|NIE|ANY|NIE|2022-03-20
|1|DOG|3|NIE|INDOOR|NIE|2022-03-21
|8|CAT|12|NIE|INDOOR|TAK|2022-03-21
|12|DOG|17|NIE|INDOOR|TAK|2022-03-21
|14|CAT|16|TAK|INDOOR|TAK|2022-03-21
|18|DOG|0|NIE|OUTDOOR|NIE|2022-03-21
|35|CAT|0|NIE|INDOOR|TAK|2022-03-21
|41|DOG|19|TAK|ANY|NIE|2022-03-21
|62|CAT|3|TAK|INDOOR|NIE|2022-03-21
|68|DOG|5|TAK|INDOOR|NIE|2022-03-21
|73|DOG|5|NIE|ANY|TAK|2022-03-21
|76|DOG|11|TAK|ANY|NIE|2022-03-21
|77|CAT|17|TAK|ANY|TAK|2022-03-21
|93|CAT|13|TAK|ANY|TAK|2022-03-21
|142|CAT|19|TAK|OUTDOOR|NIE|2022-03-21
|149|DOG|17|TAK|INDOOR|TAK|2022-03-21
|159|DOG|19|TAK|INDOOR|NIE|2022-03-21
|160|DOG|9|NIE|INDOOR|TAK|2022-03-21
|161|DOG|8|TAK|ANY|NIE|2022-03-21
|162|CAT|8|TAK|OUTDOOR|NIE|2022-03-21
|163|DOG|13|TAK|OUTDOOR|NIE|2022-03-21
|4|CAT|6|TAK|OUTDOOR|NIE|2022-03-22
|6|CAT|15|TAK|OUTDOOR|TAK|2022-03-22
|8|DOG|7|TAK|OUTDOOR|NIE|2022-03-22
|15|CAT|8|TAK|ANY|NIE|2022-03-22
|19|DOG|11|TAK|ANY|NIE|2022-03-22
|25|DOG|9|NIE|OUTDOOR|TAK|2022-03-22
|44|DOG|13|NIE|INDOOR|TAK|2022-03-22
|51|CAT|13|TAK|OUTDOOR|TAK|2022-03-22
|63|DOG|6|NIE|INDOOR|TAK|2022-03-22
|78|DOG|15|TAK|INDOOR|TAK|2022-03-22
|82|DOG|10|TAK|OUTDOOR|TAK|2022-03-22
|87|DOG|11|TAK|INDOOR|NIE|2022-03-22
|94|CAT|8|NIE|OUTDOOR|TAK|2022-03-22
|115|DOG|17|NIE|OUTDOOR|NIE|2022-03-22
|124|CAT|12|TAK|INDOOR|TAK|2022-03-22
|128|DOG|4|NIE|ANY|TAK|2022-03-22
|138|CAT|19|TAK|ANY|NIE|2022-03-22
|157|CAT|4|TAK|INDOOR|NIE|2022-03-22
|158|DOG|11|TAK|ANY|TAK|2022-03-22
|164|CAT|8|NIE|ANY|TAK|2022-03-22
|165|DOG|2|NIE|OUTDOOR|TAK|2022-03-22
|166|DOG|16|TAK|ANY|TAK|2022-03-22
|167|DOG|14|TAK|ANY|TAK|2022-03-22
|168|CAT|11|TAK|ANY|TAK|2022-03-22
|169|CAT|8|NIE|OUTDOOR|NIE|2022-03-22
|1|DOG|17|TAK|OUTDOOR|NIE|2022-03-23
|5|DOG|12|TAK|OUTDOOR|TAK|2022-03-23
|26|CAT|2|NIE|OUTDOOR|NIE|2022-03-23
|35|CAT|6|NIE|ANY|TAK|2022-03-23
|40|CAT|13|NIE|INDOOR|NIE|2022-03-23
|48|DOG|8|TAK|OUTDOOR|NIE|2022-03-23
|71|CAT|9|NIE|OUTDOOR|NIE|2022-03-23
|83|CAT|13|TAK|OUTDOOR|NIE|2022-03-23
|88|DOG|19|TAK|ANY|TAK|2022-03-23
|96|CAT|18|NIE|OUTDOOR|TAK|2022-03-23
|97|DOG|13|NIE|OUTDOOR|NIE|2022-03-23
|105|CAT|4|NIE|INDOOR|NIE|2022-03-23
|126|DOG|16|TAK|INDOOR|TAK|2022-03-23
|134|DOG|8|NIE|INDOOR|NIE|2022-03-23
|137|DOG|15|NIE|OUTDOOR|TAK|2022-03-23
|142|DOG|2|NIE|ANY|TAK|2022-03-23
|156|CAT|5|TAK|OUTDOOR|NIE|2022-03-23
|170|CAT|18|NIE|OUTDOOR|NIE|2022-03-23
|171|DOG|18|NIE|ANY|TAK|2022-03-23
|172|DOG|1|TAK|INDOOR|TAK|2022-03-23
|173|DOG|15|TAK|ANY|NIE|2022-03-23
