|94830074979|Ernest|Lynch|TAK
|77880621603|Robyn|Gupta|TAK
|45840011111|Avictor|Snyder|NIE
|67830681638|Daren|Wood|TAK
|79810121630|Kain|Strauss|TAK
|50820529940|Ynez|Lin|NIE
|64910115773|Bentlee|Gill|NIE
|76810452627|Kellie|Howe|NIE
|92840192649|Rafaelita|Bridges|NIE
|66810313565|Catherin|Hurley|NIE
|86910496717|Garrot|Haas|NIE
|77860610263|Carlynn|Michael|TAK
|51830153178|Kingsley|Merrill|NIE
|50820187128|Electra|Bond|TAK
|55820515913|Gabi|Barker|TAK
|01870434551|Zacherie|McCarthy|NIE
|69800121959|Elwyn|Parsons|TAK
|72890013020|Karla|Graham|NIE
|78870655893|Kippar|Hancock|NIE
|73820508254|Kaiser|Han|TAK
|49880096905|Corinna|Dixon|NIE
|62810426892|Sylas|Lyons|TAK
|42910260736|Huberto|Dawson|NIE
|55900661321|Melli|Weinstein|NIE
|50910347430|Ozzie|Brock|NIE
|56900291150|Matty|Tuttle|NIE
|75820137276|Sigfried|OBrien|NIE
|77870234127|Adrian|Horton|NIE
|63910258459|Beale|Nelson|TAK
|51820665355|Everett|Foley|TAK
|64850536201|Quintana|Stein|TAK
|45900110288|Marcela|Godfrey|NIE
|47810198024|Gipsy|Jain|TAK
|53850525100|Randa|Kramer|TAK
|90880072990|Cord|Terry|TAK
|66880479756|Justus|Lucas|NIE
|77900154164|Berni|Haas|NIE
|76890006006|Anissa|Larson|TAK
|64870319961|Kim|Silverman|TAK
|89910693018|Daren|Foster|NIE
|68830462454|Lonnard|Willis|NIE
|46890602959|Wes|Kerr|TAK
|55850240962|Berry|Murphy|TAK
|84820446457|Kev|Neal|NIE
|54830554341|Lauralee|Vincent|NIE
|61850645128|Roobbie|Farrell|TAK
|50890415774|Vail|Strauss|TAK
|51900204582|Christabel|Harris|NIE
|57900131028|Jacquelin|Hester|TAK
|55820635170|Jameson|Pate|NIE
|56890589549|Abbe|Becker|TAK
|76870233457|Rudolf|Dean|TAK
|83900004338|Elmore|Noble|NIE
|62860301505|Brittney|Pittman|TAK
|52850048073|Cullie|Currin|TAK
|79820000196|Lancelot|Weaver|NIE
|92800246588|Marylin|Moss|NIE
|53870271401|Catarina|Kerr|TAK
|58890613532|Enrico|Rosenthal|TAK
|98910448573|Binky|OConnor|NIE
|70870301088|Eleni|Frazier|NIE
|98910034028|Barbara|Anthony|TAK
|77910576301|Doria|Livingston|NIE
|75910045515|Meir|Arthur|TAK
|50840578885|Avis|Merritt|NIE
|99800225935|Lars|Greene|TAK
|46830095289|Maryjo|Goldberg|TAK
|83890210414|Murdoch|Chan|NIE
|82870380356|Consalve|Arnold|TAK
|89800681772|Garrik|Jordan|NIE
|97890473731|Shell|Pate|TAK
|76860433337|Chuck|Galloway|TAK
|02880492124|Kym|Norton|NIE
|63900612867|Carmelina|Cochran|TAK
|88860105446|Kacy|Montgomery|NIE
|43800622041|Vittoria|Williams|TAK
|78820160114|Phil|Nicholson|TAK
|42830333055|Kilian|Bunn|NIE
|65830273686|Jelene|Frye|TAK
|87820632619|Olag|Evans|NIE
|57840217206|Annalee|Ellis|TAK
|62810105207|Faustina|Berger|TAK
|64840428620|Amalie|Melvin|TAK
|86830250547|Veriee|Taylor|TAK
|86800365877|Baxie|Pratt|NIE
|58800274732|Perkin|Garrison|TAK
|01900461113|Tam|Pennington|NIE
|00860453857|Brant|Hartman|TAK
|66860197191|Melvin|Beatty|NIE
|56860113811|Robbie|Pitts|TAK
|68840393535|Dewitt|Mack|TAK
|81810321082|Ruthann|Woodward|NIE
|48880631394|Donnell|Moore|NIE
|80850343638|Ravid|Ingram|NIE
|89860510137|Vidovic|Johnston|NIE
|89840440948|Aida|Hobbs|NIE
|48840480952|Basil|Dougherty|NIE
|92870102021|Fleurette|Mason|NIE
|87850699770|Eldredge|Rivera|TAK
|62820068404|Winonah|Kelly|NIE
|72820377109|Mela|Cummings|NIE
|61910544970|Jessee|Park|NIE
|48820121444|Mercedes|Herbert|NIE
|93910506357|Evelin|Boyette|TAK
|55860450111|Filippo|Hughes|NIE
|03800223695|Esme|Owen|NIE
|61840276172|Arin|Hale|NIE
|66880479756|Justus|Lucas|TAK
|87800485545|Fanya|Henry|NIE
|93870695436|Derek|Shaffer|TAK
|63840397767|Wenonah|Adams|NIE
|97910554907|Jordan|Gray|TAK
|72850101703|Lacy|Shaw|NIE
|98870018681|Livy|Brown|NIE
|50880414691|Cass|Pearson|NIE
|64810217096|Ewan|Daly|TAK
|61830407296|Wallas|Clarke|NIE
|73890080605|Marcelline|Womble|TAK
|57840206691|Whitaker|Cannon|NIE
|43800204203|Melessa|Woods|TAK
|52830639222|Lura|Kirby|NIE
|53900094426|Lesli|Wu|TAK
|63890107183|Emlynne|Ramsey|NIE
|74830555674|Gradey|Lindsey|TAK
|45880097117|Ansel|Gates|TAK
|78840675526|Ileane|Hill|TAK
|61870678094|Faber|Freedman|TAK
|55860248208|Robyn|Deal|TAK
|03800185386|Koressa|Atkins|TAK
|91870162235|Alejoa|Kemp|TAK
|70900507428|Vi|Kumar|NIE
|81820282454|Duke|Haynes|TAK
|03860484377|Jeremias|Hartman|NIE
|54900543970|Benedikt|Schneider|TAK
|82820481047|Christel|McCarthy|TAK
|79810063561|Torey|Garner|TAK
|87910110809|Kissie|Sims|TAK
|96830286165|Dorthea|Jones|NIE
|46910279185|Fran|Curry|NIE
|82800511812|Abeu|Hunter|NIE
|51830405327|Jo-Anne|Jacobson|NIE
|42850470073|Owen|Harvey|NIE
|00870637072|Pippo|Bynum|TAK
|59860450722|Clarette|Robbins|TAK
|04800228576|Christy|Corbett|TAK
|73800302575|Louie|Dunn|TAK
|86860144074|Dannie|Whitaker|NIE
|87910567030|Perkin|Adams|NIE
|53860587864|Fawnia|Frye|TAK
|64880180177|Holly|Potter|TAK
|49820380592|Jo|Rubin|NIE
|83840390421|Elfrida|Stevens|NIE
|77900427895|Todd|Jackson|NIE
|69870512943|Dorelle|Gill|NIE
|80800295936|Tracy|Whitley|TAK
|48870683398|Kris|Hamrick|TAK
|65870530514|Vladamir|Reilly|NIE
|51880128311|Irving|Bloom|TAK
|66810090884|Moselle|Humphrey|NIE
|46910221986|Luciana|Zhang|TAK
|01830629357|Guillaume|Sharp|TAK
|48880235923|Raynell|Gould|TAK
|93910373832|Anatole|Hancock|TAK
|47840131202|Ludovika|Preston|NIE
|93830072460|Ursula|Matthews|TAK
|79840337878|Trumann|Daniels|NIE
|70880139101|Harmonie|Parrott|TAK
|66820613169|Selle|OConnor|NIE
|84820692276|Humfrid|Kelly|TAK
|49890660239|Jerry|Hood|TAK
|97910231529|Cherida|Puckett|NIE
|73900694820|Larisa|Savage|NIE
|66900607718|Townie|Copeland|NIE
|93910021771|Garv|Coley|TAK
