1|64910115773|Bentlee|Gill
2|42910260736|Huberto|Dawson
3|56860113811|Robbie|Pitts
4|45840011111|Avictor|Snyder
5|73820508254|Kaiser|Han
7|77880621603|Robyn|Gupta
8|69800121959|Elwyn|Parsons
10|90880072990|Cord|Terry
11|47810198024|Gipsy|Jain
12|62810426892|Sylas|Lyons
13|61850645128|Roobbie|Farrell
14|50890415774|Vail|Strauss
15|55820515913|Gabi|Barker
16|98910034028|Barbara|Anthony
17|58890613532|Enrico|Rosenthal
18|51820665355|Everett|Foley
19|64850536201|Quintana|Stein
20|89800681772|Garrik|Jordan
21|55900661321|Melli|Weinstein
22|75820137276|Sigfried|OBrien
23|83900004338|Elmore|Noble
25|76870233457|Rudolf|Dean
26|98910448573|Binky|OConnor
27|50820529940|Ynez|Lin
29|43800622041|Vittoria|Williams
30|02880492124|Kym|Norton
31|51830153178|Kingsley|Merrill
36|84820446457|Kev|Neal
37|58800274732|Perkin|Garrison
39|76890006006|Anissa|Larson
40|64870319961|Kim|Silverman
41|51900204582|Christabel|Harris
42|46830095289|Maryjo|Goldberg
43|66810313565|Catherin|Hurley
44|65830273686|Jelene|Frye
46|81820282454|Duke|Haynes
47|77870234127|Adrian|Horton
49|50910347430|Ozzie|Brock
50|97910554907|Jordan|Gray
51|49820380592|Jo|Rubin
52|94830074979|Ernest|Lynch
53|56900291150|Matty|Tuttle
54|53850525100|Randa|Kramer
55|52850048073|Cullie|Currin
56|45880097117|Ansel|Gates
57|66880479756|Justus|Lucas
59|96830286165|Dorthea|Jones
61|55820635170|Jameson|Pate
62|98870018681|Livy|Brown
63|78840675526|Ileane|Hill
64|74830555674|Gradey|Lindsey
65|70880139101|Harmonie|Parrott
