ID|PESEL|Volunteer's name|Volunteer's surname|Date of birth|Has experience
1|64910115773|Bentlee|Gill|1964-12-07|NIE
2|42910260736|Huberto|Dawson|1942-12-15|NIE
3|56860113811|Robbie|Pitts|1956-07-02|TAK
4|45840011111|Avictor|Snyder|1945-05-06|NIE
5|73820508254|Kaiser|Han|1973-03-30|TAK
7|77880621603|Robyn|Gupta|1977-09-17|TAK
8|69800121959|Elwyn|Parsons|1969-01-06|TAK
10|90880072990|Cord|Terry|1990-09-02|TAK
11|47810198024|Gipsy|Jain|1947-02-24|TAK
12|62810426892|Sylas|Lyons|1962-02-15|TAK
13|61850645128|Roobbie|Farrell|1961-06-17|TAK
14|50890415774|Vail|Strauss|1950-10-19|TAK
15|55820515913|Gabi|Barker|1955-03-11|TAK
16|98910034028|Barbara|Anthony|1998-12-20|TAK
17|58890613532|Enrico|Rosenthal|1958-10-11|TAK
18|51820665355|Everett|Foley|1951-03-10|TAK
19|64850536201|Quintana|Stein|1964-06-05|TAK
20|89800681772|Garrik|Jordan|1989-01-14|NIE
21|55900661321|Melli|Weinstein|1955-11-05|NIE
22|75820137276|Sigfried|OBrien|1975-03-03|NIE
23|83900004338|Elmore|Noble|1983-11-13|NIE
25|76870233457|Rudolf|Dean|1976-08-03|TAK
26|98910448573|Binky|OConnor|1998-12-10|NIE
27|50820529940|Ynez|Lin|1950-03-03|NIE
29|43800622041|Vittoria|Williams|1943-01-02|TAK
30|02880492124|Kym|Norton|2002-09-05|NIE
31|51830153178|Kingsley|Merrill|1951-04-02|NIE
36|84820446457|Kev|Neal|1984-03-29|NIE
37|58800274732|Perkin|Garrison|1958-01-07|TAK
39|76890006006|Anissa|Larson|1976-10-03|TAK
40|64870319961|Kim|Silverman|1964-08-05|TAK
41|51900204582|Christabel|Harris|1951-11-27|NIE
42|46830095289|Maryjo|Goldberg|1946-04-07|TAK
43|66810313565|Catherin|Hurley|1966-02-16|NIE
44|65830273686|Jelene|Frye|1965-04-13|TAK
46|81820282454|Duke|Haynes|1981-03-31|TAK
47|77870234127|Adrian|Horton|1977-08-16|NIE
49|50910347430|Ozzie|Brock|1950-12-06|NIE
50|97910554907|Jordan|Gray|1997-12-26|TAK
51|49820380592|Jo|Rubin|1949-03-16|NIE
52|94830074979|Ernest|Lynch|1994-04-24|TAK
53|56900291150|Matty|Tuttle|1956-11-27|NIE
54|53850525100|Randa|Kramer|1953-06-19|TAK
55|52850048073|Cullie|Currin|1952-06-29|TAK
56|45880097117|Ansel|Gates|1945-09-30|TAK
57|66880479756|Justus|Lucas|1966-09-08|TAK
59|96830286165|Dorthea|Jones|1996-04-23|NIE
61|55820635170|Jameson|Pate|1955-03-26|NIE
62|98870018681|Livy|Brown|1998-08-02|NIE
63|78840675526|Ileane|Hill|1978-05-06|TAK
64|74830555674|Gradey|Lindsey|1974-04-12|TAK
65|70880139101|Harmonie|Parrott|1970-09-07|TAK
