|3|2022-02-12|The animal jumped on the PA out of excitement. The PA tripped over but they seemed very happy.
|3|2022-02-13|The animal jumped on the PA out of excitement. The PA tripped over but they seemed very happy.
|18|2022-02-13|
|19|2022-02-13|The PA was taken by an ambulance after the animal bit off a part of their calf.
|8|2022-02-14|The animal jumped on the PA out of excitement. The PA tripped over but they seemed very happy.
|19|2022-02-15|The animal jumped on the PA out of excitement. The PA tripped over but they seemed very happy.
|23|2022-02-18|The PA was taken by an ambulance after the animal bit off a part of their calf.
|27|2022-02-18|The animal almost froze out of boredom. The PA did not seem to mind it though.
|28|2022-02-19|The animal was really shy but at the end they allowed to pet themselves.
|31|2022-02-19|
|31|2022-02-22|The animal almost froze out of boredom. The PA did not seem to mind it though.
|7|2022-02-23|The PA was taken by an ambulance after the animal bit off a part of their calf.
|46|2022-02-24|
|6|2022-02-25|The animal was really shy but at the end they allowed to pet themselves.
|81|2022-02-27|The animal jumped on the PA out of excitement. The PA tripped over but they seemed very happy.
|68|2022-02-28|The animal almost froze out of boredom. The PA did not seem to mind it though.
|37|2022-03-01|The animal jumped on the PA out of excitement. The PA tripped over but they seemed very happy.
|64|2022-03-02|It was mostly successful but the animal pissed on the PAs leg. Not sure if it is a good sign.
|77|2022-03-02|The animal almost froze out of boredom. The PA did not seem to mind it though.
|90|2022-03-02|The animal almost froze out of boredom. The PA did not seem to mind it though.
|79|2022-03-03|The animal jumped on the PA out of excitement. The PA tripped over but they seemed very happy.
|29|2022-03-04|
|108|2022-03-04|The PA was taken by an ambulance after the animal bit off a part of their calf.
|116|2022-03-05|The PA was taken by an ambulance after the animal bit off a part of their calf.
|119|2022-03-05|The PA was taken by an ambulance after the animal bit off a part of their calf.
|75|2022-03-06|
|90|2022-03-06|The PA was taken by an ambulance after the animal bit off a part of their calf.
|111|2022-03-06|The PA was taken by an ambulance after the animal bit off a part of their calf.
|148|2022-03-06|
|35|2022-03-07|
|93|2022-03-07|
|100|2022-03-07|The animal was really shy but at the end they allowed to pet themselves.
|129|2022-03-07|The PA was taken by an ambulance after the animal bit off a part of their calf.
|146|2022-03-07|It was mostly successful but the animal pissed on the PAs leg. Not sure if it is a good sign.
|92|2022-03-08|The animal jumped on the PA out of excitement. The PA tripped over but they seemed very happy.
|113|2022-03-08|The animal was really shy but at the end they allowed to pet themselves.
|158|2022-03-08|The animal jumped on the PA out of excitement. The PA tripped over but they seemed very happy.
|81|2022-03-09|The animal was really shy but at the end they allowed to pet themselves.
|165|2022-03-09|
|186|2022-03-09|The animal was really shy but at the end they allowed to pet themselves.
|187|2022-03-09|The animal jumped on the PA out of excitement. The PA tripped over but they seemed very happy.
|206|2022-03-10|The animal almost froze out of boredom. The PA did not seem to mind it though.
|56|2022-03-11|The PA was taken by an ambulance after the animal bit off a part of their calf.
|112|2022-03-11|
|131|2022-03-11|It was mostly successful but the animal pissed on the PAs leg. Not sure if it is a good sign.
|178|2022-03-11|The PA was taken by an ambulance after the animal bit off a part of their calf.
|109|2022-03-12|The PA was taken by an ambulance after the animal bit off a part of their calf.
|126|2022-03-12|The animal jumped on the PA out of excitement. The PA tripped over but they seemed very happy.
|217|2022-03-12|The animal jumped on the PA out of excitement. The PA tripped over but they seemed very happy.
|85|2022-03-13|The animal was really shy but at the end they allowed to pet themselves.
|87|2022-03-13|It was mostly successful but the animal pissed on the PAs leg. Not sure if it is a good sign.
|204|2022-03-13|
|231|2022-03-13|The PA was taken by an ambulance after the animal bit off a part of their calf.
|232|2022-03-13|The animal jumped on the PA out of excitement. The PA tripped over but they seemed very happy.
|234|2022-03-13|The animal jumped on the PA out of excitement. The PA tripped over but they seemed very happy.
|146|2022-03-14|It was mostly successful but the animal pissed on the PAs leg. Not sure if it is a good sign.
|229|2022-03-14|The animal almost froze out of boredom. The PA did not seem to mind it though.
|230|2022-03-14|The animal jumped on the PA out of excitement. The PA tripped over but they seemed very happy.
|238|2022-03-14|It was mostly successful but the animal pissed on the PAs leg. Not sure if it is a good sign.
|121|2022-03-15|
|198|2022-03-15|The animal almost froze out of boredom. The PA did not seem to mind it though.
|235|2022-03-15|The animal jumped on the PA out of excitement. The PA tripped over but they seemed very happy.
|238|2022-03-15|The animal was really shy but at the end they allowed to pet themselves.
|133|2022-03-16|The animal almost froze out of boredom. The PA did not seem to mind it though.
|214|2022-03-16|The PA was taken by an ambulance after the animal bit off a part of their calf.
|262|2022-03-16|The PA was taken by an ambulance after the animal bit off a part of their calf.
|263|2022-03-16|The animal almost froze out of boredom. The PA did not seem to mind it though.
|273|2022-03-16|The animal jumped on the PA out of excitement. The PA tripped over but they seemed very happy.
|217|2022-03-17|The PA was taken by an ambulance after the animal bit off a part of their calf.
|218|2022-03-17|The animal almost froze out of boredom. The PA did not seem to mind it though.
|287|2022-03-17|The PA was taken by an ambulance after the animal bit off a part of their calf.
|64|2022-03-18|
|116|2022-03-18|The PA was taken by an ambulance after the animal bit off a part of their calf.
|206|2022-03-18|It was mostly successful but the animal pissed on the PAs leg. Not sure if it is a good sign.
|265|2022-03-18|It was mostly successful but the animal pissed on the PAs leg. Not sure if it is a good sign.
|277|2022-03-18|The animal almost froze out of boredom. The PA did not seem to mind it though.
|286|2022-03-18|The animal almost froze out of boredom. The PA did not seem to mind it though.
|247|2022-03-19|
|289|2022-03-19|The animal jumped on the PA out of excitement. The PA tripped over but they seemed very happy.
|293|2022-03-19|The animal was really shy but at the end they allowed to pet themselves.
|303|2022-03-19|It was mostly successful but the animal pissed on the PAs leg. Not sure if it is a good sign.
|154|2022-03-20|It was mostly successful but the animal pissed on the PAs leg. Not sure if it is a good sign.
|161|2022-03-20|The animal almost froze out of boredom. The PA did not seem to mind it though.
|279|2022-03-20|
|317|2022-03-20|The animal almost froze out of boredom. The PA did not seem to mind it though.
|115|2022-03-21|The PA was taken by an ambulance after the animal bit off a part of their calf.
|205|2022-03-21|The animal almost froze out of boredom. The PA did not seem to mind it though.
|221|2022-03-21|The animal jumped on the PA out of excitement. The PA tripped over but they seemed very happy.
|246|2022-03-21|It was mostly successful but the animal pissed on the PAs leg. Not sure if it is a good sign.
|340|2022-03-21|It was mostly successful but the animal pissed on the PAs leg. Not sure if it is a good sign.
|344|2022-03-21|The animal almost froze out of boredom. The PA did not seem to mind it though.
|139|2022-03-22|The PA was taken by an ambulance after the animal bit off a part of their calf.
|192|2022-03-22|
|221|2022-03-22|The animal was really shy but at the end they allowed to pet themselves.
|261|2022-03-22|The PA was taken by an ambulance after the animal bit off a part of their calf.
|304|2022-03-22|The animal was really shy but at the end they allowed to pet themselves.
|323|2022-03-22|The animal jumped on the PA out of excitement. The PA tripped over but they seemed very happy.
|341|2022-03-22|
|367|2022-03-22|The animal almost froze out of boredom. The PA did not seem to mind it though.
|166|2022-03-23|
|205|2022-03-23|
|241|2022-03-23|The animal almost froze out of boredom. The PA did not seem to mind it though.
