ID|Name|Species|Sex|Date of birth|Disabilities|House without kids|Experienced owners|Preferred place to live|Date of admission|Death
74|Berenice|DOG|FEMALE|2014-01-18|[diabetes]|0|1|OUTDOOR|2022-03-24|
30|Ciestele|DOG|FEMALE|2008-07-16|[diabetes]|0|1|OUTDOOR|2022-02-16|2022-03-24
62|Aira|CAT|FEMALE|2014-08-19|[obesity]|0|0|OUTDOOR|2022-03-15|2022-04-02
75|Katjes|CAT|FEMALE|2017-04-04|[]|0|1|ANY|2022-04-03|
76|Quentchen|DOG|FEMALE|2011-06-25|[arthritis, diabetes]|0|1|OUTDOOR|2022-04-03|
77|Susi|CAT|FEMALE|2018-04-10|[]|0|0|OUTDOOR|2022-04-03|
78|Solitär|CAT|MALE|2017-08-23|[deafness]|1|1|INDOOR|2022-04-03|
26|Dacom|CAT|MALE|2016-03-06|[diabetes]|0|0|ANY|2022-02-15|
79|Margarete|CAT|FEMALE|2019-08-15|[feline heartworm, amputated limb]|1|1|ANY|2022-04-06|
40|Scip|DOG|MALE|2019-05-27|[]|0|1|OUTDOOR|2022-04-08|
51|Forrex|CAT|MALE|2007-03-11|[hyperthyroidism, tooth pathology]|1|1|OUTDOOR|2022-02-27|2022-04-08
42|Miko|CAT|MALE|2007-06-18|[FIV, feline heartworm, kidney disease, diabetes]|0|1|ANY|2022-02-23|
33|California|DOG|FEMALE|2020-08-23|[Lyme disease, cancer]|0|0|INDOOR|2022-02-18|2022-04-10
67|Beva|CAT|FEMALE|2019-07-02|[blindness]|0|1|OUTDOOR|2022-03-22|2022-04-11
