|83|2022-03-24|The animal was really shy but at the end they allowed to pet themselves.
|121|2022-03-24|The animal was really shy but at the end they allowed to pet themselves.
|126|2022-03-24|The animal was really shy but at the end they allowed to pet themselves.
|301|2022-03-24|The animal almost froze out of boredom. The PA did not seem to mind it though.
|324|2022-03-24|The PA was taken by an ambulance after the animal bit off a part of their calf.
|337|2022-03-24|The animal almost froze out of boredom. The PA did not seem to mind it though.
|196|2022-03-25|
|254|2022-03-25|The animal almost froze out of boredom. The PA did not seem to mind it though.
|304|2022-03-25|The PA was taken by an ambulance after the animal bit off a part of their calf.
|379|2022-03-25|The PA was taken by an ambulance after the animal bit off a part of their calf.
|151|2022-03-26|The animal almost froze out of boredom. The PA did not seem to mind it though.
|163|2022-03-26|The animal jumped on the PA out of excitement. The PA tripped over but they seemed very happy.
|171|2022-03-26|
|336|2022-03-26|The PA was taken by an ambulance after the animal bit off a part of their calf.
|396|2022-03-26|The animal almost froze out of boredom. The PA did not seem to mind it though.
|400|2022-03-26|The animal was really shy but at the end they allowed to pet themselves.
|418|2022-03-26|The animal jumped on the PA out of excitement. The PA tripped over but they seemed very happy.
|266|2022-03-27|The animal almost froze out of boredom. The PA did not seem to mind it though.
|276|2022-03-27|The animal was really shy but at the end they allowed to pet themselves.
|284|2022-03-27|The PA was taken by an ambulance after the animal bit off a part of their calf.
|297|2022-03-27|The animal was really shy but at the end they allowed to pet themselves.
|311|2022-03-27|The animal was really shy but at the end they allowed to pet themselves.
|359|2022-03-27|The animal was really shy but at the end they allowed to pet themselves.
|371|2022-03-27|The animal jumped on the PA out of excitement. The PA tripped over but they seemed very happy.
|380|2022-03-27|
|383|2022-03-27|The PA was taken by an ambulance after the animal bit off a part of their calf.
|241|2022-03-28|It was mostly successful but the animal pissed on the PAs leg. Not sure if it is a good sign.
|246|2022-03-28|The animal was really shy but at the end they allowed to pet themselves.
|257|2022-03-28|The PA was taken by an ambulance after the animal bit off a part of their calf.
|306|2022-03-28|The animal was really shy but at the end they allowed to pet themselves.
|357|2022-03-28|It was mostly successful but the animal pissed on the PAs leg. Not sure if it is a good sign.
|418|2022-03-28|The animal was really shy but at the end they allowed to pet themselves.
|443|2022-03-28|The animal was really shy but at the end they allowed to pet themselves.
|445|2022-03-28|It was mostly successful but the animal pissed on the PAs leg. Not sure if it is a good sign.
|285|2022-03-29|The animal almost froze out of boredom. The PA did not seem to mind it though.
|301|2022-03-29|The animal jumped on the PA out of excitement. The PA tripped over but they seemed very happy.
|318|2022-03-29|It was mostly successful but the animal pissed on the PAs leg. Not sure if it is a good sign.
|365|2022-03-29|The animal was really shy but at the end they allowed to pet themselves.
|389|2022-03-29|The animal almost froze out of boredom. The PA did not seem to mind it though.
|453|2022-03-29|The animal jumped on the PA out of excitement. The PA tripped over but they seemed very happy.
|479|2022-03-29|The animal was really shy but at the end they allowed to pet themselves.
|163|2022-03-30|The animal almost froze out of boredom. The PA did not seem to mind it though.
|222|2022-03-30|The animal jumped on the PA out of excitement. The PA tripped over but they seemed very happy.
|419|2022-03-30|
|446|2022-03-30|The PA was taken by an ambulance after the animal bit off a part of their calf.
|468|2022-03-30|The animal almost froze out of boredom. The PA did not seem to mind it though.
|479|2022-03-30|The animal was really shy but at the end they allowed to pet themselves.
|126|2022-03-31|The animal almost froze out of boredom. The PA did not seem to mind it though.
|301|2022-03-31|
|357|2022-03-31|The animal jumped on the PA out of excitement. The PA tripped over but they seemed very happy.
|371|2022-03-31|The animal was really shy but at the end they allowed to pet themselves.
|413|2022-03-31|The animal almost froze out of boredom. The PA did not seem to mind it though.
|461|2022-03-31|
|245|2022-04-01|The animal almost froze out of boredom. The PA did not seem to mind it though.
|285|2022-04-01|The PA was taken by an ambulance after the animal bit off a part of their calf.
|425|2022-04-01|The animal was really shy but at the end they allowed to pet themselves.
|432|2022-04-01|It was mostly successful but the animal pissed on the PAs leg. Not sure if it is a good sign.
|468|2022-04-01|It was mostly successful but the animal pissed on the PAs leg. Not sure if it is a good sign.
|318|2022-04-02|The animal almost froze out of boredom. The PA did not seem to mind it though.
|371|2022-04-02|
|387|2022-04-02|The animal almost froze out of boredom. The PA did not seem to mind it though.
|396|2022-04-02|
|403|2022-04-02|The animal jumped on the PA out of excitement. The PA tripped over but they seemed very happy.
|488|2022-04-02|The animal jumped on the PA out of excitement. The PA tripped over but they seemed very happy.
|537|2022-04-02|The animal jumped on the PA out of excitement. The PA tripped over but they seemed very happy.
|556|2022-04-02|
|290|2022-04-03|The PA was taken by an ambulance after the animal bit off a part of their calf.
|301|2022-04-03|The PA was taken by an ambulance after the animal bit off a part of their calf.
|526|2022-04-03|
|531|2022-04-03|
|241|2022-04-04|The animal almost froze out of boredom. The PA did not seem to mind it though.
|461|2022-04-04|The PA was taken by an ambulance after the animal bit off a part of their calf.
|465|2022-04-04|The animal almost froze out of boredom. The PA did not seem to mind it though.
|484|2022-04-04|It was mostly successful but the animal pissed on the PAs leg. Not sure if it is a good sign.
|493|2022-04-04|
|566|2022-04-04|The animal almost froze out of boredom. The PA did not seem to mind it though.
|357|2022-04-05|It was mostly successful but the animal pissed on the PAs leg. Not sure if it is a good sign.
|379|2022-04-05|The animal almost froze out of boredom. The PA did not seem to mind it though.
|471|2022-04-05|The animal was really shy but at the end they allowed to pet themselves.
|553|2022-04-05|It was mostly successful but the animal pissed on the PAs leg. Not sure if it is a good sign.
|262|2022-04-06|It was mostly successful but the animal pissed on the PAs leg. Not sure if it is a good sign.
|357|2022-04-06|The animal jumped on the PA out of excitement. The PA tripped over but they seemed very happy.
|368|2022-04-06|The PA was taken by an ambulance after the animal bit off a part of their calf.
|382|2022-04-06|The PA was taken by an ambulance after the animal bit off a part of their calf.
|472|2022-04-06|
|529|2022-04-06|
|545|2022-04-06|The animal almost froze out of boredom. The PA did not seem to mind it though.
|550|2022-04-06|The PA was taken by an ambulance after the animal bit off a part of their calf.
|628|2022-04-06|
|645|2022-04-06|It was mostly successful but the animal pissed on the PAs leg. Not sure if it is a good sign.
|154|2022-04-07|The PA was taken by an ambulance after the animal bit off a part of their calf.
|245|2022-04-07|The animal was really shy but at the end they allowed to pet themselves.
|303|2022-04-07|It was mostly successful but the animal pissed on the PAs leg. Not sure if it is a good sign.
|316|2022-04-07|The PA was taken by an ambulance after the animal bit off a part of their calf.
|476|2022-04-07|The PA was taken by an ambulance after the animal bit off a part of their calf.
|662|2022-04-07|The animal was really shy but at the end they allowed to pet themselves.
|680|2022-04-07|The animal jumped on the PA out of excitement. The PA tripped over but they seemed very happy.
|688|2022-04-07|
|285|2022-04-08|
|409|2022-04-08|The animal almost froze out of boredom. The PA did not seem to mind it though.
|424|2022-04-08|The animal jumped on the PA out of excitement. The PA tripped over but they seemed very happy.
|533|2022-04-08|The animal almost froze out of boredom. The PA did not seem to mind it though.
|542|2022-04-08|
|547|2022-04-08|The PA was taken by an ambulance after the animal bit off a part of their calf.
|556|2022-04-08|The animal almost froze out of boredom. The PA did not seem to mind it though.
|593|2022-04-08|The animal was really shy but at the end they allowed to pet themselves.
|596|2022-04-08|The PA was taken by an ambulance after the animal bit off a part of their calf.
|615|2022-04-08|
|258|2022-04-09|
|379|2022-04-09|
|416|2022-04-09|The animal was really shy but at the end they allowed to pet themselves.
|484|2022-04-09|It was mostly successful but the animal pissed on the PAs leg. Not sure if it is a good sign.
|559|2022-04-09|The PA was taken by an ambulance after the animal bit off a part of their calf.
|626|2022-04-09|The PA was taken by an ambulance after the animal bit off a part of their calf.
|627|2022-04-09|The PA was taken by an ambulance after the animal bit off a part of their calf.
|714|2022-04-09|The animal almost froze out of boredom. The PA did not seem to mind it though.
|337|2022-04-10|The animal jumped on the PA out of excitement. The PA tripped over but they seemed very happy.
|490|2022-04-10|The animal was really shy but at the end they allowed to pet themselves.
|533|2022-04-10|The animal jumped on the PA out of excitement. The PA tripped over but they seemed very happy.
|543|2022-04-10|The PA was taken by an ambulance after the animal bit off a part of their calf.
|629|2022-04-10|It was mostly successful but the animal pissed on the PAs leg. Not sure if it is a good sign.
|642|2022-04-10|The PA was taken by an ambulance after the animal bit off a part of their calf.
|657|2022-04-10|The PA was taken by an ambulance after the animal bit off a part of their calf.
|751|2022-04-10|The animal was really shy but at the end they allowed to pet themselves.
|765|2022-04-10|The PA was taken by an ambulance after the animal bit off a part of their calf.
|222|2022-04-11|The animal was really shy but at the end they allowed to pet themselves.
|300|2022-04-11|The animal was really shy but at the end they allowed to pet themselves.
|516|2022-04-11|The animal jumped on the PA out of excitement. The PA tripped over but they seemed very happy.
|570|2022-04-11|The animal was really shy but at the end they allowed to pet themselves.
|621|2022-04-11|The animal was really shy but at the end they allowed to pet themselves.
|699|2022-04-11|The PA was taken by an ambulance after the animal bit off a part of their calf.
|748|2022-04-11|The animal jumped on the PA out of excitement. The PA tripped over but they seemed very happy.
|757|2022-04-11|
|337|2022-04-12|
|362|2022-04-12|The animal jumped on the PA out of excitement. The PA tripped over but they seemed very happy.
|400|2022-04-12|The PA was taken by an ambulance after the animal bit off a part of their calf.
|450|2022-04-12|The animal jumped on the PA out of excitement. The PA tripped over but they seemed very happy.
|471|2022-04-12|The animal was really shy but at the end they allowed to pet themselves.
|552|2022-04-12|The animal jumped on the PA out of excitement. The PA tripped over but they seemed very happy.
|559|2022-04-12|The animal was really shy but at the end they allowed to pet themselves.
|560|2022-04-12|The animal almost froze out of boredom. The PA did not seem to mind it though.
|594|2022-04-12|The animal jumped on the PA out of excitement. The PA tripped over but they seemed very happy.
|709|2022-04-12|
|800|2022-04-12|The animal was really shy but at the end they allowed to pet themselves.
