|29|DOG|4|TAK|INDOOR|TAK|2022-03-24
|37|CAT|12|NIE|INDOOR|NIE|2022-03-24
|45|DOG|14|NIE|OUTDOOR|TAK|2022-03-24
|49|DOG|16|TAK|OUTDOOR|TAK|2022-03-24
|52|DOG|10|NIE|INDOOR|NIE|2022-03-24
|54|DOG|9|TAK|OUTDOOR|NIE|2022-03-24
|56|CAT|15|TAK|OUTDOOR|TAK|2022-03-24
|57|DOG|11|TAK|INDOOR|TAK|2022-03-24
|61|CAT|14|NIE|OUTDOOR|NIE|2022-03-24
|70|DOG|1|NIE|OUTDOOR|TAK|2022-03-24
|80|DOG|11|TAK|ANY|NIE|2022-03-24
|96|DOG|8|TAK|ANY|TAK|2022-03-24
|98|CAT|16|TAK|ANY|NIE|2022-03-24
|101|CAT|9|NIE|INDOOR|TAK|2022-03-24
|103|DOG|11|NIE|OUTDOOR|NIE|2022-03-24
|112|CAT|18|NIE|ANY|NIE|2022-03-24
|115|CAT|0|TAK|INDOOR|NIE|2022-03-24
|117|CAT|10|NIE|INDOOR|NIE|2022-03-24
|119|CAT|0|NIE|OUTDOOR|NIE|2022-03-24
|139|CAT|4|NIE|INDOOR|TAK|2022-03-24
|148|CAT|2|TAK|OUTDOOR|NIE|2022-03-24
|174|DOG|11|NIE|INDOOR|NIE|2022-03-24
|175|DOG|18|NIE|ANY|TAK|2022-03-24
|176|DOG|16|TAK|INDOOR|NIE|2022-03-24
|177|DOG|4|NIE|OUTDOOR|TAK|2022-03-24
|178|CAT|2|TAK|INDOOR|TAK|2022-03-24
|3|DOG|5|TAK|OUTDOOR|NIE|2022-03-25
|8|CAT|8|NIE|ANY|TAK|2022-03-25
|37|DOG|6|NIE|INDOOR|TAK|2022-03-25
|63|CAT|6|NIE|OUTDOOR|TAK|2022-03-25
|65|CAT|14|TAK|INDOOR|TAK|2022-03-25
|69|CAT|8|NIE|INDOOR|TAK|2022-03-25
|79|CAT|8|TAK|OUTDOOR|TAK|2022-03-25
|88|CAT|1|TAK|OUTDOOR|NIE|2022-03-25
|107|DOG|10|NIE|INDOOR|TAK|2022-03-25
|119|DOG|5|NIE|OUTDOOR|NIE|2022-03-25
|179|CAT|7|NIE|ANY|TAK|2022-03-25
|180|DOG|19|TAK|ANY|TAK|2022-03-25
|181|DOG|17|TAK|OUTDOOR|TAK|2022-03-25
|182|CAT|11|NIE|ANY|NIE|2022-03-25
|183|DOG|6|NIE|OUTDOOR|TAK|2022-03-25
|8|CAT|12|NIE|OUTDOOR|NIE|2022-03-26
|14|CAT|7|NIE|INDOOR|NIE|2022-03-26
|39|DOG|19|TAK|OUTDOOR|TAK|2022-03-26
|43|CAT|8|NIE|ANY|TAK|2022-03-26
|95|CAT|9|TAK|ANY|TAK|2022-03-26
|111|DOG|9|NIE|INDOOR|TAK|2022-03-26
|135|CAT|4|NIE|ANY|NIE|2022-03-26
|143|CAT|4|TAK|ANY|NIE|2022-03-26
|155|DOG|3|TAK|ANY|TAK|2022-03-26
|158|CAT|8|NIE|OUTDOOR|TAK|2022-03-26
|165|DOG|17|NIE|ANY|NIE|2022-03-26
|176|DOG|15|TAK|ANY|NIE|2022-03-26
|177|CAT|13|NIE|OUTDOOR|NIE|2022-03-26
|184|DOG|8|TAK|INDOOR|TAK|2022-03-26
|185|DOG|12|NIE|INDOOR|TAK|2022-03-26
|186|CAT|5|TAK|OUTDOOR|NIE|2022-03-26
|187|CAT|17|TAK|ANY|TAK|2022-03-26
|188|DOG|5|TAK|OUTDOOR|NIE|2022-03-26
|189|DOG|3|TAK|INDOOR|NIE|2022-03-26
|7|CAT|15|TAK|ANY|NIE|2022-03-27
|23|CAT|14|NIE|OUTDOOR|NIE|2022-03-27
|14|DOG|12|TAK|INDOOR|NIE|2022-03-27
|30|DOG|19|TAK|OUTDOOR|NIE|2022-03-27
|72|CAT|5|NIE|INDOOR|TAK|2022-03-27
|80|DOG|10|NIE|INDOOR|TAK|2022-03-27
|83|CAT|6|TAK|OUTDOOR|TAK|2022-03-27
|95|DOG|2|TAK|INDOOR|TAK|2022-03-27
|96|DOG|11|TAK|ANY|TAK|2022-03-27
|106|DOG|13|NIE|ANY|TAK|2022-03-27
|138|CAT|19|TAK|OUTDOOR|NIE|2022-03-27
|140|DOG|11|TAK|ANY|TAK|2022-03-27
|177|CAT|11|TAK|ANY|TAK|2022-03-27
|178|CAT|16|NIE|INDOOR|TAK|2022-03-27
|190|DOG|7|TAK|INDOOR|TAK|2022-03-27
|191|DOG|14|TAK|INDOOR|NIE|2022-03-27
|192|DOG|13|NIE|ANY|NIE|2022-03-27
|193|DOG|18|TAK|INDOOR|NIE|2022-03-27
|8|CAT|16|NIE|ANY|TAK|2022-03-28
|19|DOG|11|TAK|ANY|NIE|2022-03-28
|34|DOG|1|NIE|INDOOR|NIE|2022-03-28
|37|DOG|4|NIE|INDOOR|NIE|2022-03-28
|44|DOG|9|NIE|ANY|NIE|2022-03-28
|46|CAT|6|TAK|INDOOR|TAK|2022-03-28
|50|DOG|0|TAK|OUTDOOR|NIE|2022-03-28
|57|CAT|0|NIE|OUTDOOR|TAK|2022-03-28
|93|CAT|2|TAK|ANY|NIE|2022-03-28
|97|CAT|13|TAK|ANY|TAK|2022-03-28
|106|DOG|6|TAK|ANY|TAK|2022-03-28
|129|CAT|8|TAK|OUTDOOR|NIE|2022-03-28
|147|CAT|2|TAK|OUTDOOR|TAK|2022-03-28
|149|DOG|3|TAK|OUTDOOR|TAK|2022-03-28
|151|CAT|8|TAK|ANY|NIE|2022-03-28
|159|DOG|15|TAK|OUTDOOR|NIE|2022-03-28
|163|DOG|15|TAK|OUTDOOR|NIE|2022-03-28
|169|CAT|1|NIE|INDOOR|TAK|2022-03-28
|177|DOG|18|NIE|OUTDOOR|TAK|2022-03-28
|179|CAT|12|TAK|ANY|TAK|2022-03-28
|187|DOG|3|NIE|ANY|NIE|2022-03-28
|193|DOG|4|NIE|ANY|TAK|2022-03-28
|194|DOG|5|TAK|ANY|NIE|2022-03-28
|195|DOG|0|TAK|OUTDOOR|TAK|2022-03-28
|196|DOG|14|NIE|ANY|TAK|2022-03-28
|197|CAT|0|TAK|OUTDOOR|TAK|2022-03-28
|2|DOG|5|NIE|INDOOR|NIE|2022-03-29
|15|DOG|16|TAK|ANY|TAK|2022-03-29
|34|CAT|12|NIE|INDOOR|TAK|2022-03-29
|35|CAT|14|TAK|ANY|TAK|2022-03-29
|52|DOG|10|TAK|OUTDOOR|NIE|2022-03-29
|54|CAT|7|TAK|INDOOR|TAK|2022-03-29
|62|CAT|3|TAK|OUTDOOR|NIE|2022-03-29
|64|CAT|2|NIE|ANY|TAK|2022-03-29
|71|DOG|3|TAK|INDOOR|TAK|2022-03-29
|81|DOG|18|TAK|OUTDOOR|NIE|2022-03-29
|86|DOG|6|NIE|OUTDOOR|NIE|2022-03-29
|87|CAT|0|NIE|OUTDOOR|TAK|2022-03-29
|115|DOG|1|TAK|ANY|NIE|2022-03-29
|123|CAT|19|TAK|INDOOR|NIE|2022-03-29
|127|CAT|5|TAK|ANY|TAK|2022-03-29
|176|DOG|18|NIE|INDOOR|NIE|2022-03-29
|179|DOG|15|TAK|INDOOR|NIE|2022-03-29
|186|DOG|5|NIE|OUTDOOR|NIE|2022-03-29
|193|CAT|7|NIE|OUTDOOR|TAK|2022-03-29
|198|DOG|19|TAK|ANY|NIE|2022-03-29
|90|DOG|13|NIE|INDOOR|TAK|2022-03-30
|5|DOG|4|NIE|ANY|NIE|2022-03-30
|18|CAT|2|TAK|ANY|NIE|2022-03-30
|34|CAT|9|NIE|INDOOR|TAK|2022-03-30
|42|DOG|11|NIE|OUTDOOR|TAK|2022-03-30
|45|CAT|19|TAK|OUTDOOR|TAK|2022-03-30
|60|DOG|0|TAK|INDOOR|TAK|2022-03-30
|74|CAT|15|NIE|OUTDOOR|TAK|2022-03-30
|75|DOG|18|TAK|OUTDOOR|NIE|2022-03-30
|99|DOG|16|NIE|INDOOR|NIE|2022-03-30
|103|DOG|5|TAK|OUTDOOR|NIE|2022-03-30
|109|DOG|6|NIE|INDOOR|TAK|2022-03-30
|132|CAT|18|NIE|OUTDOOR|NIE|2022-03-30
|136|CAT|0|NIE|INDOOR|NIE|2022-03-30
|160|CAT|6|NIE|OUTDOOR|TAK|2022-03-30
|163|CAT|15|TAK|ANY|TAK|2022-03-30
|188|CAT|16|TAK|OUTDOOR|NIE|2022-03-30
|189|CAT|0|NIE|ANY|NIE|2022-03-30
|198|DOG|2|TAK|OUTDOOR|TAK|2022-03-30
|12|DOG|9|TAK|OUTDOOR|TAK|2022-03-31
|19|CAT|8|TAK|OUTDOOR|TAK|2022-03-31
|32|CAT|9|TAK|INDOOR|TAK|2022-03-31
|59|DOG|19|NIE|INDOOR|NIE|2022-03-31
|69|DOG|7|NIE|OUTDOOR|TAK|2022-03-31
|76|DOG|3|NIE|ANY|NIE|2022-03-31
|82|CAT|10|NIE|ANY|TAK|2022-03-31
|116|DOG|13|TAK|INDOOR|NIE|2022-03-31
|118|DOG|0|TAK|OUTDOOR|TAK|2022-03-31
|123|DOG|10|TAK|INDOOR|NIE|2022-03-31
|138|CAT|9|NIE|OUTDOOR|TAK|2022-03-31
|142|CAT|8|NIE|ANY|TAK|2022-03-31
|166|CAT|4|TAK|OUTDOOR|TAK|2022-03-31
|171|DOG|7|TAK|OUTDOOR|NIE|2022-03-31
|177|DOG|2|NIE|INDOOR|TAK|2022-03-31
|185|DOG|10|TAK|INDOOR|TAK|2022-03-31
|199|CAT|12|NIE|ANY|NIE|2022-03-31
|200|CAT|6|NIE|OUTDOOR|NIE|2022-03-31
|201|DOG|9|TAK|ANY|TAK|2022-03-31
|202|CAT|6|NIE|INDOOR|TAK|2022-03-31
|203|DOG|6|TAK|OUTDOOR|NIE|2022-03-31
|204|DOG|5|NIE|OUTDOOR|TAK|2022-03-31
|23|CAT|11|NIE|ANY|TAK|2022-04-01
|3|CAT|5|TAK|OUTDOOR|TAK|2022-04-01
|4|DOG|12|NIE|ANY|TAK|2022-04-01
|13|DOG|17|NIE|ANY|NIE|2022-04-01
|18|DOG|17|NIE|ANY|NIE|2022-04-01
|30|CAT|7|NIE|ANY|NIE|2022-04-01
|38|CAT|16|TAK|OUTDOOR|TAK|2022-04-01
|58|CAT|11|NIE|OUTDOOR|NIE|2022-04-01
|72|CAT|10|TAK|ANY|TAK|2022-04-01
|78|CAT|2|TAK|ANY|NIE|2022-04-01
|80|CAT|14|NIE|OUTDOOR|TAK|2022-04-01
|95|DOG|19|NIE|ANY|NIE|2022-04-01
|118|DOG|4|NIE|ANY|NIE|2022-04-01
|122|CAT|17|TAK|OUTDOOR|NIE|2022-04-01
|126|DOG|10|TAK|INDOOR|NIE|2022-04-01
|133|CAT|6|NIE|OUTDOOR|NIE|2022-04-01
|136|CAT|19|NIE|OUTDOOR|NIE|2022-04-01
|147|CAT|1|TAK|OUTDOOR|NIE|2022-04-01
|168|DOG|2|NIE|INDOOR|TAK|2022-04-01
|177|DOG|16|NIE|OUTDOOR|NIE|2022-04-01
|181|CAT|11|NIE|OUTDOOR|TAK|2022-04-01
|199|CAT|11|NIE|INDOOR|NIE|2022-04-01
|200|DOG|1|NIE|OUTDOOR|NIE|2022-04-01
|205|CAT|6|TAK|INDOOR|TAK|2022-04-01
|206|CAT|0|TAK|INDOOR|NIE|2022-04-01
|207|CAT|2|TAK|ANY|TAK|2022-04-01
|208|CAT|9|NIE|ANY|NIE|2022-04-01
|209|DOG|8|TAK|OUTDOOR|NIE|2022-04-01
|210|CAT|5|TAK|OUTDOOR|TAK|2022-04-01
|7|CAT|12|NIE|ANY|TAK|2022-04-02
|23|CAT|17|TAK|OUTDOOR|TAK|2022-04-02
|5|DOG|15|TAK|ANY|TAK|2022-04-02
|25|CAT|4|NIE|OUTDOOR|NIE|2022-04-02
|26|DOG|17|TAK|INDOOR|TAK|2022-04-02
|39|CAT|2|TAK|ANY|TAK|2022-04-02
|43|DOG|0|NIE|OUTDOOR|TAK|2022-04-02
|47|DOG|14|TAK|INDOOR|NIE|2022-04-02
|57|CAT|14|NIE|INDOOR|NIE|2022-04-02
|62|DOG|13|TAK|INDOOR|TAK|2022-04-02
|72|DOG|14|TAK|OUTDOOR|TAK|2022-04-02
|107|DOG|5|NIE|OUTDOOR|TAK|2022-04-02
|124|CAT|14|NIE|ANY|NIE|2022-04-02
|133|CAT|10|NIE|ANY|NIE|2022-04-02
|140|DOG|6|NIE|OUTDOOR|TAK|2022-04-02
|167|DOG|4|NIE|INDOOR|NIE|2022-04-02
|173|DOG|15|TAK|ANY|NIE|2022-04-02
|188|DOG|6|NIE|OUTDOOR|TAK|2022-04-02
|190|CAT|1|TAK|ANY|TAK|2022-04-02
|210|DOG|7|TAK|ANY|NIE|2022-04-02
|211|CAT|2|TAK|INDOOR|NIE|2022-04-02
|7|CAT|5|NIE|ANY|TAK|2022-04-03
|15|CAT|15|TAK|ANY|NIE|2022-04-03
|21|CAT|4|NIE|INDOOR|NIE|2022-04-03
|27|DOG|17|NIE|INDOOR|NIE|2022-04-03
|28|CAT|3|TAK|ANY|NIE|2022-04-03
|41|CAT|9|TAK|OUTDOOR|NIE|2022-04-03
|52|CAT|15|NIE|INDOOR|TAK|2022-04-03
|76|DOG|7|NIE|OUTDOOR|TAK|2022-04-03
|86|CAT|10|TAK|OUTDOOR|TAK|2022-04-03
|89|DOG|11|TAK|INDOOR|TAK|2022-04-03
|97|CAT|5|TAK|OUTDOOR|TAK|2022-04-03
|106|DOG|7|NIE|OUTDOOR|TAK|2022-04-03
|121|CAT|17|NIE|INDOOR|NIE|2022-04-03
|124|CAT|19|TAK|ANY|NIE|2022-04-03
|125|DOG|13|NIE|ANY|TAK|2022-04-03
|135|DOG|6|NIE|ANY|TAK|2022-04-03
|137|DOG|5|NIE|OUTDOOR|NIE|2022-04-03
|139|DOG|3|NIE|OUTDOOR|NIE|2022-04-03
|153|CAT|4|TAK|INDOOR|NIE|2022-04-03
|168|CAT|13|TAK|OUTDOOR|TAK|2022-04-03
|169|DOG|7|TAK|INDOOR|TAK|2022-04-03
|175|CAT|1|NIE|ANY|TAK|2022-04-03
|184|CAT|4|TAK|OUTDOOR|NIE|2022-04-03
|187|DOG|19|NIE|INDOOR|NIE|2022-04-03
|212|CAT|11|NIE|ANY|NIE|2022-04-03
|213|CAT|9|NIE|INDOOR|TAK|2022-04-03
|214|DOG|16|NIE|OUTDOOR|NIE|2022-04-03
|215|DOG|18|TAK|OUTDOOR|NIE|2022-04-03
|216|DOG|14|NIE|INDOOR|TAK|2022-04-03
|217|DOG|4|TAK|OUTDOOR|TAK|2022-04-03
|1|CAT|0|TAK|ANY|NIE|2022-04-04
|3|CAT|3|NIE|OUTDOOR|NIE|2022-04-04
|10|DOG|8|NIE|ANY|NIE|2022-04-04
|21|DOG|11|NIE|OUTDOOR|NIE|2022-04-04
|31|CAT|14|TAK|ANY|TAK|2022-04-04
|52|DOG|4|NIE|OUTDOOR|TAK|2022-04-04
|53|DOG|1|NIE|ANY|NIE|2022-04-04
|55|CAT|17|NIE|ANY|NIE|2022-04-04
|57|DOG|18|TAK|ANY|TAK|2022-04-04
|63|DOG|8|TAK|ANY|NIE|2022-04-04
|76|DOG|19|NIE|OUTDOOR|TAK|2022-04-04
|91|CAT|7|NIE|ANY|NIE|2022-04-04
|95|DOG|1|TAK|OUTDOOR|TAK|2022-04-04
|111|DOG|10|TAK|INDOOR|TAK|2022-04-04
|121|DOG|9|TAK|OUTDOOR|NIE|2022-04-04
|123|DOG|18|NIE|ANY|TAK|2022-04-04
|126|CAT|14|NIE|OUTDOOR|NIE|2022-04-04
|130|CAT|19|TAK|INDOOR|TAK|2022-04-04
|133|CAT|12|NIE|INDOOR|TAK|2022-04-04
|134|DOG|19|TAK|OUTDOOR|NIE|2022-04-04
|139|CAT|19|TAK|ANY|TAK|2022-04-04
|149|DOG|16|TAK|INDOOR|NIE|2022-04-04
|157|DOG|13|TAK|INDOOR|NIE|2022-04-04
|160|CAT|5|TAK|ANY|NIE|2022-04-04
|173|DOG|15|TAK|ANY|TAK|2022-04-04
|175|CAT|17|NIE|ANY|TAK|2022-04-04
|177|DOG|5|TAK|ANY|TAK|2022-04-04
|181|CAT|17|NIE|OUTDOOR|NIE|2022-04-04
|201|DOG|16|NIE|INDOOR|NIE|2022-04-04
|12|CAT|2|TAK|INDOOR|TAK|2022-04-05
|24|CAT|10|NIE|ANY|NIE|2022-04-05
|31|CAT|8|NIE|OUTDOOR|TAK|2022-04-05
|45|CAT|10|TAK|INDOOR|NIE|2022-04-05
|49|DOG|4|TAK|OUTDOOR|NIE|2022-04-05
|60|DOG|19|TAK|OUTDOOR|NIE|2022-04-05
|62|DOG|11|TAK|ANY|TAK|2022-04-05
|67|DOG|1|TAK|INDOOR|TAK|2022-04-05
|78|CAT|4|NIE|ANY|TAK|2022-04-05
|85|CAT|8|NIE|ANY|TAK|2022-04-05
|91|CAT|13|TAK|OUTDOOR|TAK|2022-04-05
|96|CAT|2|TAK|OUTDOOR|NIE|2022-04-05
|99|CAT|6|TAK|INDOOR|NIE|2022-04-05
|100|DOG|1|TAK|OUTDOOR|TAK|2022-04-05
|110|CAT|7|NIE|ANY|NIE|2022-04-05
|112|CAT|2|NIE|INDOOR|NIE|2022-04-05
|126|CAT|14|NIE|ANY|TAK|2022-04-05
|148|DOG|14|NIE|OUTDOOR|NIE|2022-04-05
|151|CAT|10|TAK|INDOOR|TAK|2022-04-05
|159|DOG|4|TAK|ANY|TAK|2022-04-05
|177|CAT|5|TAK|OUTDOOR|NIE|2022-04-05
|178|DOG|4|NIE|ANY|NIE|2022-04-05
|185|CAT|3|TAK|ANY|TAK|2022-04-05
|192|CAT|2|NIE|INDOOR|NIE|2022-04-05
|197|DOG|4|NIE|OUTDOOR|NIE|2022-04-05
|207|DOG|0|NIE|INDOOR|TAK|2022-04-05
|214|CAT|13|NIE|ANY|NIE|2022-04-05
|9|DOG|11|NIE|INDOOR|TAK|2022-04-06
|11|CAT|19|NIE|ANY|NIE|2022-04-06
|29|CAT|7|NIE|INDOOR|TAK|2022-04-06
|33|DOG|18|TAK|ANY|NIE|2022-04-06
|47|CAT|1|TAK|INDOOR|TAK|2022-04-06
|57|CAT|10|NIE|ANY|TAK|2022-04-06
|59|DOG|12|TAK|OUTDOOR|TAK|2022-04-06
|72|DOG|1|NIE|ANY|TAK|2022-04-06
|73|DOG|12|NIE|INDOOR|NIE|2022-04-06
|79|DOG|10|NIE|ANY|NIE|2022-04-06
|87|CAT|12|TAK|INDOOR|TAK|2022-04-06
|88|CAT|3|NIE|ANY|NIE|2022-04-06
|91|CAT|12|NIE|OUTDOOR|TAK|2022-04-06
|95|CAT|4|TAK|INDOOR|NIE|2022-04-06
|110|CAT|7|TAK|ANY|TAK|2022-04-06
|111|DOG|14|NIE|OUTDOOR|NIE|2022-04-06
|112|DOG|14|TAK|OUTDOOR|NIE|2022-04-06
|123|CAT|8|NIE|OUTDOOR|TAK|2022-04-06
|125|DOG|7|TAK|OUTDOOR|NIE|2022-04-06
|130|CAT|4|TAK|ANY|TAK|2022-04-06
|145|CAT|15|TAK|ANY|TAK|2022-04-06
|147|CAT|18|TAK|ANY|NIE|2022-04-06
|154|DOG|15|TAK|OUTDOOR|TAK|2022-04-06
|179|DOG|3|NIE|INDOOR|NIE|2022-04-06
|186|CAT|18|NIE|ANY|TAK|2022-04-06
|187|DOG|3|TAK|ANY|TAK|2022-04-06
|191|DOG|17|TAK|INDOOR|NIE|2022-04-06
|201|DOG|4|NIE|OUTDOOR|TAK|2022-04-06
|203|CAT|5|TAK|INDOOR|TAK|2022-04-06
|206|DOG|8|NIE|INDOOR|TAK|2022-04-06
|218|CAT|8|NIE|INDOOR|NIE|2022-04-06
|219|CAT|18|NIE|OUTDOOR|TAK|2022-04-06
|220|DOG|4|NIE|INDOOR|TAK|2022-04-06
|221|DOG|1|NIE|OUTDOOR|TAK|2022-04-06
|222|DOG|17|TAK|ANY|NIE|2022-04-06
|223|DOG|3|NIE|INDOOR|NIE|2022-04-06
|2|DOG|7|NIE|OUTDOOR|TAK|2022-04-07
|12|CAT|14|TAK|OUTDOOR|TAK|2022-04-07
|44|CAT|1|NIE|INDOOR|NIE|2022-04-07
|48|DOG|6|TAK|INDOOR|NIE|2022-04-07
|62|CAT|11|NIE|INDOOR|NIE|2022-04-07
|78|CAT|1|NIE|INDOOR|TAK|2022-04-07
|79|DOG|4|NIE|ANY|TAK|2022-04-07
|81|CAT|8|NIE|INDOOR|TAK|2022-04-07
|97|DOG|4|NIE|ANY|TAK|2022-04-07
|104|CAT|16|TAK|INDOOR|NIE|2022-04-07
|124|CAT|11|NIE|ANY|TAK|2022-04-07
|140|CAT|7|NIE|ANY|NIE|2022-04-07
|143|CAT|11|TAK|OUTDOOR|NIE|2022-04-07
|179|CAT|6|TAK|ANY|NIE|2022-04-07
|182|CAT|10|NIE|OUTDOOR|NIE|2022-04-07
|198|DOG|9|NIE|OUTDOOR|TAK|2022-04-07
|211|DOG|1|NIE|ANY|TAK|2022-04-07
|221|DOG|19|TAK|INDOOR|NIE|2022-04-07
|224|CAT|13|NIE|OUTDOOR|TAK|2022-04-07
|225|CAT|16|TAK|ANY|TAK|2022-04-07
|226|CAT|9|TAK|OUTDOOR|NIE|2022-04-07
|227|DOG|14|NIE|INDOOR|NIE|2022-04-07
|1|DOG|14|TAK|ANY|TAK|2022-04-08
|2|CAT|13|NIE|ANY|NIE|2022-04-08
|3|CAT|9|NIE|INDOOR|TAK|2022-04-08
|17|CAT|5|TAK|ANY|NIE|2022-04-08
|35|DOG|8|TAK|ANY|NIE|2022-04-08
|42|CAT|11|NIE|ANY|TAK|2022-04-08
|50|DOG|9|NIE|ANY|TAK|2022-04-08
|62|DOG|4|TAK|INDOOR|TAK|2022-04-08
|63|CAT|8|NIE|ANY|NIE|2022-04-08
|68|CAT|16|NIE|INDOOR|TAK|2022-04-08
|72|CAT|1|NIE|ANY|NIE|2022-04-08
|73|CAT|7|NIE|ANY|TAK|2022-04-08
|79|DOG|15|NIE|OUTDOOR|TAK|2022-04-08
|93|DOG|15|TAK|OUTDOOR|TAK|2022-04-08
|94|DOG|2|TAK|ANY|TAK|2022-04-08
|102|DOG|8|TAK|INDOOR|NIE|2022-04-08
|106|DOG|9|NIE|INDOOR|NIE|2022-04-08
|108|DOG|6|NIE|ANY|TAK|2022-04-08
|114|DOG|4|TAK|OUTDOOR|NIE|2022-04-08
|122|DOG|10|NIE|ANY|NIE|2022-04-08
|133|DOG|15|NIE|INDOOR|NIE|2022-04-08
|156|DOG|8|TAK|OUTDOOR|TAK|2022-04-08
|161|CAT|8|TAK|INDOOR|NIE|2022-04-08
|164|DOG|17|NIE|INDOOR|TAK|2022-04-08
|171|DOG|5|NIE|OUTDOOR|NIE|2022-04-08
|198|DOG|15|TAK|INDOOR|TAK|2022-04-08
|205|CAT|3|NIE|OUTDOOR|NIE|2022-04-08
|209|DOG|8|TAK|ANY|NIE|2022-04-08
|222|DOG|15|TAK|INDOOR|TAK|2022-04-08
|23|CAT|2|TAK|ANY|NIE|2022-04-09
|11|CAT|13|NIE|INDOOR|TAK|2022-04-09
|31|CAT|13|NIE|OUTDOOR|TAK|2022-04-09
|39|CAT|7|TAK|ANY|NIE|2022-04-09
|50|DOG|11|NIE|ANY|NIE|2022-04-09
|58|DOG|2|TAK|OUTDOOR|TAK|2022-04-09
|63|CAT|14|TAK|INDOOR|TAK|2022-04-09
|73|CAT|8|NIE|ANY|TAK|2022-04-09
|89|DOG|1|NIE|OUTDOOR|NIE|2022-04-09
|91|CAT|10|NIE|OUTDOOR|TAK|2022-04-09
|103|DOG|3|NIE|ANY|TAK|2022-04-09
|104|DOG|8|TAK|INDOOR|TAK|2022-04-09
|140|CAT|14|TAK|ANY|TAK|2022-04-09
|144|CAT|15|TAK|INDOOR|NIE|2022-04-09
|175|CAT|9|NIE|OUTDOOR|TAK|2022-04-09
|184|CAT|14|TAK|OUTDOOR|NIE|2022-04-09
|188|DOG|13|TAK|INDOOR|TAK|2022-04-09
|191|CAT|6|TAK|OUTDOOR|NIE|2022-04-09
|209|DOG|11|NIE|OUTDOOR|NIE|2022-04-09
|211|DOG|19|NIE|INDOOR|TAK|2022-04-09
|217|DOG|8|NIE|INDOOR|TAK|2022-04-09
|218|DOG|17|TAK|INDOOR|TAK|2022-04-09
|221|DOG|3|NIE|OUTDOOR|NIE|2022-04-09
|228|DOG|16|TAK|INDOOR|TAK|2022-04-09
|90|CAT|6|NIE|INDOOR|NIE|2022-04-10
|10|DOG|18|TAK|INDOOR|NIE|2022-04-10
|39|CAT|5|NIE|INDOOR|NIE|2022-04-10
|44|DOG|9|NIE|ANY|NIE|2022-04-10
|48|CAT|13|TAK|INDOOR|NIE|2022-04-10
|58|DOG|2|NIE|OUTDOOR|NIE|2022-04-10
|59|CAT|2|NIE|INDOOR|TAK|2022-04-10
|67|DOG|2|TAK|ANY|TAK|2022-04-10
|81|CAT|8|NIE|ANY|NIE|2022-04-10
|100|DOG|13|NIE|OUTDOOR|NIE|2022-04-10
|118|DOG|5|NIE|OUTDOOR|TAK|2022-04-10
|132|CAT|13|TAK|OUTDOOR|TAK|2022-04-10
|144|CAT|1|TAK|INDOOR|NIE|2022-04-10
|161|DOG|6|TAK|INDOOR|TAK|2022-04-10
|162|CAT|0|TAK|ANY|TAK|2022-04-10
|165|DOG|1|TAK|ANY|TAK|2022-04-10
|166|CAT|8|NIE|INDOOR|TAK|2022-04-10
|179|CAT|4|TAK|OUTDOOR|TAK|2022-04-10
|182|DOG|11|TAK|INDOOR|NIE|2022-04-10
|185|DOG|0|TAK|INDOOR|TAK|2022-04-10
|204|DOG|4|NIE|INDOOR|NIE|2022-04-10
|211|DOG|3|TAK|ANY|NIE|2022-04-10
|212|DOG|15|TAK|OUTDOOR|NIE|2022-04-10
|229|DOG|17|NIE|OUTDOOR|TAK|2022-04-10
|230|CAT|0|NIE|OUTDOOR|TAK|2022-04-10
|231|CAT|2|NIE|INDOOR|TAK|2022-04-10
|232|DOG|15|NIE|ANY|NIE|2022-04-10
|23|DOG|1|NIE|ANY|TAK|2022-04-11
|1|CAT|19|TAK|ANY|NIE|2022-04-11
|2|DOG|18|NIE|OUTDOOR|NIE|2022-04-11
|6|CAT|9|NIE|ANY|NIE|2022-04-11
|13|CAT|1|NIE|ANY|NIE|2022-04-11
|17|DOG|17|NIE|INDOOR|NIE|2022-04-11
|34|DOG|13|TAK|ANY|NIE|2022-04-11
|38|DOG|5|NIE|INDOOR|TAK|2022-04-11
|43|CAT|13|NIE|ANY|NIE|2022-04-11
|54|CAT|16|NIE|OUTDOOR|NIE|2022-04-11
|58|DOG|1|NIE|OUTDOOR|NIE|2022-04-11
|73|CAT|0|NIE|OUTDOOR|NIE|2022-04-11
|74|CAT|18|NIE|INDOOR|NIE|2022-04-11
|112|DOG|19|NIE|ANY|TAK|2022-04-11
|114|CAT|13|NIE|ANY|NIE|2022-04-11
|134|CAT|1|NIE|INDOOR|NIE|2022-04-11
|135|DOG|19|TAK|OUTDOOR|TAK|2022-04-11
|196|CAT|4|NIE|ANY|TAK|2022-04-11
|221|CAT|8|TAK|ANY|TAK|2022-04-11
|231|CAT|2|NIE|INDOOR|TAK|2022-04-11
|5|CAT|19|NIE|OUTDOOR|NIE|2022-04-12
|24|DOG|18|NIE|ANY|TAK|2022-04-12
|52|CAT|11|TAK|INDOOR|NIE|2022-04-12
|57|CAT|8|NIE|INDOOR|TAK|2022-04-12
|72|CAT|0|TAK|OUTDOOR|NIE|2022-04-12
|76|DOG|11|TAK|ANY|NIE|2022-04-12
|85|CAT|14|TAK|INDOOR|TAK|2022-04-12
|99|CAT|17|TAK|ANY|NIE|2022-04-12
|101|CAT|5|TAK|ANY|NIE|2022-04-12
|103|CAT|19|TAK|INDOOR|TAK|2022-04-12
|105|DOG|18|TAK|ANY|NIE|2022-04-12
|110|CAT|4|NIE|INDOOR|NIE|2022-04-12
|129|DOG|4|TAK|INDOOR|NIE|2022-04-12
|136|DOG|10|TAK|ANY|NIE|2022-04-12
|140|DOG|0|NIE|INDOOR|TAK|2022-04-12
|145|CAT|12|NIE|OUTDOOR|NIE|2022-04-12
|150|CAT|19|TAK|INDOOR|TAK|2022-04-12
|156|CAT|8|NIE|ANY|TAK|2022-04-12
|160|DOG|15|TAK|ANY|TAK|2022-04-12
|230|CAT|2|TAK|OUTDOOR|TAK|2022-04-12
|233|CAT|14|TAK|OUTDOOR|NIE|2022-04-12
|234|CAT|15|TAK|OUTDOOR|TAK|2022-04-12
|235|CAT|13|TAK|OUTDOOR|TAK|2022-04-12
|236|CAT|7|NIE|ANY|TAK|2022-04-12
|237|CAT|6|TAK|ANY|NIE|2022-04-12
|238|DOG|6|NIE|ANY|TAK|2022-04-12
