|91840288688|Lu|Barker|NIE
|90840070619|Noach|Dillon|NIE
|58870145189|Joy|Golden|NIE
|52910658499|Derk|Owens|NIE
|01890570323|Alanna|Wells|TAK
|81800141456|Deane|Benson|TAK
|67820130151|Franz|Reed|TAK
|54880420102|Pearla|Hill|TAK
|45880106004|Cherey|Zhao|TAK
|59890444265|Drucill|Haynes|NIE
|96820331840|Katrina|Becker|TAK
|49850229162|Nelly|Langston|NIE
|86850243297|Carter|Woodruff|TAK
|76890183747|Koo|Roberts|TAK
|48880656612|Danie|Fitzgerald|TAK
|44870091094|Dilan|Vaughan|NIE
|80880349802|Jillane|Pittman|NIE
|68910521013|Jessie|Hamrick|TAK
|59840167002|Guillemette|Perry|TAK
|94860213955|Griffie|Drake|TAK
|61800549230|Nolan|Mitchell|NIE
|60810655070|Ambrosio|Bloom|TAK
|01850614542|Brittney|Tyler|TAK
|71900644076|Major|Brock|TAK
|96820457724|Claudetta|Scarborough|NIE
|55860450111|Filippo|Hughes|TAK
|72890013020|Karla|Graham|TAK
|95850297528|Harriet|McGee|TAK
|90850644220|Rayshell|Joyner|NIE
|55890283338|Brig|Daniels|TAK
|86890253131|Hilliard|Hopkins|TAK
|42880162724|Almira|Phillips|NIE
|47860004229|Nolie|Gardner|NIE
|77900154164|Berni|Haas|TAK
|76870648099|Estevan|Grimes|TAK
|71830304431|Yardley|Freeman|TAK
|71800406451|Bryant|Cline|NIE
|63880232444|Lilith|Wright|TAK
|00800522540|Karlotta|Heller|TAK
|75900015456|Taddeo|McDowell|NIE
|64850221431|Temp|Hodges|TAK
|00880183671|Karlens|Simmons|NIE
|63870368472|Niall|Alexander|NIE
|03840297944|Hannie|Flowers|NIE
|49850096748|Gianna|Dolan|NIE
|72910341926|Darby|Sharma|NIE
|89870481317|Tedman|Sumner|TAK
|87910567030|Perkin|Adams|TAK
|50900610162|Danika|McKinney|NIE
|48890568075|Maximilianus|Moser|TAK
|63800341485|Jannel|Curtis|TAK
|51830313756|Bradley|Bynum|NIE
|60820232630|Ban|Price|TAK
|73840494012|Wallas|Garcia|NIE
|01900461113|Tam|Pennington|TAK
|78840140264|Cari|Ramsey|NIE
|77810071492|Haywood|Byers|TAK
|92860003770|Bennie|Jordan|TAK
|69800130726|Chelsae|Lucas|NIE
|49880482470|Grantham|Stark|TAK
|97820511757|Ernst|Patterson|TAK
|81840280496|Sigismondo|Stephens|TAK
|71900065635|Kaleb|Hobbs|TAK
|71810618132|Balduin|Sullivan|NIE
|98800664975|Sanders|Ferrell|TAK
|64850590094|Puff|Brewer|TAK
|83890084077|Roderigo|Fletcher|NIE
|79900491144|Glynis|Dillon|NIE
|51860370758|Durante|Morton|NIE
|92800520303|Lorianna|Bailey|NIE
