ID|PESEL|Volunteer's name|Volunteer's surname|Date of birth|Has experience
67|52830639222|Lura|Kirby|1952-04-12|NIE
68|78870655893|Kippar|Hancock|1978-08-19|NIE
69|81800141456|Deane|Benson|1981-01-12|TAK
71|53860587864|Fawnia|Frye|1953-07-24|TAK
73|01890570323|Alanna|Wells|2001-10-26|TAK
74|79810121630|Kain|Strauss|1979-02-05|TAK
75|80850343638|Ravid|Ingram|1980-06-25|NIE
76|93910506357|Evelin|Boyette|1993-12-10|TAK
77|55860248208|Robyn|Deal|1955-07-26|TAK
78|94860213955|Griffie|Drake|1994-07-05|TAK
79|49880096905|Corinna|Dixon|1949-09-25|NIE
80|01900461113|Tam|Pennington|2001-11-15|NIE
81|00860453857|Brant|Hartman|2000-07-06|TAK
82|63840397767|Wenonah|Adams|1963-05-01|NIE
84|97910231529|Cherida|Puckett|1997-12-09|NIE
85|80880349802|Jillane|Pittman|1980-09-03|NIE
86|63910258459|Beale|Nelson|1963-12-24|TAK
88|61910544970|Jessee|Park|1961-12-01|NIE
90|79820000196|Lancelot|Weaver|1979-03-04|NIE
92|42830333055|Kilian|Bunn|1942-04-01|NIE
94|66900607718|Townie|Copeland|1966-11-12|NIE
96|57840206691|Whitaker|Cannon|1957-05-07|NIE
97|48880656612|Danie|Fitzgerald|1948-09-25|TAK
98|59860450722|Clarette|Robbins|1959-07-16|TAK
99|76870648099|Estevan|Grimes|1976-08-07|TAK
101|63890107183|Emlynne|Ramsey|1963-10-21|NIE
102|49850229162|Nelly|Langston|1949-06-14|NIE
105|68840393535|Dewitt|Mack|1968-05-01|TAK
106|50880414691|Cass|Pearson|1950-09-21|NIE
107|04800228576|Christy|Corbett|2004-01-20|TAK
108|77910576301|Doria|Livingston|1977-12-02|NIE
80|01900461113|Tam|Pennington|2001-11-15|TAK
115|86830250547|Veriee|Taylor|1986-04-22|TAK
120|92860003770|Bennie|Jordan|1992-07-05|TAK
122|48820121444|Mercedes|Herbert|1948-03-22|NIE
124|00870637072|Pippo|Bynum|2000-08-12|TAK
125|90840070619|Noach|Dillon|1990-05-27|NIE
127|01870434551|Zacherie|McCarthy|2001-08-02|NIE
129|79810063561|Torey|Garner|1979-02-11|TAK
134|00800522540|Karlotta|Heller|2000-01-07|TAK
135|50820187128|Electra|Bond|1950-03-13|TAK
136|72820377109|Mela|Cummings|1972-03-15|NIE
138|71900644076|Major|Brock|1971-11-20|TAK
