67|52830639222|Lura|Kirby
68|78870655893|Kippar|Hancock
69|81800141456|Deane|Benson
71|53860587864|Fawnia|Frye
73|01890570323|Alanna|Wells
74|79810121630|Kain|Strauss
75|80850343638|Ravid|Ingram
76|93910506357|Evelin|Boyette
77|55860248208|Robyn|Deal
78|94860213955|Griffie|Drake
79|49880096905|Corinna|Dixon
80|01900461113|Tam|Pennington
81|00860453857|Brant|Hartman
82|63840397767|Wenonah|Adams
84|97910231529|Cherida|Puckett
85|80880349802|Jillane|Pittman
86|63910258459|Beale|Nelson
88|61910544970|Jessee|Park
90|79820000196|Lancelot|Weaver
92|42830333055|Kilian|Bunn
94|66900607718|Townie|Copeland
96|57840206691|Whitaker|Cannon
97|48880656612|Danie|Fitzgerald
98|59860450722|Clarette|Robbins
99|76870648099|Estevan|Grimes
101|63890107183|Emlynne|Ramsey
102|49850229162|Nelly|Langston
105|68840393535|Dewitt|Mack
106|50880414691|Cass|Pearson
107|04800228576|Christy|Corbett
108|77910576301|Doria|Livingston
115|86830250547|Veriee|Taylor
120|92860003770|Bennie|Jordan
122|48820121444|Mercedes|Herbert
124|00870637072|Pippo|Bynum
125|90840070619|Noach|Dillon
127|01870434551|Zacherie|McCarthy
129|79810063561|Torey|Garner
134|00800522540|Karlotta|Heller
135|50820187128|Electra|Bond
136|72820377109|Mela|Cummings
138|71900644076|Major|Brock
