|212|2022-03-24|The animal almost froze out of boredom. The PA did not seem to mind it though.
|293|2022-03-24|It was mostly successful but the animal pissed on the PAs leg. Not sure if it is a good sign.
|306|2022-03-24|It was mostly successful but the animal pissed on the PAs leg. Not sure if it is a good sign.
|373|2022-03-24|The animal jumped on the PA out of excitement. The PA tripped over but they seemed very happy.
|169|2022-03-25|
|176|2022-03-25|The animal jumped on the PA out of excitement. The PA tripped over but they seemed very happy.
|246|2022-03-25|The animal jumped on the PA out of excitement. The PA tripped over but they seemed very happy.
|251|2022-03-25|It was mostly successful but the animal pissed on the PAs leg. Not sure if it is a good sign.
|258|2022-03-25|The animal jumped on the PA out of excitement. The PA tripped over but they seemed very happy.
|266|2022-03-25|The animal almost froze out of boredom. The PA did not seem to mind it though.
|302|2022-03-25|It was mostly successful but the animal pissed on the PAs leg. Not sure if it is a good sign.
|347|2022-03-25|The PA was taken by an ambulance after the animal bit off a part of their calf.
|349|2022-03-25|The animal was really shy but at the end they allowed to pet themselves.
|416|2022-03-25|
|203|2022-03-26|It was mostly successful but the animal pissed on the PAs leg. Not sure if it is a good sign.
|248|2022-03-26|The animal almost froze out of boredom. The PA did not seem to mind it though.
|257|2022-03-26|The PA was taken by an ambulance after the animal bit off a part of their calf.
|300|2022-03-26|The animal was really shy but at the end they allowed to pet themselves.
|333|2022-03-26|The PA was taken by an ambulance after the animal bit off a part of their calf.
|381|2022-03-26|The animal almost froze out of boredom. The PA did not seem to mind it though.
|95|2022-03-27|It was mostly successful but the animal pissed on the PAs leg. Not sure if it is a good sign.
|205|2022-03-27|The animal almost froze out of boredom. The PA did not seem to mind it though.
|338|2022-03-27|The animal almost froze out of boredom. The PA did not seem to mind it though.
|358|2022-03-27|
|364|2022-03-27|The animal was really shy but at the end they allowed to pet themselves.
|390|2022-03-27|
|405|2022-03-27|The animal almost froze out of boredom. The PA did not seem to mind it though.
|407|2022-03-27|The animal was really shy but at the end they allowed to pet themselves.
|409|2022-03-27|The PA was taken by an ambulance after the animal bit off a part of their calf.
|340|2022-03-28|The animal was really shy but at the end they allowed to pet themselves.
|373|2022-03-28|
|425|2022-03-28|The animal almost froze out of boredom. The PA did not seem to mind it though.
|203|2022-03-29|
|222|2022-03-29|
|356|2022-03-29|It was mostly successful but the animal pissed on the PAs leg. Not sure if it is a good sign.
|445|2022-03-29|The PA was taken by an ambulance after the animal bit off a part of their calf.
|466|2022-03-29|The PA was taken by an ambulance after the animal bit off a part of their calf.
|469|2022-03-29|The animal was really shy but at the end they allowed to pet themselves.
|123|2022-03-30|It was mostly successful but the animal pissed on the PAs leg. Not sure if it is a good sign.
|248|2022-03-30|The animal almost froze out of boredom. The PA did not seem to mind it though.
|260|2022-03-30|The animal almost froze out of boredom. The PA did not seem to mind it though.
|402|2022-03-30|The animal jumped on the PA out of excitement. The PA tripped over but they seemed very happy.
|469|2022-03-30|It was mostly successful but the animal pissed on the PAs leg. Not sure if it is a good sign.
|481|2022-03-30|The animal was really shy but at the end they allowed to pet themselves.
|154|2022-03-31|The animal almost froze out of boredom. The PA did not seem to mind it though.
|171|2022-03-31|The animal was really shy but at the end they allowed to pet themselves.
|213|2022-03-31|The animal almost froze out of boredom. The PA did not seem to mind it though.
|298|2022-03-31|
|317|2022-03-31|The animal almost froze out of boredom. The PA did not seem to mind it though.
|401|2022-03-31|The animal almost froze out of boredom. The PA did not seem to mind it though.
|418|2022-03-31|
|432|2022-03-31|It was mostly successful but the animal pissed on the PAs leg. Not sure if it is a good sign.
|443|2022-03-31|The animal was really shy but at the end they allowed to pet themselves.
|478|2022-03-31|The animal almost froze out of boredom. The PA did not seem to mind it though.
|506|2022-03-31|The PA was taken by an ambulance after the animal bit off a part of their calf.
|203|2022-04-01|It was mostly successful but the animal pissed on the PAs leg. Not sure if it is a good sign.
|338|2022-04-01|It was mostly successful but the animal pissed on the PAs leg. Not sure if it is a good sign.
|387|2022-04-01|
|502|2022-04-01|The animal jumped on the PA out of excitement. The PA tripped over but they seemed very happy.
|520|2022-04-01|
|525|2022-04-01|The PA was taken by an ambulance after the animal bit off a part of their calf.
|280|2022-04-02|The animal jumped on the PA out of excitement. The PA tripped over but they seemed very happy.
|478|2022-04-02|The animal almost froze out of boredom. The PA did not seem to mind it though.
|506|2022-04-02|
|531|2022-04-02|It was mostly successful but the animal pissed on the PAs leg. Not sure if it is a good sign.
|298|2022-04-03|It was mostly successful but the animal pissed on the PAs leg. Not sure if it is a good sign.
|303|2022-04-03|The PA was taken by an ambulance after the animal bit off a part of their calf.
|333|2022-04-03|It was mostly successful but the animal pissed on the PAs leg. Not sure if it is a good sign.
|364|2022-04-03|The animal was really shy but at the end they allowed to pet themselves.
|389|2022-04-03|The animal jumped on the PA out of excitement. The PA tripped over but they seemed very happy.
|457|2022-04-03|The animal was really shy but at the end they allowed to pet themselves.
|571|2022-04-03|The animal almost froze out of boredom. The PA did not seem to mind it though.
|213|2022-04-04|The animal jumped on the PA out of excitement. The PA tripped over but they seemed very happy.
|267|2022-04-04|The animal was really shy but at the end they allowed to pet themselves.
|276|2022-04-04|The animal almost froze out of boredom. The PA did not seem to mind it though.
|457|2022-04-04|It was mostly successful but the animal pissed on the PAs leg. Not sure if it is a good sign.
|522|2022-04-04|The animal was really shy but at the end they allowed to pet themselves.
|543|2022-04-04|The animal jumped on the PA out of excitement. The PA tripped over but they seemed very happy.
|547|2022-04-04|The animal almost froze out of boredom. The PA did not seem to mind it though.
|585|2022-04-04|The animal almost froze out of boredom. The PA did not seem to mind it though.
|297|2022-04-05|The animal was really shy but at the end they allowed to pet themselves.
|320|2022-04-05|It was mostly successful but the animal pissed on the PAs leg. Not sure if it is a good sign.
|370|2022-04-05|The PA was taken by an ambulance after the animal bit off a part of their calf.
|384|2022-04-05|The PA was taken by an ambulance after the animal bit off a part of their calf.
|484|2022-04-05|The animal jumped on the PA out of excitement. The PA tripped over but they seemed very happy.
|537|2022-04-05|
|570|2022-04-05|The animal was really shy but at the end they allowed to pet themselves.
|212|2022-04-06|The animal was really shy but at the end they allowed to pet themselves.
|362|2022-04-06|
|364|2022-04-06|The animal was really shy but at the end they allowed to pet themselves.
|517|2022-04-06|It was mostly successful but the animal pissed on the PAs leg. Not sure if it is a good sign.
|548|2022-04-06|The animal almost froze out of boredom. The PA did not seem to mind it though.
|576|2022-04-06|It was mostly successful but the animal pissed on the PAs leg. Not sure if it is a good sign.
|597|2022-04-06|The animal jumped on the PA out of excitement. The PA tripped over but they seemed very happy.
|632|2022-04-06|The PA was taken by an ambulance after the animal bit off a part of their calf.
|659|2022-04-06|It was mostly successful but the animal pissed on the PAs leg. Not sure if it is a good sign.
|276|2022-04-07|The animal was really shy but at the end they allowed to pet themselves.
|320|2022-04-07|The animal was really shy but at the end they allowed to pet themselves.
|610|2022-04-07|The animal almost froze out of boredom. The PA did not seem to mind it though.
|663|2022-04-07|The animal jumped on the PA out of excitement. The PA tripped over but they seemed very happy.
|671|2022-04-07|The animal jumped on the PA out of excitement. The PA tripped over but they seemed very happy.
|690|2022-04-07|The animal almost froze out of boredom. The PA did not seem to mind it though.
|325|2022-04-08|The animal jumped on the PA out of excitement. The PA tripped over but they seemed very happy.
|481|2022-04-08|
|522|2022-04-08|The animal jumped on the PA out of excitement. The PA tripped over but they seemed very happy.
|676|2022-04-08|
|698|2022-04-08|It was mostly successful but the animal pissed on the PAs leg. Not sure if it is a good sign.
|91|2022-04-09|It was mostly successful but the animal pissed on the PAs leg. Not sure if it is a good sign.
|212|2022-04-09|The PA was taken by an ambulance after the animal bit off a part of their calf.
|432|2022-04-09|
|476|2022-04-09|The PA was taken by an ambulance after the animal bit off a part of their calf.
|590|2022-04-09|The animal jumped on the PA out of excitement. The PA tripped over but they seemed very happy.
|621|2022-04-09|The PA was taken by an ambulance after the animal bit off a part of their calf.
|652|2022-04-09|
|681|2022-04-09|The PA was taken by an ambulance after the animal bit off a part of their calf.
|724|2022-04-09|The PA was taken by an ambulance after the animal bit off a part of their calf.
|253|2022-04-10|The animal almost froze out of boredom. The PA did not seem to mind it though.
|276|2022-04-10|The animal was really shy but at the end they allowed to pet themselves.
|303|2022-04-10|It was mostly successful but the animal pissed on the PAs leg. Not sure if it is a good sign.
|405|2022-04-10|
|471|2022-04-10|It was mostly successful but the animal pissed on the PAs leg. Not sure if it is a good sign.
|476|2022-04-10|The animal jumped on the PA out of excitement. The PA tripped over but they seemed very happy.
|484|2022-04-10|The animal was really shy but at the end they allowed to pet themselves.
|607|2022-04-10|The animal jumped on the PA out of excitement. The PA tripped over but they seemed very happy.
|643|2022-04-10|The animal jumped on the PA out of excitement. The PA tripped over but they seemed very happy.
|688|2022-04-10|The animal almost froze out of boredom. The PA did not seem to mind it though.
|691|2022-04-10|The animal was really shy but at the end they allowed to pet themselves.
|697|2022-04-10|
|716|2022-04-10|It was mostly successful but the animal pissed on the PAs leg. Not sure if it is a good sign.
|740|2022-04-10|The PA was taken by an ambulance after the animal bit off a part of their calf.
|749|2022-04-10|
|280|2022-04-11|The animal almost froze out of boredom. The PA did not seem to mind it though.
|362|2022-04-11|
|476|2022-04-11|The animal jumped on the PA out of excitement. The PA tripped over but they seemed very happy.
|531|2022-04-11|
|700|2022-04-11|The animal almost froze out of boredom. The PA did not seem to mind it though.
|781|2022-04-11|The animal was really shy but at the end they allowed to pet themselves.
|415|2022-04-12|The animal was really shy but at the end they allowed to pet themselves.
|635|2022-04-12|The animal jumped on the PA out of excitement. The PA tripped over but they seemed very happy.
|755|2022-04-12|The animal jumped on the PA out of excitement. The PA tripped over but they seemed very happy.
|789|2022-04-12|The animal almost froze out of boredom. The PA did not seem to mind it though.
