ID|Name|Species|Sex|Date of birth|Disabilities|House without kids|Experienced owners|Preferred place to live|Date of admission|Death
0|Airin|CAT|FEMALE|2014-02-20|[amputated limb]|1|0|OUTDOOR|2022-02-02|
1|Boron|CAT|MALE|2019-11-18|[FIV, feline heartworm, obesity]|1|1|INDOOR|2022-02-02|
2|Ghina|CAT|FEMALE|2018-09-27|[cystitis]|1|0|ANY|2022-02-02|
3|Caro|CAT|FEMALE|2009-04-26|[blindness, kidney disease, cystitis]|0|0|OUTDOOR|2022-02-02|
4|Jogana|CAT|FEMALE|2017-10-23|[diabetes]|0|0|ANY|2022-02-02|
5|Cruiser|CAT|MALE|2014-08-01|[hyperthyroidism, FeLV]|1|0|ANY|2022-02-02|
6|Gordo|CAT|MALE|2015-05-03|[blindness, FeLV, tooth pathology]|0|1|OUTDOOR|2022-02-02|
7|Foggy|DOG|MALE|2011-04-26|[]|0|1|INDOOR|2022-02-02|
8|Maui|CAT|FEMALE|2011-09-25|[]|0|0|INDOOR|2022-02-02|
9|Feddo|CAT|MALE|2018-11-04|[cystitis]|0|1|ANY|2022-02-02|
10|Motte|CAT|FEMALE|2021-10-06|[blindness, diabetes, obesity]|0|1|INDOOR|2022-02-03|
11|Elof|DOG|MALE|2017-04-12|[cancer, deafness]|0|0|INDOOR|2022-02-03|
12|Chibo|CAT|MALE|2014-06-28|[]|1|0|OUTDOOR|2022-02-04|
13|Sabina|DOG|FEMALE|2016-05-19|[obesity, dog heartworm]|0|0|OUTDOOR|2022-02-04|
9|Feddo|CAT|MALE|2018-11-04|[kidney disease, cystitis]|0|1|ANY|2022-02-02|
14|Kleopatra|CAT|FEMALE|2019-08-27|[deafness]|1|1|OUTDOOR|2022-02-05|
15|Chewbacca|CAT|MALE|2016-04-23|[obesity]|0|0|ANY|2022-02-05|
10|Motte|CAT|FEMALE|2021-10-06|[blindness, diabetes, obesity]|0|1|INDOOR|2022-02-03|2022-02-06
13|Sabina|DOG|FEMALE|2016-05-19|[obesity, dog heartworm]|0|0|OUTDOOR|2022-02-04|2022-02-11
16|Wallaby|CAT|FEMALE|2017-05-04|[diabetes]|0|0|INDOOR|2022-02-14|
17|Merlyn|CAT|FEMALE|2014-05-02|[diabetes, obesity]|0|1|ANY|2022-02-14|
18|Lump|DOG|MALE|2012-08-18|[deafness, dog heartworm]|1|0|ANY|2022-02-14|
19|Farga|CAT|FEMALE|2011-05-03|[amputated limb]|0|0|OUTDOOR|2022-02-14|
20|Patsy|CAT|FEMALE|2017-01-13|[obesity]|0|1|ANY|2022-02-19|
21|Lord|CAT|MALE|2010-06-27|[deafness]|1|0|ANY|2022-02-19|
22|Eljen|DOG|FEMALE|2010-04-05|[Lyme disease, deafness]|0|1|ANY|2022-02-19|
0|Airin|CAT|FEMALE|2014-02-20|[amputated limb, cystitis]|1|0|OUTDOOR|2022-02-02|
23|Smutje|DOG|FEMALE|2007-09-16|[deafness, diabetes]|1|1|ANY|2022-02-21|
24|Chiffon|DOG|MALE|2011-10-08|[Lyme disease]|1|1|OUTDOOR|2022-02-21|
25|Ilonka|DOG|FEMALE|2011-06-29|[]|0|1|ANY|2022-02-21|
18|Lump|DOG|MALE|2012-08-18|[cancer, deafness, dog heartworm]|1|0|ANY|2022-02-14|
26|Nadèsch|DOG|FEMALE|2020-02-12|[obesity]|1|1|INDOOR|2022-02-23|
27|Ibo|CAT|MALE|2011-01-01|[FeLV, tooth pathology]|1|1|OUTDOOR|2022-02-23|
28|Lila|CAT|FEMALE|2011-05-15|[FIV, hyperthyroidism, kidney disease]|1|0|ANY|2022-02-23|
29|Jaimee|DOG|FEMALE|2012-06-06|[obesity]|0|1|OUTDOOR|2022-02-23|
7|Foggy|DOG|MALE|2011-04-26|[obesity]|0|1|INDOOR|2022-02-02|
12|Chibo|CAT|MALE|2014-06-28|[FeLV]|1|0|OUTDOOR|2022-02-04|
30|Anica|DOG|FEMALE|2021-05-08|[cancer, deafness]|1|1|INDOOR|2022-02-25|
31|Nato|CAT|MALE|2021-06-16|[hyperthyroidism]|1|0|OUTDOOR|2022-02-25|
18|Lump|DOG|MALE|2012-08-18|[cancer, deafness, obesity, dog heartworm]|1|0|ANY|2022-02-14|
32|Verra|DOG|FEMALE|2018-10-05|[arthritis, dog heartworm]|1|1|INDOOR|2022-02-26|
0|Airin|CAT|FEMALE|2014-02-20|[amputated limb, blindness, cystitis]|1|0|OUTDOOR|2022-02-02|
17|Merlyn|CAT|FEMALE|2014-05-02|[diabetes, obesity]|0|1|ANY|2022-02-14|2022-02-27
33|Shirocco|DOG|MALE|2008-07-26|[]|1|0|OUTDOOR|2022-02-28|
34|Genna|CAT|FEMALE|2018-12-25|[hyperthyroidism, amputated limb, tooth pathology]|0|1|INDOOR|2022-02-28|
35|Halunke|CAT|MALE|2018-01-04|[hyperthyroidism]|1|1|INDOOR|2022-03-03|
5|Cruiser|CAT|MALE|2014-08-01|[hyperthyroidism, FeLV, kidney disease]|1|0|ANY|2022-02-02|
36|Orthia|CAT|FEMALE|2013-06-09|[amputated limb, diabetes, tooth pathology]|0|1|OUTDOOR|2022-03-05|
37|Goblin|DOG|MALE|2017-11-21|[deafness, diabetes, obesity]|1|0|ANY|2022-03-05|
38|Iffo|DOG|MALE|2007-08-20|[dog heartworm]|0|0|OUTDOOR|2022-03-11|
39|Nelio|CAT|MALE|2011-09-29|[feline heartworm, obesity]|1|1|INDOOR|2022-03-11|
24|Chiffon|DOG|MALE|2011-10-08|[Lyme disease]|1|1|OUTDOOR|2022-02-21|2022-03-13
37|Goblin|DOG|MALE|2017-11-21|[deafness, diabetes, obesity]|1|0|ANY|2022-03-05|2022-03-13
34|Genna|CAT|FEMALE|2018-12-25|[hyperthyroidism, amputated limb, diabetes, tooth pathology]|0|1|INDOOR|2022-02-28|
40|Rosali|DOG|FEMALE|2018-01-05|[amputated limb, blindness, diabetes]|0|0|OUTDOOR|2022-03-15|
41|Dabo|DOG|MALE|2018-04-26|[cancer]|1|1|OUTDOOR|2022-03-15|
42|Delu|CAT|MALE|2018-11-06|[]|1|1|OUTDOOR|2022-03-15|
43|Fairlo|DOG|MALE|2007-05-22|[Lyme disease, diabetes]|0|1|OUTDOOR|2022-03-15|
23|Smutje|DOG|FEMALE|2007-09-16|[cancer, deafness, diabetes]|1|1|ANY|2022-02-21|
0|Airin|CAT|FEMALE|2014-02-20|[amputated limb, blindness, cystitis]|1|0|OUTDOOR|2022-02-02|2022-03-17
11|Elof|DOG|MALE|2017-04-12|[cancer, deafness]|0|0|INDOOR|2022-02-03|2022-03-17
44|Bugsy|CAT|MALE|2014-02-16|[feline heartworm, cancer, deafness]|0|1|INDOOR|2022-03-18|
45|Voltaire|CAT|MALE|2007-04-05|[]|0|0|OUTDOOR|2022-03-18|
46|Argos|CAT|MALE|2010-10-25|[feline heartworm, cystitis]|1|1|OUTDOOR|2022-03-18|
47|Furioso|DOG|MALE|2022-03-12|[deafness]|0|1|OUTDOOR|2022-03-18|
48|Hilmar|CAT|MALE|2009-06-23|[amputated limb, diabetes]|0|0|OUTDOOR|2022-03-20|
36|Orthia|CAT|FEMALE|2013-06-09|[feline heartworm, amputated limb, diabetes, tooth pathology]|0|1|OUTDOOR|2022-03-05|
49|Joshua|DOG|MALE|2015-03-24|[]|0|0|ANY|2022-03-22|
50|Viga|CAT|FEMALE|2019-12-23|[hyperthyroidism, blindness]|0|0|ANY|2022-03-22|
51|Reck|DOG|MALE|2010-07-28|[arthritis, deafness, obesity]|0|1|ANY|2022-03-22|
52|Aren|CAT|MALE|2017-06-19|[hyperthyroidism, amputated limb, deafness]|1|0|OUTDOOR|2022-03-23|
53|Shila|DOG|FEMALE|2019-12-21|[deafness]|0|0|INDOOR|2022-03-23|
54|Assy|DOG|FEMALE|2013-03-05|[arthritis]|1|0|INDOOR|2022-03-23|
55|Dexter|DOG|MALE|2009-06-15|[arthritis, obesity]|0|0|INDOOR|2022-03-23|
55|Dexter|DOG|MALE|2009-06-15|[arthritis, obesity]|0|0|INDOOR|2022-03-23|2022-03-23
12|Chibo|CAT|MALE|2014-06-28|[FeLV, cystitis]|1|0|OUTDOOR|2022-02-04|
25|Ilonka|DOG|FEMALE|2011-06-29|[deafness]|0|1|ANY|2022-02-21|
44|Bugsy|CAT|MALE|2014-02-16|[feline heartworm, amputated limb, cancer, deafness]|0|1|INDOOR|2022-03-18|
3|Caro|CAT|FEMALE|2009-04-26|[blindness, kidney disease, cystitis]|0|0|OUTDOOR|2022-02-02|2022-03-27
6|Gordo|CAT|MALE|2015-05-03|[blindness, FeLV, tooth pathology]|0|1|OUTDOOR|2022-02-02|2022-03-27
43|Fairlo|DOG|MALE|2007-05-22|[Lyme disease, diabetes]|0|1|OUTDOOR|2022-03-15|2022-03-27
1|Boron|CAT|MALE|2019-11-18|[FIV, feline heartworm, obesity]|1|1|INDOOR|2022-02-02|2022-03-28
48|Hilmar|CAT|MALE|2009-06-23|[amputated limb, diabetes]|0|0|OUTDOOR|2022-03-20|2022-03-29
56|Pixy|DOG|FEMALE|2018-02-14|[]|0|0|INDOOR|2022-03-30|
57|Hoppel|CAT|MALE|2012-09-19|[amputated limb]|0|0|ANY|2022-03-30|
58|Sago|DOG|MALE|2014-11-04|[]|1|0|OUTDOOR|2022-03-30|
9|Feddo|CAT|MALE|2018-11-04|[FeLV, kidney disease, cystitis]|0|1|ANY|2022-02-02|
33|Shirocco|DOG|MALE|2008-07-26|[arthritis]|1|0|OUTDOOR|2022-02-28|
59|Kasbar|DOG|MALE|2021-02-20|[Lyme disease, blindness, dog heartworm]|0|0|OUTDOOR|2022-03-31|
9|Feddo|CAT|MALE|2018-11-04|[FeLV, kidney disease, cystitis]|0|1|ANY|2022-02-02|2022-04-01
50|Viga|CAT|FEMALE|2019-12-23|[hyperthyroidism, blindness]|0|0|ANY|2022-03-22|2022-04-01
16|Wallaby|CAT|FEMALE|2017-05-04|[diabetes]|0|0|INDOOR|2022-02-14|2022-04-02
60|Roxa|DOG|FEMALE|2009-10-18|[diabetes]|0|0|ANY|2022-04-04|
61|Amaretto|DOG|MALE|2020-04-14|[cancer, obesity, dog heartworm]|0|0|ANY|2022-04-04|
62|Fajita|DOG|FEMALE|2014-07-31|[]|0|0|ANY|2022-04-06|
63|Socks|CAT|MALE|2009-07-21|[cystitis, diabetes]|1|0|OUTDOOR|2022-04-06|
12|Chibo|CAT|MALE|2014-06-28|[FeLV, cystitis]|1|0|OUTDOOR|2022-02-04|2022-04-06
61|Amaretto|DOG|MALE|2020-04-14|[cancer, obesity, dog heartworm]|0|0|ANY|2022-04-04|2022-04-07
32|Verra|DOG|FEMALE|2018-10-05|[arthritis, dog heartworm]|1|1|INDOOR|2022-02-26|2022-04-08
64|Innozenz|CAT|MALE|2008-06-30|[]|1|0|ANY|2022-04-09|
65|Ilkara|CAT|FEMALE|2014-11-15|[feline heartworm, hyperthyroidism, obesity]|0|0|ANY|2022-04-18|
54|Assy|DOG|FEMALE|2013-03-05|[arthritis]|1|0|INDOOR|2022-03-23|2022-04-19
66|Kaje|CAT|FEMALE|2011-08-20|[]|0|1|ANY|2022-04-20|
67|Struppi|DOG|MALE|2016-12-06|[]|0|1|ANY|2022-04-20|
68|Snubull|DOG|MALE|2008-03-07|[deafness]|1|1|INDOOR|2022-04-20|
69|Napur|CAT|MALE|2008-07-15|[cancer, deafness]|0|0|OUTDOOR|2022-04-20|
45|Voltaire|CAT|MALE|2007-04-05|[]|0|0|OUTDOOR|2022-04-20|
22|Eljen|DOG|FEMALE|2010-04-05|[Lyme disease, deafness]|0|1|ANY|2022-02-19|2022-04-21
70|Gabriela|DOG|FEMALE|2020-01-22|[amputated limb, arthritis]|0|0|OUTDOOR|2022-04-23|
71|Aragon|DOG|MALE|2012-03-18|[]|1|0|ANY|2022-04-23|
72|Aira|DOG|FEMALE|2017-12-28|[]|0|1|INDOOR|2022-04-23|
73|Maura|CAT|FEMALE|2015-08-21|[hyperthyroidism]|1|0|OUTDOOR|2022-04-24|
74|Alrik|DOG|MALE|2020-05-10|[cancer, diabetes, dog heartworm]|0|1|OUTDOOR|2022-04-24|
75|Yassi|DOG|FEMALE|2016-12-09|[diabetes, obesity, dog heartworm]|1|1|INDOOR|2022-04-26|
65|Ilkara|CAT|FEMALE|2014-11-15|[feline heartworm, hyperthyroidism, obesity]|0|0|ANY|2022-04-18|2022-04-27
76|Danilo|CAT|MALE|2007-09-19|[cancer, deafness, obesity]|1|0|OUTDOOR|2022-04-28|
77|Cagna|CAT|FEMALE|2014-11-17|[feline heartworm, blindness, obesity]|0|1|ANY|2022-04-28|
78|Nikias|CAT|MALE|2021-11-16|[]|1|1|OUTDOOR|2022-04-28|
79|Serapis|CAT|MALE|2018-07-17|[hyperthyroidism, deafness]|0|0|INDOOR|2022-04-29|
80|Bay|CAT|MALE|2013-08-02|[blindness, diabetes, tooth pathology]|0|1|OUTDOOR|2022-04-29|
81|Oswin|CAT|MALE|2020-02-14|[]|1|1|OUTDOOR|2022-04-30|
82|Bunny|CAT|FEMALE|2007-12-11|[cancer, obesity]|1|0|ANY|2022-04-30|
83|Giulio|DOG|MALE|2015-01-11|[]|1|1|INDOOR|2022-05-01|
84|Yanni|CAT|FEMALE|2021-06-05|[blindness, tooth pathology]|1|0|INDOOR|2022-05-01|
85|Robby|CAT|MALE|2016-04-27|[]|1|0|ANY|2022-05-02|
86|Kitai|DOG|MALE|2009-11-21|[Lyme disease]|1|0|OUTDOOR|2022-05-02|
87|Luigia|CAT|FEMALE|2009-09-05|[amputated limb]|0|0|ANY|2022-05-02|
88|Duce|CAT|MALE|2013-12-26|[feline heartworm]|1|1|ANY|2022-05-02|
23|Smutje|DOG|FEMALE|2007-09-16|[Lyme disease, cancer, deafness, diabetes]|1|1|ANY|2022-02-21|
27|Ibo|CAT|MALE|2011-01-01|[FeLV, tooth pathology]|1|1|OUTDOOR|2022-02-23|2022-05-04
33|Shirocco|DOG|MALE|2008-07-26|[arthritis]|1|0|OUTDOOR|2022-02-28|2022-05-04
31|Nato|CAT|MALE|2021-06-16|[hyperthyroidism]|1|0|OUTDOOR|2022-02-25|2022-05-05
62|Fajita|DOG|FEMALE|2014-07-31|[arthritis]|0|0|ANY|2022-04-06|
74|Alrik|DOG|MALE|2020-05-10|[cancer, diabetes, dog heartworm]|0|1|OUTDOOR|2022-04-24|2022-05-07
89|Renzo|CAT|MALE|2015-04-28|[]|0|0|OUTDOOR|2022-05-08|
90|Estara|CAT|FEMALE|2009-02-18|[feline heartworm, obesity]|1|0|OUTDOOR|2022-05-08|
91|Andrusch|CAT|MALE|2017-05-28|[feline heartworm]|0|1|INDOOR|2022-05-08|
92|Tarik|CAT|MALE|2009-03-12|[cystitis]|1|0|OUTDOOR|2022-05-08|
93|Alima|CAT|FEMALE|2009-03-27|[tooth pathology]|1|0|OUTDOOR|2022-05-09|
94|Drummer|CAT|MALE|2022-02-12|[kidney disease, obesity]|0|0|OUTDOOR|2022-05-09|
95|Impuls|DOG|MALE|2010-07-21|[obesity]|0|1|ANY|2022-05-09|
96|Bijörn|CAT|MALE|2021-04-28|[amputated limb, cystitis]|1|0|OUTDOOR|2022-05-09|
20|Patsy|CAT|FEMALE|2017-01-13|[obesity]|0|1|ANY|2022-02-19|2022-05-09
86|Kitai|DOG|MALE|2009-11-21|[Lyme disease, amputated limb]|1|0|OUTDOOR|2022-05-02|
94|Drummer|CAT|MALE|2022-02-12|[kidney disease, obesity]|0|0|OUTDOOR|2022-05-09|2022-05-10
96|Bijörn|CAT|MALE|2021-04-28|[amputated limb, cystitis]|1|0|OUTDOOR|2022-05-09|2022-05-10
97|Buma|DOG|FEMALE|2016-04-04|[arthritis, dog heartworm]|0|0|OUTDOOR|2022-05-11|
98|Tschibo|DOG|MALE|2018-10-17|[arthritis, dog heartworm]|0|0|ANY|2022-05-12|
80|Bay|CAT|MALE|2013-08-02|[blindness, deafness, diabetes, tooth pathology]|0|1|OUTDOOR|2022-04-29|
98|Tschibo|DOG|MALE|2018-10-17|[arthritis, dog heartworm]|0|0|ANY|2022-05-12|2022-05-12
99|Cori|CAT|MALE|2018-12-10|[hyperthyroidism, FeLV, diabetes]|1|0|OUTDOOR|2022-05-13|
100|Moondance|CAT|FEMALE|2019-05-27|[]|1|0|ANY|2022-05-14|
101|Abbie|CAT|FEMALE|2011-08-03|[obesity]|1|0|INDOOR|2022-05-14|
95|Impuls|DOG|MALE|2010-07-21|[obesity]|0|1|ANY|2022-05-09|2022-05-14
102|Gorgeous|CAT|MALE|2011-06-14|[FeLV, kidney disease, cystitis]|1|1|OUTDOOR|2022-05-16|
103|Umia|DOG|FEMALE|2017-04-04|[blindness, diabetes, dog heartworm]|1|1|OUTDOOR|2022-05-16|
104|Elisha|CAT|FEMALE|2016-03-28|[kidney disease, cancer]|0|0|OUTDOOR|2022-05-17|
79|Serapis|CAT|MALE|2018-07-17|[hyperthyroidism, kidney disease, deafness]|0|0|INDOOR|2022-04-29|
38|Iffo|DOG|MALE|2007-08-20|[amputated limb, dog heartworm]|0|0|OUTDOOR|2022-03-11|
86|Kitai|DOG|MALE|2009-11-21|[Lyme disease, amputated limb, diabetes]|1|0|OUTDOOR|2022-05-02|
105|Pugnose|CAT|MALE|2019-07-02|[kidney disease, cystitis, obesity]|1|1|INDOOR|2022-05-21|
106|Tramp|CAT|MALE|2007-07-08|[]|1|1|OUTDOOR|2022-05-21|
107|Inkaja|DOG|FEMALE|2017-01-30|[diabetes]|1|1|OUTDOOR|2022-05-21|
78|Nikias|CAT|MALE|2021-11-16|[deafness]|1|1|OUTDOOR|2022-04-28|
70|Gabriela|DOG|FEMALE|2020-01-22|[amputated limb, arthritis, obesity]|0|0|OUTDOOR|2022-04-23|
104|Elisha|CAT|FEMALE|2016-03-28|[kidney disease, cancer]|0|0|OUTDOOR|2022-05-17|2022-05-26
108|Twinny|DOG|MALE|2014-06-13|[amputated limb, deafness, diabetes]|0|1|OUTDOOR|2022-05-27|
109|Finja|DOG|FEMALE|2015-07-22|[Lyme disease, cancer, obesity]|0|0|OUTDOOR|2022-05-27|
110|Sanny|DOG|FEMALE|2013-04-08|[Lyme disease, deafness]|1|0|OUTDOOR|2022-05-27|
76|Danilo|CAT|MALE|2007-09-19|[cancer, deafness, obesity]|1|0|OUTDOOR|2022-04-28|2022-05-27
86|Kitai|DOG|MALE|2009-11-21|[Lyme disease, amputated limb, diabetes]|1|0|OUTDOOR|2022-05-02|2022-05-27
111|Schnook|DOG|MALE|2007-12-16|[Lyme disease, arthritis]|0|1|INDOOR|2022-05-28|
92|Tarik|CAT|MALE|2009-03-12|[cystitis]|1|0|OUTDOOR|2022-05-08|2022-05-28
53|Shila|DOG|FEMALE|2019-12-21|[deafness]|0|0|INDOOR|2022-03-23|2022-05-29
79|Serapis|CAT|MALE|2018-07-17|[hyperthyroidism, kidney disease, deafness]|0|0|INDOOR|2022-04-29|2022-05-29
99|Cori|CAT|MALE|2018-12-10|[hyperthyroidism, FeLV, diabetes]|1|0|OUTDOOR|2022-05-13|2022-05-29
107|Inkaja|DOG|FEMALE|2017-01-30|[Lyme disease, diabetes]|1|1|OUTDOOR|2022-05-21|
112|Lanzelot|CAT|MALE|2011-03-09|[FeLV, tooth pathology]|1|0|INDOOR|2022-05-30|
30|Anica|DOG|FEMALE|2021-05-08|[cancer, deafness]|1|1|INDOOR|2022-02-25|2022-05-31
62|Fajita|DOG|FEMALE|2014-07-31|[arthritis, deafness]|0|0|ANY|2022-04-06|
113|Almi|CAT|FEMALE|2010-01-16|[]|1|1|OUTDOOR|2022-06-01|
114|Neelthe|CAT|FEMALE|2015-03-06|[]|0|0|INDOOR|2022-06-01|
115|Mindy|CAT|FEMALE|2017-03-07|[]|0|1|INDOOR|2022-06-01|
39|Nelio|CAT|MALE|2011-09-29|[feline heartworm, obesity]|1|1|INDOOR|2022-03-11|2022-06-01
116|Chibala|DOG|FEMALE|2011-04-14|[cancer]|0|1|INDOOR|2022-06-04|
117|Zira|CAT|FEMALE|2018-07-26|[blindness, deafness, tooth pathology]|1|0|INDOOR|2022-06-04|
118|Jaskit|CAT|FEMALE|2016-07-01|[feline heartworm, amputated limb, FeLV]|1|1|INDOOR|2022-06-04|
119|Kojak|CAT|MALE|2019-09-30|[cystitis, tooth pathology]|1|1|OUTDOOR|2022-06-04|
25|Ilonka|DOG|FEMALE|2011-06-29|[deafness]|0|1|ANY|2022-02-21|2022-06-04
120|Drolly|CAT|FEMALE|2008-02-18|[]|0|1|OUTDOOR|2022-06-06|
82|Bunny|CAT|FEMALE|2007-12-11|[cancer, obesity]|1|0|ANY|2022-04-30|2022-06-08
121|Zinka|CAT|FEMALE|2010-11-10|[blindness]|0|0|INDOOR|2022-06-09|
102|Gorgeous|CAT|MALE|2011-06-14|[FeLV, kidney disease, cystitis]|1|1|OUTDOOR|2022-05-16|2022-06-09
122|Castaway|DOG|FEMALE|2009-10-29|[deafness]|1|1|ANY|2022-06-11|
58|Sago|DOG|MALE|2014-11-04|[diabetes]|1|0|OUTDOOR|2022-03-30|
21|Lord|CAT|MALE|2010-06-27|[deafness]|1|0|ANY|2022-02-19|2022-06-12
21|Lord|CAT|MALE|2010-06-27|[blindness, deafness]|1|0|ANY|2022-02-19|2022-06-12
75|Yassi|DOG|FEMALE|2016-12-09|[diabetes, obesity, dog heartworm]|1|1|INDOOR|2022-04-26|2022-06-12
93|Alima|CAT|FEMALE|2009-03-27|[FeLV, tooth pathology]|1|0|OUTDOOR|2022-05-09|
2|Ghina|CAT|FEMALE|2018-09-27|[cystitis]|1|0|ANY|2022-02-02|2022-06-13
123|Alai|CAT|FEMALE|2014-11-08|[cancer]|1|1|OUTDOOR|2022-06-15|
124|Malka|CAT|FEMALE|2007-08-15|[diabetes, tooth pathology]|0|1|OUTDOOR|2022-06-15|
125|Lao-Ma|CAT|FEMALE|2017-12-06|[cystitis]|1|1|INDOOR|2022-06-15|
126|Checky|CAT|FEMALE|2018-11-18|[cancer, obesity]|1|1|ANY|2022-06-15|
8|Maui|CAT|FEMALE|2011-09-25|[cystitis]|0|0|INDOOR|2022-02-02|
127|Gator|DOG|MALE|2020-03-29|[]|0|1|INDOOR|2022-06-17|
46|Argos|CAT|MALE|2010-10-25|[feline heartworm, cystitis]|1|1|OUTDOOR|2022-03-18|2022-06-17
128|Vesta|DOG|FEMALE|2021-03-07|[amputated limb, deafness]|0|1|ANY|2022-06-19|
88|Duce|CAT|MALE|2013-12-26|[feline heartworm, FIV]|1|1|ANY|2022-05-02|
129|Rasso|DOG|MALE|2020-02-18|[blindness, diabetes]|0|1|INDOOR|2022-06-20|
130|Viper|DOG|MALE|2010-12-10|[cancer, obesity, dog heartworm]|0|1|ANY|2022-06-20|
131|Charis|DOG|FEMALE|2010-07-28|[]|0|0|OUTDOOR|2022-06-20|
132|Boro|DOG|MALE|2009-02-01|[arthritis, deafness, diabetes]|1|1|INDOOR|2022-06-20|
18|Lump|DOG|MALE|2012-08-18|[blindness, cancer, deafness, obesity, dog heartworm]|1|0|ANY|2022-02-14|
93|Alima|CAT|FEMALE|2009-03-27|[FeLV, tooth pathology]|1|0|OUTDOOR|2022-05-09|2022-06-20
111|Schnook|DOG|MALE|2007-12-16|[Lyme disease, arthritis]|0|1|INDOOR|2022-05-28|2022-06-20
73|Maura|CAT|FEMALE|2015-08-21|[hyperthyroidism]|1|0|OUTDOOR|2022-04-24|2022-06-22
114|Neelthe|CAT|FEMALE|2015-03-06|[tooth pathology]|0|0|INDOOR|2022-06-01|
128|Vesta|DOG|FEMALE|2021-03-07|[amputated limb, deafness]|0|1|ANY|2022-06-19|2022-06-23
132|Boro|DOG|MALE|2009-02-01|[arthritis, deafness, diabetes]|1|1|INDOOR|2022-06-20|2022-06-24
63|Socks|CAT|MALE|2009-07-21|[cystitis, diabetes]|1|0|OUTDOOR|2022-04-06|2022-06-25
14|Kleopatra|CAT|FEMALE|2019-08-27|[cystitis, deafness]|1|1|OUTDOOR|2022-02-05|
34|Genna|CAT|FEMALE|2018-12-25|[hyperthyroidism, amputated limb, diabetes, tooth pathology]|0|1|INDOOR|2022-06-28|
47|Furioso|DOG|MALE|2022-03-12|[deafness]|0|1|OUTDOOR|2022-06-28|
88|Duce|CAT|MALE|2013-12-26|[feline heartworm, FIV]|1|1|ANY|2022-05-02|2022-06-28
90|Estara|CAT|FEMALE|2009-02-18|[feline heartworm, obesity]|1|0|OUTDOOR|2022-05-08|2022-07-01
