|2|2022-02-05|The PA was taken by an ambulance after the animal bit off a part of their calf.
|44|2022-02-20|The PA was taken by an ambulance after the animal bit off a part of their calf.
|48|2022-02-23|The PA was taken by an ambulance after the animal bit off a part of their calf.
|37|2022-02-24|
|53|2022-02-25|The PA was taken by an ambulance after the animal bit off a part of their calf.
|27|2022-03-03|It was mostly successful but the animal pissed on the PAs leg. Not sure if it is a good sign.
|117|2022-03-07|The animal almost froze out of boredom. The PA did not seem to mind it though.
|113|2022-03-10|The animal almost froze out of boredom. The PA did not seem to mind it though.
|126|2022-03-10|
|127|2022-03-10|The animal was really shy but at the end they allowed to pet themselves.
|144|2022-03-10|The animal jumped on the PA out of excitement. The PA tripped over but they seemed very happy.
|72|2022-03-11|The animal almost froze out of boredom. The PA did not seem to mind it though.
|105|2022-03-12|The animal almost froze out of boredom. The PA did not seem to mind it though.
|180|2022-03-14|
|198|2022-03-15|The animal was really shy but at the end they allowed to pet themselves.
|60|2022-03-18|It was mostly successful but the animal pissed on the PAs leg. Not sure if it is a good sign.
|59|2022-03-20|The PA was taken by an ambulance after the animal bit off a part of their calf.
|217|2022-03-20|
|95|2022-03-21|The animal almost froze out of boredom. The PA did not seem to mind it though.
|233|2022-03-21|
|178|2022-03-22|The PA was taken by an ambulance after the animal bit off a part of their calf.
|190|2022-03-22|The animal was really shy but at the end they allowed to pet themselves.
|262|2022-03-22|The animal almost froze out of boredom. The PA did not seem to mind it though.
|278|2022-03-22|It was mostly successful but the animal pissed on the PAs leg. Not sure if it is a good sign.
|279|2022-03-22|It was mostly successful but the animal pissed on the PAs leg. Not sure if it is a good sign.
|192|2022-03-24|The animal was really shy but at the end they allowed to pet themselves.
|209|2022-03-24|
|295|2022-03-24|The PA was taken by an ambulance after the animal bit off a part of their calf.
|24|2022-03-26|The PA was taken by an ambulance after the animal bit off a part of their calf.
|296|2022-03-26|The animal jumped on the PA out of excitement. The PA tripped over but they seemed very happy.
|312|2022-03-26|The animal was really shy but at the end they allowed to pet themselves.
|214|2022-03-27|The animal jumped on the PA out of excitement. The PA tripped over but they seemed very happy.
|246|2022-03-27|The PA was taken by an ambulance after the animal bit off a part of their calf.
|190|2022-03-28|The PA was taken by an ambulance after the animal bit off a part of their calf.
|370|2022-03-28|The PA was taken by an ambulance after the animal bit off a part of their calf.
|194|2022-03-30|
|284|2022-03-30|It was mostly successful but the animal pissed on the PAs leg. Not sure if it is a good sign.
|208|2022-03-31|The animal jumped on the PA out of excitement. The PA tripped over but they seemed very happy.
|387|2022-03-31|The PA was taken by an ambulance after the animal bit off a part of their calf.
|320|2022-04-01|The animal jumped on the PA out of excitement. The PA tripped over but they seemed very happy.
|333|2022-04-01|The animal was really shy but at the end they allowed to pet themselves.
|130|2022-04-03|
|271|2022-04-03|The animal almost froze out of boredom. The PA did not seem to mind it though.
|362|2022-04-04|The animal was really shy but at the end they allowed to pet themselves.
|470|2022-04-04|The animal jumped on the PA out of excitement. The PA tripped over but they seemed very happy.
|207|2022-04-05|The animal jumped on the PA out of excitement. The PA tripped over but they seemed very happy.
|243|2022-04-05|
|278|2022-04-05|
|287|2022-04-05|It was mostly successful but the animal pissed on the PAs leg. Not sure if it is a good sign.
|329|2022-04-05|The animal almost froze out of boredom. The PA did not seem to mind it though.
|432|2022-04-05|
|342|2022-04-06|
|347|2022-04-06|It was mostly successful but the animal pissed on the PAs leg. Not sure if it is a good sign.
|514|2022-04-06|The PA was taken by an ambulance after the animal bit off a part of their calf.
|259|2022-04-07|The animal jumped on the PA out of excitement. The PA tripped over but they seemed very happy.
|331|2022-04-07|It was mostly successful but the animal pissed on the PAs leg. Not sure if it is a good sign.
|486|2022-04-07|The animal almost froze out of boredom. The PA did not seem to mind it though.
|492|2022-04-07|The PA was taken by an ambulance after the animal bit off a part of their calf.
|42|2022-04-08|The animal was really shy but at the end they allowed to pet themselves.
|575|2022-04-08|The animal almost froze out of boredom. The PA did not seem to mind it though.
|343|2022-04-09|It was mostly successful but the animal pissed on the PAs leg. Not sure if it is a good sign.
|445|2022-04-09|It was mostly successful but the animal pissed on the PAs leg. Not sure if it is a good sign.
|309|2022-04-10|The animal was really shy but at the end they allowed to pet themselves.
|468|2022-04-10|The PA was taken by an ambulance after the animal bit off a part of their calf.
|500|2022-04-11|The animal jumped on the PA out of excitement. The PA tripped over but they seemed very happy.
|517|2022-04-11|The animal was really shy but at the end they allowed to pet themselves.
|433|2022-04-12|The PA was taken by an ambulance after the animal bit off a part of their calf.
|616|2022-04-12|
|518|2022-04-13|The PA was taken by an ambulance after the animal bit off a part of their calf.
|597|2022-04-13|The animal was really shy but at the end they allowed to pet themselves.
|649|2022-04-13|The animal was really shy but at the end they allowed to pet themselves.
|447|2022-04-14|The animal almost froze out of boredom. The PA did not seem to mind it though.
|607|2022-04-15|It was mostly successful but the animal pissed on the PAs leg. Not sure if it is a good sign.
|707|2022-04-15|The animal was really shy but at the end they allowed to pet themselves.
|454|2022-04-16|The animal jumped on the PA out of excitement. The PA tripped over but they seemed very happy.
|520|2022-04-16|The animal was really shy but at the end they allowed to pet themselves.
|643|2022-04-16|The animal almost froze out of boredom. The PA did not seem to mind it though.
|671|2022-04-16|The animal jumped on the PA out of excitement. The PA tripped over but they seemed very happy.
|411|2022-04-17|
|432|2022-04-17|The PA was taken by an ambulance after the animal bit off a part of their calf.
|571|2022-04-17|The animal almost froze out of boredom. The PA did not seem to mind it though.
|620|2022-04-17|The animal jumped on the PA out of excitement. The PA tripped over but they seemed very happy.
|677|2022-04-17|The animal jumped on the PA out of excitement. The PA tripped over but they seemed very happy.
|709|2022-04-18|The animal almost froze out of boredom. The PA did not seem to mind it though.
|470|2022-04-19|The animal jumped on the PA out of excitement. The PA tripped over but they seemed very happy.
|718|2022-04-19|It was mostly successful but the animal pissed on the PAs leg. Not sure if it is a good sign.
|445|2022-04-20|
|752|2022-04-20|
|810|2022-04-20|The animal was really shy but at the end they allowed to pet themselves.
|548|2022-04-21|The animal was really shy but at the end they allowed to pet themselves.
|652|2022-04-21|The PA was taken by an ambulance after the animal bit off a part of their calf.
|805|2022-04-21|The animal almost froze out of boredom. The PA did not seem to mind it though.
|815|2022-04-21|It was mostly successful but the animal pissed on the PAs leg. Not sure if it is a good sign.
|647|2022-04-22|
|411|2022-04-23|The animal was really shy but at the end they allowed to pet themselves.
|469|2022-04-23|
|717|2022-04-23|The PA was taken by an ambulance after the animal bit off a part of their calf.
|788|2022-04-24|
|881|2022-04-24|The animal jumped on the PA out of excitement. The PA tripped over but they seemed very happy.
|685|2022-04-25|It was mostly successful but the animal pissed on the PAs leg. Not sure if it is a good sign.
|241|2022-04-26|The animal was really shy but at the end they allowed to pet themselves.
|691|2022-04-26|
|896|2022-04-26|It was mostly successful but the animal pissed on the PAs leg. Not sure if it is a good sign.
|913|2022-04-26|It was mostly successful but the animal pissed on the PAs leg. Not sure if it is a good sign.
|493|2022-04-27|The animal was really shy but at the end they allowed to pet themselves.
|758|2022-04-27|
|896|2022-04-28|The animal almost froze out of boredom. The PA did not seem to mind it though.
|954|2022-04-28|The animal almost froze out of boredom. The PA did not seem to mind it though.
|974|2022-04-28|The PA was taken by an ambulance after the animal bit off a part of their calf.
|864|2022-04-30|The PA was taken by an ambulance after the animal bit off a part of their calf.
|881|2022-04-30|The animal almost froze out of boredom. The PA did not seem to mind it though.
|907|2022-04-30|The PA was taken by an ambulance after the animal bit off a part of their calf.
|394|2022-05-01|The animal almost froze out of boredom. The PA did not seem to mind it though.
|493|2022-05-01|The PA was taken by an ambulance after the animal bit off a part of their calf.
|536|2022-05-01|The animal was really shy but at the end they allowed to pet themselves.
|920|2022-05-01|The animal was really shy but at the end they allowed to pet themselves.
|924|2022-05-01|The animal jumped on the PA out of excitement. The PA tripped over but they seemed very happy.
|950|2022-05-01|The PA was taken by an ambulance after the animal bit off a part of their calf.
|840|2022-05-02|The animal almost froze out of boredom. The PA did not seem to mind it though.
|749|2022-05-03|The animal jumped on the PA out of excitement. The PA tripped over but they seemed very happy.
|1045|2022-05-04|The PA was taken by an ambulance after the animal bit off a part of their calf.
|592|2022-05-05|The animal was really shy but at the end they allowed to pet themselves.
|937|2022-05-05|The animal almost froze out of boredom. The PA did not seem to mind it though.
|803|2022-05-06|The animal almost froze out of boredom. The PA did not seem to mind it though.
|1018|2022-05-06|It was mostly successful but the animal pissed on the PAs leg. Not sure if it is a good sign.
|1082|2022-05-06|It was mostly successful but the animal pissed on the PAs leg. Not sure if it is a good sign.
|1151|2022-05-06|The PA was taken by an ambulance after the animal bit off a part of their calf.
|716|2022-05-07|
|856|2022-05-07|The animal almost froze out of boredom. The PA did not seem to mind it though.
|1041|2022-05-07|The animal was really shy but at the end they allowed to pet themselves.
|1098|2022-05-07|The animal jumped on the PA out of excitement. The PA tripped over but they seemed very happy.
|750|2022-05-08|The PA was taken by an ambulance after the animal bit off a part of their calf.
|910|2022-05-08|The animal jumped on the PA out of excitement. The PA tripped over but they seemed very happy.
|942|2022-05-08|It was mostly successful but the animal pissed on the PAs leg. Not sure if it is a good sign.
|1069|2022-05-08|The animal was really shy but at the end they allowed to pet themselves.
|1161|2022-05-08|The animal was really shy but at the end they allowed to pet themselves.
|589|2022-05-09|The animal jumped on the PA out of excitement. The PA tripped over but they seemed very happy.
|774|2022-05-09|The animal almost froze out of boredom. The PA did not seem to mind it though.
|803|2022-05-09|The animal jumped on the PA out of excitement. The PA tripped over but they seemed very happy.
|999|2022-05-09|The PA was taken by an ambulance after the animal bit off a part of their calf.
|1147|2022-05-09|The animal was really shy but at the end they allowed to pet themselves.
|803|2022-05-10|The PA was taken by an ambulance after the animal bit off a part of their calf.
|849|2022-05-10|
|875|2022-05-10|The PA was taken by an ambulance after the animal bit off a part of their calf.
|1051|2022-05-10|It was mostly successful but the animal pissed on the PAs leg. Not sure if it is a good sign.
|1216|2022-05-10|The animal jumped on the PA out of excitement. The PA tripped over but they seemed very happy.
|360|2022-05-11|
|735|2022-05-11|The animal jumped on the PA out of excitement. The PA tripped over but they seemed very happy.
|1090|2022-05-11|The animal jumped on the PA out of excitement. The PA tripped over but they seemed very happy.
|1248|2022-05-11|The animal almost froze out of boredom. The PA did not seem to mind it though.
|935|2022-05-12|The animal was really shy but at the end they allowed to pet themselves.
|968|2022-05-12|The PA was taken by an ambulance after the animal bit off a part of their calf.
|1079|2022-05-12|It was mostly successful but the animal pissed on the PAs leg. Not sure if it is a good sign.
|1141|2022-05-12|It was mostly successful but the animal pissed on the PAs leg. Not sure if it is a good sign.
|1226|2022-05-12|
|394|2022-05-13|The animal was really shy but at the end they allowed to pet themselves.
|975|2022-05-13|It was mostly successful but the animal pissed on the PAs leg. Not sure if it is a good sign.
|1294|2022-05-13|The animal almost froze out of boredom. The PA did not seem to mind it though.
|547|2022-05-14|The PA was taken by an ambulance after the animal bit off a part of their calf.
|904|2022-05-14|It was mostly successful but the animal pissed on the PAs leg. Not sure if it is a good sign.
|1128|2022-05-14|The PA was taken by an ambulance after the animal bit off a part of their calf.
|1285|2022-05-14|The animal almost froze out of boredom. The PA did not seem to mind it though.
|1041|2022-05-15|The animal was really shy but at the end they allowed to pet themselves.
|1107|2022-05-15|The animal almost froze out of boredom. The PA did not seem to mind it though.
|1191|2022-05-16|The animal jumped on the PA out of excitement. The PA tripped over but they seemed very happy.
|1321|2022-05-16|
|1345|2022-05-16|The PA was taken by an ambulance after the animal bit off a part of their calf.
|1289|2022-05-17|It was mostly successful but the animal pissed on the PAs leg. Not sure if it is a good sign.
|1017|2022-05-19|The animal jumped on the PA out of excitement. The PA tripped over but they seemed very happy.
|1102|2022-05-19|It was mostly successful but the animal pissed on the PAs leg. Not sure if it is a good sign.
|912|2022-05-20|The animal jumped on the PA out of excitement. The PA tripped over but they seemed very happy.
|1181|2022-05-20|The animal was really shy but at the end they allowed to pet themselves.
|1370|2022-05-20|The PA was taken by an ambulance after the animal bit off a part of their calf.
|1419|2022-05-20|The animal almost froze out of boredom. The PA did not seem to mind it though.
|1100|2022-05-21|It was mostly successful but the animal pissed on the PAs leg. Not sure if it is a good sign.
|1398|2022-05-21|
|1404|2022-05-21|The animal was really shy but at the end they allowed to pet themselves.
|1408|2022-05-21|The PA was taken by an ambulance after the animal bit off a part of their calf.
|1464|2022-05-21|It was mostly successful but the animal pissed on the PAs leg. Not sure if it is a good sign.
|1502|2022-05-21|The animal was really shy but at the end they allowed to pet themselves.
|1510|2022-05-21|The animal was really shy but at the end they allowed to pet themselves.
|745|2022-05-23|It was mostly successful but the animal pissed on the PAs leg. Not sure if it is a good sign.
|1223|2022-05-23|It was mostly successful but the animal pissed on the PAs leg. Not sure if it is a good sign.
|1351|2022-05-23|The animal was really shy but at the end they allowed to pet themselves.
|1537|2022-05-23|The animal jumped on the PA out of excitement. The PA tripped over but they seemed very happy.
|1427|2022-05-24|The animal was really shy but at the end they allowed to pet themselves.
|1557|2022-05-24|It was mostly successful but the animal pissed on the PAs leg. Not sure if it is a good sign.
|1575|2022-05-24|The animal almost froze out of boredom. The PA did not seem to mind it though.
|1308|2022-05-25|The animal almost froze out of boredom. The PA did not seem to mind it though.
|1332|2022-05-25|The animal jumped on the PA out of excitement. The PA tripped over but they seemed very happy.
|1394|2022-05-25|The animal jumped on the PA out of excitement. The PA tripped over but they seemed very happy.
|1574|2022-05-25|The animal almost froze out of boredom. The PA did not seem to mind it though.
|1597|2022-05-25|The animal was really shy but at the end they allowed to pet themselves.
|1315|2022-05-26|The animal was really shy but at the end they allowed to pet themselves.
|1444|2022-05-26|The animal was really shy but at the end they allowed to pet themselves.
|1497|2022-05-26|
|1100|2022-05-27|The animal almost froze out of boredom. The PA did not seem to mind it though.
|1303|2022-05-27|
|1484|2022-05-27|It was mostly successful but the animal pissed on the PAs leg. Not sure if it is a good sign.
|1527|2022-05-27|The animal almost froze out of boredom. The PA did not seem to mind it though.
|1591|2022-05-27|It was mostly successful but the animal pissed on the PAs leg. Not sure if it is a good sign.
|572|2022-05-28|The animal jumped on the PA out of excitement. The PA tripped over but they seemed very happy.
|818|2022-05-28|
|882|2022-05-28|The animal was really shy but at the end they allowed to pet themselves.
|1223|2022-05-28|The animal jumped on the PA out of excitement. The PA tripped over but they seemed very happy.
|1529|2022-05-28|The animal jumped on the PA out of excitement. The PA tripped over but they seemed very happy.
|1599|2022-05-28|The animal was really shy but at the end they allowed to pet themselves.
|1638|2022-05-28|The PA was taken by an ambulance after the animal bit off a part of their calf.
|1655|2022-05-28|The animal was really shy but at the end they allowed to pet themselves.
|1693|2022-05-28|The animal jumped on the PA out of excitement. The PA tripped over but they seemed very happy.
|1169|2022-05-29|It was mostly successful but the animal pissed on the PAs leg. Not sure if it is a good sign.
|1272|2022-05-29|The animal was really shy but at the end they allowed to pet themselves.
|445|2022-05-30|The animal was really shy but at the end they allowed to pet themselves.
|883|2022-05-30|The PA was taken by an ambulance after the animal bit off a part of their calf.
|1486|2022-05-30|It was mostly successful but the animal pissed on the PAs leg. Not sure if it is a good sign.
|1668|2022-05-30|The animal almost froze out of boredom. The PA did not seem to mind it though.
|1091|2022-05-31|
|1657|2022-05-31|
|1683|2022-05-31|
|1334|2022-06-01|The animal jumped on the PA out of excitement. The PA tripped over but they seemed very happy.
|1675|2022-06-02|The PA was taken by an ambulance after the animal bit off a part of their calf.
|938|2022-06-03|
|1260|2022-06-03|It was mostly successful but the animal pissed on the PAs leg. Not sure if it is a good sign.
|1543|2022-06-03|The animal was really shy but at the end they allowed to pet themselves.
|1586|2022-06-03|The PA was taken by an ambulance after the animal bit off a part of their calf.
|1370|2022-06-04|The animal almost froze out of boredom. The PA did not seem to mind it though.
|1651|2022-06-04|The animal almost froze out of boredom. The PA did not seem to mind it though.
|1778|2022-06-04|The animal was really shy but at the end they allowed to pet themselves.
|1806|2022-06-04|The animal almost froze out of boredom. The PA did not seem to mind it though.
|1892|2022-06-04|The animal was really shy but at the end they allowed to pet themselves.
|1332|2022-06-05|The animal jumped on the PA out of excitement. The PA tripped over but they seemed very happy.
|1536|2022-06-05|The animal was really shy but at the end they allowed to pet themselves.
|1741|2022-06-05|The animal jumped on the PA out of excitement. The PA tripped over but they seemed very happy.
|1780|2022-06-05|The animal almost froze out of boredom. The PA did not seem to mind it though.
|1510|2022-06-06|It was mostly successful but the animal pissed on the PAs leg. Not sure if it is a good sign.
|1539|2022-06-06|The animal jumped on the PA out of excitement. The PA tripped over but they seemed very happy.
|1697|2022-06-06|
|1796|2022-06-06|The animal almost froze out of boredom. The PA did not seem to mind it though.
|1846|2022-06-06|It was mostly successful but the animal pissed on the PAs leg. Not sure if it is a good sign.
|445|2022-06-07|It was mostly successful but the animal pissed on the PAs leg. Not sure if it is a good sign.
|1880|2022-06-08|The animal almost froze out of boredom. The PA did not seem to mind it though.
|1993|2022-06-08|The PA was taken by an ambulance after the animal bit off a part of their calf.
|958|2022-06-09|
|1442|2022-06-09|The PA was taken by an ambulance after the animal bit off a part of their calf.
|2027|2022-06-09|The PA was taken by an ambulance after the animal bit off a part of their calf.
|1559|2022-06-10|
|1612|2022-06-10|The PA was taken by an ambulance after the animal bit off a part of their calf.
|1660|2022-06-10|The animal jumped on the PA out of excitement. The PA tripped over but they seemed very happy.
|1776|2022-06-10|The PA was taken by an ambulance after the animal bit off a part of their calf.
|1978|2022-06-10|It was mostly successful but the animal pissed on the PAs leg. Not sure if it is a good sign.
|886|2022-06-11|The animal jumped on the PA out of excitement. The PA tripped over but they seemed very happy.
|1961|2022-06-11|The PA was taken by an ambulance after the animal bit off a part of their calf.
|1990|2022-06-11|The animal was really shy but at the end they allowed to pet themselves.
|2064|2022-06-11|The animal was really shy but at the end they allowed to pet themselves.
|2065|2022-06-11|The animal jumped on the PA out of excitement. The PA tripped over but they seemed very happy.
|2125|2022-06-11|The animal almost froze out of boredom. The PA did not seem to mind it though.
|1613|2022-06-12|The PA was taken by an ambulance after the animal bit off a part of their calf.
|1952|2022-06-12|It was mostly successful but the animal pissed on the PAs leg. Not sure if it is a good sign.
|2013|2022-06-12|The animal almost froze out of boredom. The PA did not seem to mind it though.
|2086|2022-06-12|It was mostly successful but the animal pissed on the PAs leg. Not sure if it is a good sign.
|2128|2022-06-12|
|1384|2022-06-13|The animal jumped on the PA out of excitement. The PA tripped over but they seemed very happy.
|1642|2022-06-13|The animal almost froze out of boredom. The PA did not seem to mind it though.
|1847|2022-06-13|The animal jumped on the PA out of excitement. The PA tripped over but they seemed very happy.
|1092|2022-06-14|The animal was really shy but at the end they allowed to pet themselves.
|2182|2022-06-14|The PA was taken by an ambulance after the animal bit off a part of their calf.
|2213|2022-06-14|The animal jumped on the PA out of excitement. The PA tripped over but they seemed very happy.
|1284|2022-06-15|The animal almost froze out of boredom. The PA did not seem to mind it though.
|1815|2022-06-15|The animal almost froze out of boredom. The PA did not seem to mind it though.
|2038|2022-06-15|The animal jumped on the PA out of excitement. The PA tripped over but they seemed very happy.
|1373|2022-06-16|
|1961|2022-06-16|It was mostly successful but the animal pissed on the PAs leg. Not sure if it is a good sign.
|2224|2022-06-16|The animal was really shy but at the end they allowed to pet themselves.
|2245|2022-06-16|The animal jumped on the PA out of excitement. The PA tripped over but they seemed very happy.
|2249|2022-06-16|It was mostly successful but the animal pissed on the PAs leg. Not sure if it is a good sign.
|1855|2022-06-17|The animal almost froze out of boredom. The PA did not seem to mind it though.
|1927|2022-06-17|The animal almost froze out of boredom. The PA did not seem to mind it though.
|2033|2022-06-17|The animal almost froze out of boredom. The PA did not seem to mind it though.
|2139|2022-06-17|The animal almost froze out of boredom. The PA did not seem to mind it though.
|2145|2022-06-17|
|2177|2022-06-17|The animal almost froze out of boredom. The PA did not seem to mind it though.
|2207|2022-06-17|
|2221|2022-06-17|The PA was taken by an ambulance after the animal bit off a part of their calf.
|2278|2022-06-17|It was mostly successful but the animal pissed on the PAs leg. Not sure if it is a good sign.
|1934|2022-06-18|The animal almost froze out of boredom. The PA did not seem to mind it though.
|2065|2022-06-18|The animal was really shy but at the end they allowed to pet themselves.
|1509|2022-06-19|The animal jumped on the PA out of excitement. The PA tripped over but they seemed very happy.
|1850|2022-06-19|The animal almost froze out of boredom. The PA did not seem to mind it though.
|2005|2022-06-19|The animal jumped on the PA out of excitement. The PA tripped over but they seemed very happy.
|2110|2022-06-19|The animal almost froze out of boredom. The PA did not seem to mind it though.
|2324|2022-06-19|The animal was really shy but at the end they allowed to pet themselves.
|1768|2022-06-20|The animal almost froze out of boredom. The PA did not seem to mind it though.
|2172|2022-06-20|The animal was really shy but at the end they allowed to pet themselves.
|1717|2022-06-21|The animal almost froze out of boredom. The PA did not seem to mind it though.
|1863|2022-06-21|The PA was taken by an ambulance after the animal bit off a part of their calf.
|2080|2022-06-21|The animal was really shy but at the end they allowed to pet themselves.
|2148|2022-06-21|It was mostly successful but the animal pissed on the PAs leg. Not sure if it is a good sign.
|1815|2022-06-22|
|2085|2022-06-22|
|2239|2022-06-22|It was mostly successful but the animal pissed on the PAs leg. Not sure if it is a good sign.
|2436|2022-06-22|The animal jumped on the PA out of excitement. The PA tripped over but they seemed very happy.
|1378|2022-06-23|The animal was really shy but at the end they allowed to pet themselves.
|2177|2022-06-23|The animal was really shy but at the end they allowed to pet themselves.
|2293|2022-06-23|The animal jumped on the PA out of excitement. The PA tripped over but they seemed very happy.
|2322|2022-06-23|The animal jumped on the PA out of excitement. The PA tripped over but they seemed very happy.
|2420|2022-06-23|The animal almost froze out of boredom. The PA did not seem to mind it though.
|2295|2022-06-24|It was mostly successful but the animal pissed on the PAs leg. Not sure if it is a good sign.
|2381|2022-06-24|The animal was really shy but at the end they allowed to pet themselves.
|2430|2022-06-24|The animal jumped on the PA out of excitement. The PA tripped over but they seemed very happy.
|2463|2022-06-24|
|1741|2022-06-25|
|1808|2022-06-25|
|1825|2022-06-25|The animal jumped on the PA out of excitement. The PA tripped over but they seemed very happy.
|2200|2022-06-25|It was mostly successful but the animal pissed on the PAs leg. Not sure if it is a good sign.
|2379|2022-06-25|The animal almost froze out of boredom. The PA did not seem to mind it though.
|2499|2022-06-25|
|2065|2022-06-26|
|2066|2022-06-26|
|2453|2022-06-26|
|2589|2022-06-26|The animal almost froze out of boredom. The PA did not seem to mind it though.
|1740|2022-06-27|It was mostly successful but the animal pissed on the PAs leg. Not sure if it is a good sign.
|1989|2022-06-27|
|2085|2022-06-27|The animal almost froze out of boredom. The PA did not seem to mind it though.
|2384|2022-06-27|
|2482|2022-06-27|The PA was taken by an ambulance after the animal bit off a part of their calf.
|2486|2022-06-27|It was mostly successful but the animal pissed on the PAs leg. Not sure if it is a good sign.
|1722|2022-06-28|The animal almost froze out of boredom. The PA did not seem to mind it though.
|1790|2022-06-28|It was mostly successful but the animal pissed on the PAs leg. Not sure if it is a good sign.
|2561|2022-06-28|It was mostly successful but the animal pissed on the PAs leg. Not sure if it is a good sign.
|2573|2022-06-28|The animal jumped on the PA out of excitement. The PA tripped over but they seemed very happy.
|1859|2022-06-29|
|2072|2022-06-29|The animal almost froze out of boredom. The PA did not seem to mind it though.
|2168|2022-06-29|The animal jumped on the PA out of excitement. The PA tripped over but they seemed very happy.
|2411|2022-06-29|The PA was taken by an ambulance after the animal bit off a part of their calf.
|2450|2022-06-29|It was mostly successful but the animal pissed on the PAs leg. Not sure if it is a good sign.
|2493|2022-06-29|The animal was really shy but at the end they allowed to pet themselves.
|1929|2022-06-30|The animal was really shy but at the end they allowed to pet themselves.
|2521|2022-06-30|The animal jumped on the PA out of excitement. The PA tripped over but they seemed very happy.
|2736|2022-06-30|It was mostly successful but the animal pissed on the PAs leg. Not sure if it is a good sign.
|2141|2022-07-01|The animal almost froze out of boredom. The PA did not seem to mind it though.
|2505|2022-07-01|It was mostly successful but the animal pissed on the PAs leg. Not sure if it is a good sign.
|2587|2022-07-01|The PA was taken by an ambulance after the animal bit off a part of their calf.
