PESEL|Volunteer's name|Volunteer's surname|Date of birth|Has experience
60850510197|Maynord|Kirk|1960-06-10|TAK
03860685880|Hali|Chung|2003-07-19|TAK
03850305264|Kristy|McFarland|2003-06-04|NIE
52810638586|Harmonia|Kinney|1952-02-02|TAK
99800401348|Jemmy|Austin|1999-01-07|TAK
85820546945|Darla|Peterson|1985-03-29|TAK
45860061749|Lucia|Chang|1945-07-01|NIE
66820335696|Nealon|Owens|1966-03-16|NIE
48910316172|Rupert|Hamrick|1948-12-08|NIE
61880566297|Shannon|Bowman|1961-09-15|NIE
03900440813|Skye|Stone|2003-11-13|NIE
58880532359|Clair|Xu|1958-09-05|TAK
45890062950|Gallard|Conrad|1945-10-28|TAK
64800688404|Elka|Goldstein|1964-01-18|TAK
90900141057|Jason|MacDonald|1990-11-05|TAK
44900272826|Melinde|Wilkins|1944-11-07|TAK
84850270341|Marilin|Marshall|1984-06-26|TAK
63800656604|Hedy|Terry|1963-01-19|NIE
81820571284|Revkah|Townsend|1981-03-06|TAK
73830201538|Siegfried|Phillips|1973-04-17|NIE
65840141032|Lothario|Ellington|1965-05-24|NIE
00900071636|Anselm|Joyner|2000-11-05|TAK
57800067980|Valeria|Anthony|1957-01-20|NIE
88850494437|Caesar|Thomas|1988-06-09|TAK
78840173738|Archer|Knowles|1978-05-15|NIE
57900471197|Oberon|Allred|1957-11-21|TAK
54800186976|Sebastiano|Gold|1954-01-04|NIE
78900292391|Perkin|Singleton|1978-11-14|NIE
99800504595|Cobbie|Reilly|1999-01-29|NIE
80820320500|Carlota|Bowers|1980-03-19|TAK
64890337431|Zachary|Rice|1964-10-14|NIE
59870186150|Temp|Elmore|1959-08-24|NIE
69870646552|Antonin|Ross|1969-08-16|TAK
46860511074|Guthrie|Hogan|1946-07-19|TAK
64810133668|Olivia|Kemp|1964-02-17|TAK
65840141032|Lothario|Ellington|1965-05-24|TAK
50800492365|Janet|Byers|1950-01-26|TAK
55910595555|Dwight|Erickson|1955-12-09|TAK
67890048033|Skell|Henson|1967-10-01|TAK
98890126968|Davida|Galloway|1998-10-12|NIE
89880029949|Felita|Michael|1989-09-17|NIE
97810616248|Helenka|McKenna|1997-02-15|NIE
63890312022|Arluene|Kemp|1963-10-16|NIE
00870662108|Geraldine|Cooper|2000-08-26|TAK
85800354865|Karia|Sweeney|1985-01-30|TAK
92800660708|Hatti|OBrien|1992-01-25|TAK
90870383635|Swen|Massey|1990-08-08|NIE
70850268633|Morgen|Wade|1970-06-02|TAK
61860059799|Jesse|Michael|1961-07-30|TAK
03810365244|Merl|Hendricks|2003-02-26|NIE
92830514745|Minni|Booth|1992-04-17|TAK
56880239692|Osmond|Kern|1956-09-04|TAK
72910088478|Reinald|Norris|1972-12-17|TAK
74850574114|Bennie|Welch|1974-06-21|NIE
74890482783|Farand|Li|1974-10-17|TAK
51890379424|Darcy|Mullins|1951-10-24|TAK
61810242370|Torrance|Huff|1961-02-14|NIE
02840668462|Claire|Silver|2002-05-11|NIE
52850354073|Francklin|Harper|1952-06-18|TAK
86890435450|Fabien|Shields|1986-10-23|NIE
45840385623|Georgeta|King|1945-05-16|TAK
44890064593|Merill|McAllister|1944-10-29|TAK
99910055503|Charlot|Harrison|1999-12-19|TAK
45850074858|Conrad|Sawyer|1945-06-10|TAK
67830538082|Freddy|Lindsay|1967-04-28|NIE
99840095426|Mavra|Langston|1999-05-16|TAK
79800601166|Mag|Carter|1979-01-06|NIE
97870666003|Camilla|Bush|1997-08-30|TAK
88910054092|Patrice|Grossman|1988-12-25|NIE
50860630091|Kareem|Brantley|1950-07-22|NIE
76870226327|Emmi|Goldman|1976-08-24|TAK
91850599044|Jacki|Thomson|1991-06-14|NIE
97900397200|Isadora|Rubin|1997-11-12|NIE
51840500106|Austina|Ryan|1951-05-18|TAK
96830679141|Shane|ONeal|1996-04-13|TAK
46800676706|Steffie|Maynard|1946-01-19|TAK
03820275784|Abagael|Hanson|2003-03-11|NIE
89840624337|Lancelot|Carey|1989-05-20|NIE
69860607701|Maris|Garrett|1969-07-19|TAK
67820635106|Monika|Todd|1967-03-18|TAK
53830587652|Byron|Richmond|1953-04-03|TAK
63910340554|Bartholomeus|Carver|1963-12-11|NIE
00840135258|Baxter|Finch|2000-05-29|TAK
57800056593|Hersch|Song|1957-01-27|TAK
75850177138|Jamey|Harris|1975-06-23|TAK
44830481602|Rosalia|Shah|1944-04-13|TAK
65830455367|Silvie|Galloway|1965-04-29|TAK
63800656604|Hedy|Terry|1963-01-19|TAK
92890337988|Edna|Grant|1992-10-07|TAK
48900532672|Vladamir|Crawford|1948-11-26|TAK
46870444993|Augustine|Lamb|1946-08-29|NIE
95800284239|Fran|Crane|1995-01-31|TAK
91840253477|Dill|Price|1991-05-28|NIE
52910321483|Libbie|Kramer|1952-12-31|NIE
44900602353|Russ|Stein|1944-11-04|NIE
55830548516|Barty|Harper|1955-04-08|NIE
47830663438|Jdavie|Melton|1947-04-12|TAK
90910058978|Harbert|Freeman|1990-12-09|NIE
82900253685|Glori|Griffin|1982-11-02|NIE
02830247804|Ramona|Meadows|2002-04-02|NIE
99910529633|Chic|Cochran|1999-12-10|NIE
87800608698|Berkie|Wang|1987-01-03|TAK
73870042795|Jocko|Burns|1973-08-26|NIE
69800094587|Laetitia|Mitchell|1969-01-12|TAK
47820474383|Sher|Sutherland|1947-03-27|TAK
84810266049|Harriett|Dickinson|1984-02-14|NIE
67830067281|Lexie|Lancaster|1967-04-30|TAK
03900331304|Teddi|Spence|2003-11-19|TAK
61870474092|Chrisy|Hensley|1961-08-31|TAK
01800329191|Dom|Moss|2001-01-31|NIE
76880090253|Dicky|Marcus|1976-09-05|TAK
49840699210|Nicky|Wiley|1949-05-28|NIE
66900236356|Wiley|Gorman|1966-11-01|TAK
58830129710|Clemmie|Roth|1958-04-21|TAK
99900032125|Ailina|Kemp|1999-11-21|TAK
91880447407|Chelsae|Newell|1991-09-05|TAK
86880331553|Lucian|Livingston|1986-09-24|NIE
59890059698|Matthias|Hawley|1959-10-18|NIE
74800361252|Manuel|Block|1974-01-30|TAK
04820574370|Godwin|Collins|2004-03-26|NIE
72880203714|Kennan|Lanier|1972-09-19|NIE
74830648967|Cherri|Carson|1974-04-13|NIE
45860061749|Lucia|Chang|1945-07-01|TAK
62880636322|Becca|Singh|1962-09-08|TAK
91820622976|Verne|Boone|1991-03-02|NIE
95800660013|Dugald|Vaughn|1995-01-28|NIE
78830318956|Benton|Douglas|1978-04-12|TAK
03810559382|Corrinne|Kerr|2003-02-21|NIE
43900506021|Latia|Buck|1943-11-19|NIE
46830544903|Austine|Roberson|1946-04-19|NIE
84830369294|Shannon|Byrd|1984-04-11|NIE
52910318955|Reuben|Warner|1952-12-17|NIE
93840200093|Devland|Tyson|1993-05-04|NIE
98860618420|Fernande|Shea|1998-07-18|NIE
02880221175|Daven|Hensley|2002-09-03|TAK
93860081797|Adler|Best|1993-07-18|NIE
76890157058|Christos|Hess|1976-10-04|NIE
68910003357|Dwain|Allen|1968-12-22|TAK
53840580355|Shaw|Dyer|1953-05-22|NIE
83850475916|Alastair|Merrill|1983-06-23|TAK
69910567005|Loralee|Blanton|1969-12-05|NIE
43860113882|Aeriell|Odom|1943-07-19|TAK
86800503479|Maje|Marsh|1986-01-17|NIE
73860023733|Padraic|Rubin|1973-07-15|NIE
44860604101|Zaneta|Diaz|1944-07-29|TAK
66870512191|Forrest|Huffman|1966-08-05|TAK
99900589232|Tybalt|Phillips|1999-11-26|TAK
71800681735|Seward|Short|1971-01-16|NIE
44890272341|Edithe|Walters|1944-10-17|NIE
59890395585|Leisha|Kang|1959-10-14|TAK
77820276711|Angel|Dolan|1977-03-01|NIE
96900664527|Myranda|Kay|1996-11-30|NIE
95850543786|Latia|Beatty|1995-06-23|TAK
80870485185|Rayshell|Matthews|1980-08-28|TAK
51830591750|Thomas|Bowling|1951-04-20|TAK
52910022584|Claude|Jernigan|1952-12-21|NIE
45820276028|Timi|Higgins|1945-03-27|NIE
66810509773|Nikita|Dawson|1966-02-04|NIE
59870186150|Temp|Elmore|1959-08-24|TAK
43880092770|Barrie|Blalock|1943-09-05|TAK
65870061883|Celinka|Mayo|1965-08-29|NIE
73860177564|Liv|Cooke|1973-07-16|TAK
74860377387|Brynna|Parrish|1974-07-10|TAK
75880053259|Felice|Morrow|1975-09-07|TAK
97890514106|Viviana|Lawrence|1997-10-03|TAK
58800067244|Glennis|Walter|1958-01-26|NIE
94840006759|Rufus|Denton|1994-05-29|NIE
59850403565|Clari|Carey|1959-06-11|NIE
64810207073|Glynn|Conrad|1964-02-04|TAK
03890361875|Nikola|Bryant|2003-10-29|TAK
77900458837|Burl|Gould|1977-11-24|TAK
86810182385|Denyse|York|1986-02-10|NIE
60890413650|Leopold|Knox|1960-10-27|NIE
99850235591|Dukie|Roberson|1999-06-08|TAK
71810524459|Dilan|Vick|1971-02-05|NIE
03890388393|Taite|Hayes|2003-10-22|NIE
90870383635|Swen|Massey|1990-08-08|TAK
79880246723|Min|Hardin|1979-09-18|NIE
48810512348|Ardine|Ray|1948-02-06|NIE
61820408599|Jeremie|Craig|1961-03-09|NIE
52880268445|Gavra|Riggs|1952-09-16|NIE
52890328465|Michaeline|Woodard|1952-10-01|NIE
46880333137|Rick|Peele|1946-09-04|TAK
54830697857|Sim|Wolfe|1954-04-17|TAK
72900098216|Tris|Garcia|1972-11-12|TAK
75800117320|Nicki|Patterson|1975-01-20|TAK
90810557052|Phillipp|Marks|1990-02-23|NIE
86840408581|Betteann|Greenberg|1986-05-08|TAK
73870367865|Felita|Johnson|1973-08-22|TAK
94820335130|Richmound|Houston|1994-03-23|NIE
68910044152|Raimondo|Goldman|1968-12-15|NIE
02890639494|Ephrem|Lloyd|2002-10-05|TAK
78890584904|Nonna|Oakley|1978-10-20|TAK
66880125248|Doralynn|Sharma|1966-09-12|TAK
92800648634|Lucio|Curtis|1992-01-04|TAK
74910691522|Marget|Bullard|1974-12-28|NIE
76800465488|Viole|Dean|1976-01-29|NIE
75850347292|Leupold|Durham|1975-06-18|NIE
03900440813|Skye|Stone|2003-11-13|TAK
73800513421|Mina|Sharpe|1973-01-26|TAK
00860680596|Meier|Hurst|2000-07-15|NIE
42850339712|Jamey|Hess|1942-06-17|TAK
54890498681|Verene|Hinson|1954-10-28|TAK
70810663634|Emilio|Hinton|1970-02-14|NIE
92830522395|Tabor|Wyatt|1992-04-10|TAK
48820696036|Richardo|Stark|1948-03-13|NIE
48900506710|Amos|Cowan|1948-11-05|TAK
56890217888|Beulah|Cheek|1956-10-16|TAK
85830635316|Lukas|Sweeney|1985-04-27|NIE
59890607970|Shelley|Schultz|1959-10-17|TAK
99820286862|Becki|Vick|1999-03-16|TAK
68840434489|Crystie|Frederick|1968-05-30|NIE
98890325718|Padraig|Zhang|1998-10-14|NIE
46870566464|Harrietta|Stephens|1946-08-02|NIE
04820181626|Coreen|Kay|2004-03-22|TAK
64840312059|Benyamin|Monroe|1964-05-06|NIE
01840509809|Devonna|Gray|2001-05-18|TAK
57890297425|Ramonda|Meyer|1957-10-15|NIE
83900601313|Emlen|Sullivan|1983-11-12|NIE
75820377805|Eulalie|Williams|1975-03-19|TAK
65880564549|Elysha|Vincent|1965-09-03|NIE
63880650774|Augustine|Levy|1963-09-21|TAK
77870248612|Jared|Bradford|1977-08-30|NIE
93880419774|Anson|Todd|1993-09-16|NIE
98850506898|Sergent|Bond|1998-06-19|NIE
57800408006|Wendi|Dalton|1957-01-24|NIE
76900364991|Giacobo|Knight|1976-11-24|TAK
52800138827|Dottie|Hood|1952-01-21|TAK
44900602353|Russ|Stein|1944-11-04|TAK
46810167470|Homere|Weber|1946-02-18|NIE
71850007828|Nelia|Flowers|1971-06-06|TAK
44820092926|Gabbie|Hancock|1944-03-05|NIE
67840381074|Janos|Middleton|1967-05-03|NIE
98820108129|Ketti|Kidd|1998-03-02|TAK
86870306183|Elsbeth|Weiss|1986-08-20|TAK
91820609177|Antonin|Hayes|1991-03-09|TAK
48870128644|Afton|Kaufman|1948-08-30|TAK
86900057791|Barnabas|Peacock|1986-11-16|NIE
77870656147|Devora|Carter|1977-08-13|NIE
76800699742|Abbye|Arnold|1976-01-24|TAK
86910451990|Elnar|Frye|1986-12-18|TAK
73850690473|Salmon|Watts|1973-06-02|NIE
77870143454|Bertram|Burnette|1977-08-01|TAK
83810549817|Ryon|Guthrie|1983-02-25|NIE
70880232228|Ruth|Perkins|1970-09-15|TAK
94890547899|Blayne|Robbins|1994-10-07|NIE
46870444993|Augustine|Lamb|1946-08-29|TAK
73890353567|Rhonda|Spears|1973-10-03|TAK
96890600057|Taddeo|Brooks|1996-10-26|TAK
51900673324|Jacklyn|Barber|1951-11-17|NIE
74800642982|Beverlie|Rivera|1974-01-26|NIE
52800658767|Lela|Woodruff|1952-01-12|TAK
47870388955|Isidor|Dawson|1947-08-20|NIE
52870509152|Barnaby|Barrett|1952-08-08|NIE
59890059698|Matthias|Hawley|1959-10-18|TAK
60900373235|Evered|Wilkerson|1960-11-16|TAK
66890407787|Dorothee|Marcus|1966-10-06|NIE
73820025272|Xymenes|Wilkerson|1973-03-11|NIE
75870572683|Brittani|Kramer|1975-08-22|NIE
94890547899|Blayne|Robbins|1994-10-07|TAK
80820030654|Damien|Alexander|1980-03-23|NIE
67900162814|Deane|Conway|1967-11-13|TAK
77830208009|Jordan|Braun|1977-04-26|TAK
51820625315|Andras|Hayes|1951-03-31|NIE
03800045372|Trevor|Oh|2003-01-26|TAK
