|88850494437|Caesar|Thomas|TAK
|60850510197|Maynord|Kirk|TAK
|03860685880|Hali|Chung|TAK
|73870042795|Jocko|Burns|NIE
|78900292391|Perkin|Singleton|NIE
|48850133619|Winifield|Collins|NIE
|44900272826|Melinde|Wilkins|TAK
|69800094587|Laetitia|Mitchell|TAK
|52810638586|Harmonia|Kinney|TAK
|52850354073|Francklin|Harper|TAK
|65840141032|Lothario|Ellington|NIE
|03850305264|Kristy|McFarland|NIE
|63890312022|Arluene|Kemp|NIE
|85820546945|Darla|Peterson|TAK
|78830318956|Benton|Douglas|TAK
|92800660708|Hatti|OBrien|TAK
|90870383635|Swen|Massey|NIE
|73830201538|Siegfried|Phillips|NIE
|00900071636|Anselm|Joyner|TAK
|97870666003|Camilla|Bush|TAK
|03820275784|Abagael|Hanson|NIE
|03810365244|Merl|Hendricks|NIE
|98890126968|Davida|Galloway|NIE
|02890639494|Ephrem|Lloyd|TAK
|97900397200|Isadora|Rubin|NIE
|90900141057|Jason|MacDonald|TAK
|84850270341|Marilin|Marshall|TAK
|78840173738|Archer|Knowles|NIE
|99800401348|Jemmy|Austin|TAK
|66820335696|Nealon|Owens|NIE
|74850574114|Bennie|Welch|NIE
|45860061749|Lucia|Chang|NIE
|47820474383|Sher|Sutherland|TAK
|51830591750|Thomas|Bowling|NIE
|99900589232|Tybalt|Phillips|TAK
|44860604101|Zaneta|Diaz|TAK
|03900440813|Skye|Stone|NIE
|71810524459|Dilan|Vick|NIE
|48910316172|Rupert|Hamrick|NIE
|63800656604|Hedy|Terry|NIE
|55910595555|Dwight|Erickson|TAK
|61880566297|Shannon|Bowman|NIE
|57800056593|Hersch|Song|TAK
|89880029949|Felita|Michael|NIE
|58880532359|Clair|Xu|TAK
|45890062950|Gallard|Conrad|TAK
|49840699210|Nicky|Wiley|NIE
|47830663438|Jdavie|Melton|TAK
|80820030654|Damien|Alexander|NIE
|99800504595|Cobbie|Reilly|NIE
|78830578879|Johny|Klein|TAK
|02840668462|Claire|Silver|NIE
|81820571284|Revkah|Townsend|TAK
|74890482783|Farand|Li|TAK
|92830514745|Minni|Booth|TAK
|64800688404|Elka|Goldstein|TAK
|67830538082|Freddy|Lindsay|NIE
|75800117320|Nicki|Patterson|TAK
|53830587652|Byron|Richmond|TAK
|86880331553|Lucian|Livingston|NIE
|86890435450|Fabien|Shields|NIE
|52910022584|Claude|Jernigan|NIE
|47870388955|Isidor|Dawson|NIE
|85800354865|Karia|Sweeney|TAK
|99840095426|Mavra|Langston|TAK
|97810616248|Helenka|McKenna|NIE
|78890584904|Nonna|Oakley|TAK
|57800067980|Valeria|Anthony|NIE
|59870186150|Temp|Elmore|NIE
|90910058978|Harbert|Freeman|NIE
|57900471197|Oberon|Allred|TAK
|89840624337|Lancelot|Carey|NIE
|50860630091|Kareem|Brantley|NIE
|80820320500|Carlota|Bowers|TAK
|00870662108|Geraldine|Cooper|TAK
|72910088478|Reinald|Norris|TAK
|49810402019|Fabio|Rich|NIE
|67820635106|Monika|Todd|TAK
|43860113882|Aeriell|Odom|TAK
|75850177138|Jamey|Harris|TAK
|69870646552|Antonin|Ross|TAK
|95800284239|Fran|Crane|TAK
|45840385623|Georgeta|King|TAK
|54800186976|Sebastiano|Gold|NIE
|85820241534|Nicolai|Holt|NIE
|52870509152|Barnaby|Barrett|NIE
|66890407787|Dorothee|Marcus|NIE
|70850268633|Morgen|Wade|TAK
|42850339712|Jamey|Hess|TAK
|44820092926|Gabbie|Hancock|NIE
|50800492365|Janet|Byers|TAK
|46860511074|Guthrie|Hogan|TAK
|97840346771|Lonny|Roberts|TAK
|51890379424|Darcy|Mullins|TAK
|66900236356|Wiley|Gorman|TAK
|64810133668|Olivia|Kemp|TAK
|92890337988|Edna|Grant|TAK
|03810559382|Corrinne|Kerr|NIE
|44830481602|Rosalia|Shah|TAK
|71800681735|Seward|Short|NIE
|82900253685|Glori|Griffin|NIE
|44890064593|Merill|McAllister|TAK
|51840500106|Austina|Ryan|TAK
|64890337431|Zachary|Rice|NIE
|03890388393|Taite|Hayes|NIE
|67890048033|Skell|Henson|TAK
|84870253919|Benjamen|Harris|NIE
|56880239692|Osmond|Kern|TAK
|52890328465|Michaeline|Woodard|NIE
|84810266049|Harriett|Dickinson|NIE
|91840253477|Dill|Price|NIE
|65840141032|Lothario|Ellington|TAK
|63910340554|Bartholomeus|Carver|NIE
|43900506021|Latia|Buck|NIE
|58830129710|Clemmie|Roth|TAK
|59900490778|Cyrille|Fitzpatrick|NIE
|02900554874|Gar|Dixon|TAK
|91820622976|Verne|Boone|NIE
|43880092770|Barrie|Blalock|TAK
|99910055503|Charlot|Harrison|TAK
|79800601166|Mag|Carter|NIE
|94840006759|Rufus|Denton|NIE
|51820625315|Andras|Hayes|NIE
|68910003357|Dwain|Allen|TAK
|61810242370|Torrance|Huff|NIE
|75880053259|Felice|Morrow|TAK
|67840381074|Janos|Middleton|NIE
|61860059799|Jesse|Michael|TAK
|02830247804|Ramona|Meadows|NIE
|67830067281|Lexie|Lancaster|TAK
|73820025272|Xymenes|Wilkerson|NIE
|99910529633|Chic|Cochran|NIE
|91850599044|Jacki|Thomson|NIE
|70810663634|Emilio|Hinton|NIE
|62880636322|Becca|Singh|TAK
|46830544903|Austine|Roberson|NIE
|00840135258|Baxter|Finch|TAK
|48900532672|Vladamir|Crawford|TAK
|44890272341|Edithe|Walters|NIE
|03900331304|Teddi|Spence|TAK
|73800513421|Mina|Sharpe|TAK
|94850524977|Warner|Gates|TAK
|45850074858|Conrad|Sawyer|TAK
|54890498681|Verene|Hinson|TAK
|52910321483|Libbie|Kramer|NIE
|80910551562|Sibelle|Dixon|NIE
|79880246723|Min|Hardin|NIE
|74830648967|Cherri|Carson|NIE
|04820574370|Godwin|Collins|NIE
|03890361875|Nikola|Bryant|TAK
|65870061883|Celinka|Mayo|NIE
|74800642982|Beverlie|Rivera|NIE
|69860607701|Maris|Garrett|TAK
|85810576224|Gabey|Walsh|TAK
|61870474092|Chrisy|Hensley|TAK
|70880232228|Ruth|Perkins|TAK
|96830679141|Shane|ONeal|TAK
|76880090253|Dicky|Marcus|TAK
|99900032125|Ailina|Kemp|TAK
|76870226327|Emmi|Goldman|TAK
|88910054092|Patrice|Grossman|NIE
|01800329191|Dom|Moss|NIE
|87800608698|Berkie|Wang|TAK
|68840434489|Crystie|Frederick|NIE
|73860177564|Liv|Cooke|TAK
|00820028677|Hazel|Johnston|TAK
|48900506710|Amos|Cowan|TAK
|46870444993|Augustine|Lamb|NIE
|84830369294|Shannon|Byrd|NIE
|85830635316|Lukas|Sweeney|NIE
|48810512348|Ardine|Ray|NIE
|46800676706|Steffie|Maynard|TAK
|51830591750|Thomas|Bowling|TAK
|50870682237|Stacy|Todd|TAK
|44900602353|Russ|Stein|NIE
|59890607970|Shelley|Schultz|TAK
|59890059698|Matthias|Hawley|NIE
|74800361252|Manuel|Block|TAK
|52910318955|Reuben|Warner|NIE
|66810509773|Nikita|Dawson|NIE
|86840408581|Betteann|Greenberg|TAK
|55830548516|Barty|Harper|NIE
|99850235591|Dukie|Roberson|NIE
|46880333137|Rick|Peele|TAK
|95880397049|Dixie|English|NIE
|65830455367|Silvie|Galloway|TAK
|72880203714|Kennan|Lanier|NIE
|46870566464|Harrietta|Stephens|NIE
|67900162814|Deane|Conway|TAK
|95800660013|Dugald|Vaughn|NIE
|66880125248|Doralynn|Sharma|TAK
|92830522395|Tabor|Wyatt|TAK
|95850543786|Latia|Beatty|TAK
|86910451990|Elnar|Frye|TAK
|63800656604|Hedy|Terry|TAK
|86810182385|Denyse|York|NIE
|74860377387|Brynna|Parrish|TAK
|93840200093|Devland|Tyson|NIE
|91820609177|Antonin|Hayes|TAK
|52800658767|Lela|Woodruff|TAK
|90850153555|Otto|Mercer|NIE
|97890514106|Viviana|Lawrence|TAK
|98860618420|Fernande|Shea|NIE
|86800503479|Maje|Marsh|NIE
|48850441415|Chaim|Horne|NIE
|61820408599|Jeremie|Craig|NIE
|82830402010|Sholom|Bowers|TAK
|45820276028|Timi|Higgins|NIE
|83840340468|Dolli|Zhang|TAK
|53840580355|Shaw|Dyer|NIE
|91880447407|Chelsae|Newell|TAK
|02880221175|Daven|Hensley|TAK
|53850079151|Pasquale|Sanders|NIE
|96830351016|Travus|Stevens|NIE
|73860023733|Padraic|Rubin|NIE
|60900373235|Evered|Wilkerson|TAK
|93880419774|Anson|Todd|NIE
|79900026861|Philipa|Lim|NIE
|98850506898|Sergent|Bond|NIE
|65880564549|Elysha|Vincent|NIE
|76850493284|Drusi|Cho|TAK
|47850529934|Guntar|Snow|TAK
|83850475916|Alastair|Merrill|TAK
|73890353567|Rhonda|Spears|TAK
|93860081797|Adler|Best|NIE
|76890157058|Christos|Hess|NIE
|66870512191|Forrest|Huffman|TAK
|86900480313|Lew|Owen|NIE
|83810031826|Alejandrina|Harmon|TAK
|45860061749|Lucia|Chang|TAK
|86900057791|Barnabas|Peacock|NIE
|62820474801|Audrey|George|NIE
|69910567005|Loralee|Blanton|NIE
|88860696515|Barty|Nelson|NIE
|77820276711|Angel|Dolan|NIE
|63880650774|Augustine|Levy|TAK
|80870485185|Rayshell|Matthews|TAK
|54830697857|Sim|Wolfe|TAK
|59890395585|Leisha|Kang|TAK
|96900664527|Myranda|Kay|NIE
|83840124451|James|Bolton|NIE
|57900243101|Del|Chambers|NIE
|77900458837|Burl|Gould|TAK
|99890547298|Derick|Wolf|TAK
|77830208009|Jordan|Braun|TAK
|04820181626|Coreen|Kay|TAK
|75870572683|Brittani|Kramer|NIE
|90810557052|Phillipp|Marks|NIE
|59850403565|Clari|Carey|NIE
|54870310419|Nickey|Griffith|NIE
|94890547899|Blayne|Robbins|NIE
|98820108129|Ketti|Kidd|TAK
|90850169729|Nerta|Khan|TAK
|74880091852|Aland|Reeves|NIE
|60890413650|Leopold|Knox|NIE
|65910568288|Tobi|Mayo|NIE
|64840312059|Benyamin|Monroe|NIE
|92800648634|Lucio|Curtis|TAK
|43900566212|Jamie|Guthrie|NIE
|58800067244|Glennis|Walter|NIE
|59810440645|Drucie|Stanton|NIE
|76900364991|Giacobo|Knight|TAK
|87870496951|Cletus|Baker|TAK
|68910044152|Raimondo|Goldman|NIE
|52880268445|Gavra|Riggs|NIE
|64810207073|Glynn|Conrad|TAK
|92850207571|Bartram|Bradford|NIE
|57800408006|Wendi|Dalton|NIE
|01840509809|Devonna|Gray|TAK
|86870306183|Elsbeth|Weiss|TAK
|96890600057|Taddeo|Brooks|TAK
|73850690473|Salmon|Watts|NIE
|85800514586|Katti|Becker|NIE
|59870186150|Temp|Elmore|TAK
|75850347292|Leupold|Durham|NIE
|57890297425|Ramonda|Meyer|NIE
|75870597510|Lyon|Gilbert|TAK
|51900673324|Jacklyn|Barber|NIE
|68820591245|Cherish|Neal|NIE
|74910691522|Marget|Bullard|NIE
|56910654088|Flory|Cooper|NIE
|68880414289|Luz|McGuire|TAK
|99850235591|Dukie|Roberson|TAK
|56890217888|Beulah|Cheek|TAK
|89820657409|Noell|Shaw|NIE
|72900098216|Tris|Garcia|TAK
|99870485835|Torrance|McDaniel|TAK
|83900601313|Emlen|Sullivan|NIE
|99820286862|Becki|Vick|TAK
|97900645613|Westleigh|Mack|NIE
|98890325718|Padraig|Zhang|NIE
|00850460597|Vaclav|Williford|TAK
|76800465488|Viole|Dean|NIE
|73830061723|Dot|Adams|NIE
|43830570475|Johnnie|Floyd|NIE
|90870383635|Swen|Massey|TAK
|78900130457|Cordy|Hinton|TAK
|46800405799|Ethelbert|Bryant|TAK
|75850039412|Alvy|Vaughan|TAK
|73870367865|Felita|Johnson|TAK
|77870248612|Jared|Bradford|NIE
|94820335130|Richmound|Houston|NIE
|85800184046|Vannie|Daniels|TAK
|52800138827|Dottie|Hood|TAK
|77870143454|Bertram|Burnette|TAK
|00860680596|Meier|Hurst|NIE
|69860098789|Rosabelle|Whitehead|TAK
|77870656147|Devora|Carter|NIE
|79890315842|Annetta|Pearson|TAK
|84830416413|Shep|Desai|TAK
|83810549817|Ryon|Guthrie|NIE
|03840278082|Milicent|Lim|NIE
|46810167470|Homere|Weber|NIE
|75820377805|Eulalie|Williams|TAK
|03900440813|Skye|Stone|TAK
|48820696036|Richardo|Stark|NIE
|71850007828|Nelia|Flowers|TAK
|87810146357|Keene|Clarke|TAK
|51880018151|Aldous|Baird|NIE
|56800340152|Kimball|Baxter|TAK
|74810186515|Brendis|Little|TAK
|53890093740|Fredelia|Block|TAK
|92850355340|Barbi|Randall|NIE
|79810155220|Gerti|Adams|NIE
|86810090958|Konstantine|Cooper|TAK
|87870306779|Errol|Lancaster|TAK
|44900602353|Russ|Stein|TAK
|48870128644|Afton|Kaufman|TAK
|95860604297|Maynard|Bruce|NIE
|00880114613|Sig|Mack|NIE
|59870692114|Bald|Sparks|NIE
|80900501193|Tyler|Robertson|NIE
|60900450312|Walker|Chandler|TAK
|81810017383|Damaris|Collier|TAK
|66900113437|Ellary|Woods|TAK
|54870431675|Clemens|Little|NIE
|82870301678|King|Atkinson|NIE
|84800061964|Dredi|Rowland|NIE
|76800699742|Abbye|Arnold|TAK
|69870159883|Cynthy|Lynch|NIE
|50810428763|Kali|Coleman|TAK
|00850075207|Dominique|Wall|TAK
|79880088648|Jessica|Conrad|NIE
|49840378856|Griffy|Dunn|TAK
|78840031218|Huey|Whitehead|TAK
|46870444993|Augustine|Lamb|TAK
|88880033242|Clemmie|Woodard|TAK
|59890059698|Matthias|Hawley|TAK
|91800499831|Con|Crowder|NIE
|94890547899|Blayne|Robbins|TAK
|65810581543|Marian|Zimmerman|NIE
|49840654451|Delmar|McKee|NIE
|92810551908|Marquita|Perry|TAK
|03800045372|Trevor|Oh|TAK
|43830045386|Sheilah|Melton|TAK
|48900532265|Hortense|Chambers|NIE
|46830443608|Prissie|Baxter|TAK
|70850370341|Matti|Olson|TAK
|01830690818|Michal|Jiang|TAK
|65860630736|Kevin|Jackson|NIE
|76900567154|Keane|Williford|NIE
|74900131614|Carney|Block|NIE
|92910319668|Gabbie|Parrish|NIE
|54880520668|Livia|Benton|TAK
|86910217961|Eadith|Melton|NIE
|47800553011|Tomas|Waller|NIE
|77880286291|Cass|Bates|TAK
|53800560922|Susi|Shaw|TAK
|50890575144|Willie|Huffman|TAK
|58820588107|Eda|Sweeney|TAK
|85820079166|Codee|Houston|TAK
|63910324774|Denney|McDowell|TAK
|54880576247|Michel|Craven|NIE
|44820300719|Hilario|Currie|TAK
|58850640761|Karlotte|Sweeney|NIE
|74830555456|Ole|Kerr|NIE
|64830499267|Nicolle|Vincent|TAK
|48880428059|Creigh|Corbett|TAK
|53910479428|Idelle|Lawson|TAK
|96900318864|Faustine|Middleton|TAK
|52840662955|Bancroft|Woods|TAK
|01830039079|Hamel|Owen|NIE
|50900618324|Lura|Honeycutt|NIE
|57870472046|Ellen|Garner|NIE
|81830697082|Abagael|Sloan|TAK
|86850253047|Amalea|Brandt|TAK
|61910273351|Yardley|Hodges|NIE
|99900440357|Timothy|Welsh|NIE
|79900026470|Ruggiero|Lester|NIE
|63910340554|Bartholomeus|Carver|TAK
|78840173738|Archer|Knowles|TAK
|49860628382|Clare|McKee|NIE
|97910668990|Jourdain|Schneider|NIE
|62880631239|Eugenius|Green|NIE
|03820417050|Stirling|Benton|NIE
|65800529225|Ashleigh|Sharma|TAK
|56810385372|Elwin|Kirkland|TAK
|84830369294|Shannon|Byrd|TAK
|50870238117|Clint|Weeks|TAK
|00910540308|Lenee|Brooks|TAK
|83840501117|Mycah|Kerr|NIE
|67830592178|Roman|Hubbard|NIE
|01860050662|Heath|Collier|TAK
|90900532644|Ann|Kaufman|TAK
|55890246513|Morty|Kelly|NIE
|78800326600|Pia|Hardison|NIE
|00820481186|Betteann|Livingston|NIE
|48890014431|Abraham|Winstead|NIE
|62800259215|Ham|Guthrie|TAK
|97840327024|Gerhardine|Wilcox|NIE
|88810363962|Phyllys|Moser|NIE
|58840362055|Isaac|Byrd|NIE
|86820145048|Georgetta|Riggs|TAK
|83890097941|Ariana|Rogers|TAK
|97860418838|Iain|Tan|TAK
|49830027968|Annaliese|OBrien|NIE
|73830570090|Sheppard|McMahon|NIE
|71810257836|Irwinn|Blackwell|NIE
|91870072864|Elysia|Schultz|TAK
|95870053672|Shelton|Livingston|TAK
|89840432499|Rodolfo|Willard|TAK
|73880566438|Kristian|Dale|TAK
|81800587346|Darb|Michael|NIE
|68810158092|Carr|Farmer|TAK
|74850358080|Willetta|Carter|TAK
|94860648559|Arin|McKenna|NIE
|45810308672|Aluino|Koch|NIE
|46800132475|Hillel|Owen|NIE
|86820695729|Sissie|Watkins|TAK
|47900262697|Zared|Stephens|NIE
|62860582825|Victoria|Stephenson|NIE
|92840274330|Darrell|Norris|TAK
|98870634010|Creigh|Levin|NIE
|02890605471|Chandler|Fisher|NIE
|61800236442|Mary|Freeman|TAK
|73870444359|Westley|Boyer|TAK
|03840023523|Brunhilde|Hudson|NIE
|52890076854|Hermie|Hong|TAK
|65880273405|Catharine|Abrams|NIE
|67850321273|Sutherland|Haas|TAK
|74840189492|Isak|Blackburn|TAK
|92900576237|Wilt|Levin|TAK
|92890488002|Abigail|Goldberg|TAK
|84800061964|Dredi|Rowland|TAK
|87820594948|Ddene|Wheeler|NIE
|48810512348|Ardine|Ray|TAK
|79820390013|Laurens|Casey|NIE
|93800033754|Fabien|Friedman|TAK
|71810524459|Dilan|Vick|TAK
|02810228335|Arni|Lee|TAK
|02830035164|Dulcea|Garrett|NIE
|66810509773|Nikita|Dawson|TAK
|79900026861|Philipa|Lim|TAK
|78910206885|Bettye|Denton|TAK
|84880118299|Brooks|Strauss|TAK
|93810084353|Bar|Ford|TAK
|61860100334|Henri|Forrest|NIE
|55840226237|Siward|Miles|NIE
|61860684995|Sarge|Cook|NIE
|74870610234|Halsy|Wu|NIE
|70890462383|Katrinka|Grant|NIE
|88890456648|Charis|Bunn|TAK
|73870694565|Berna|Shaffer|TAK
|75800284077|Nichols|Coley|TAK
|54800490398|John|Barrett|NIE
|53910230276|Temp|Bowers|TAK
|80810390601|Rahal|Barker|TAK
|76810502843|Crystal|Watson|NIE
|04800620619|Orion|Hurley|NIE
|44820659408|Merilee|Byrd|NIE
|64810461950|Ansel|Scarborough|TAK
|70840424317|Marten|Walters|NIE
|91910178314|Robert|Wyatt|NIE
|77850022564|Freddi|Willis|NIE
|92850559065|Quintina|Klein|NIE
|62850234875|Jarrid|Marcus|TAK
|87910603989|Celle|Hong|NIE
|59840504207|Jacquette|Cunningham|NIE
|49900327693|Nikolaos|Elliott|TAK
|51880171629|Liuka|Rankin|TAK
|67820133679|Klement|Small|NIE
|89820657409|Noell|Shaw|TAK
|68840434489|Crystie|Frederick|TAK
|54800186976|Sebastiano|Gold|TAK
