|2|2022-02-05|The PA was taken by an ambulance after the animal bit off a part of their calf.
|44|2022-02-20|The PA was taken by an ambulance after the animal bit off a part of their calf.
|48|2022-02-23|The PA was taken by an ambulance after the animal bit off a part of their calf.
|37|2022-02-24|
|53|2022-02-25|The PA was taken by an ambulance after the animal bit off a part of their calf.
|27|2022-03-03|It was mostly successful but the animal pissed on the PAs leg. Not sure if it is a good sign.
|117|2022-03-07|The animal almost froze out of boredom. The PA did not seem to mind it though.
|113|2022-03-10|The animal almost froze out of boredom. The PA did not seem to mind it though.
|126|2022-03-10|
|127|2022-03-10|The animal was really shy but at the end they allowed to pet themselves.
|144|2022-03-10|The animal jumped on the PA out of excitement. The PA tripped over but they seemed very happy.
|72|2022-03-11|The animal almost froze out of boredom. The PA did not seem to mind it though.
|105|2022-03-12|The animal almost froze out of boredom. The PA did not seem to mind it though.
|180|2022-03-14|
|198|2022-03-15|The animal was really shy but at the end they allowed to pet themselves.
|60|2022-03-18|It was mostly successful but the animal pissed on the PAs leg. Not sure if it is a good sign.
|59|2022-03-20|The PA was taken by an ambulance after the animal bit off a part of their calf.
|217|2022-03-20|
|95|2022-03-21|The animal almost froze out of boredom. The PA did not seem to mind it though.
|233|2022-03-21|
|178|2022-03-22|The PA was taken by an ambulance after the animal bit off a part of their calf.
|190|2022-03-22|The animal was really shy but at the end they allowed to pet themselves.
|262|2022-03-22|The animal almost froze out of boredom. The PA did not seem to mind it though.
|278|2022-03-22|It was mostly successful but the animal pissed on the PAs leg. Not sure if it is a good sign.
|279|2022-03-22|It was mostly successful but the animal pissed on the PAs leg. Not sure if it is a good sign.
|192|2022-03-24|The animal was really shy but at the end they allowed to pet themselves.
|209|2022-03-24|
|295|2022-03-24|The PA was taken by an ambulance after the animal bit off a part of their calf.
|24|2022-03-26|The PA was taken by an ambulance after the animal bit off a part of their calf.
|296|2022-03-26|The animal jumped on the PA out of excitement. The PA tripped over but they seemed very happy.
|312|2022-03-26|The animal was really shy but at the end they allowed to pet themselves.
|214|2022-03-27|The animal jumped on the PA out of excitement. The PA tripped over but they seemed very happy.
|246|2022-03-27|The PA was taken by an ambulance after the animal bit off a part of their calf.
|190|2022-03-28|The PA was taken by an ambulance after the animal bit off a part of their calf.
|370|2022-03-28|The PA was taken by an ambulance after the animal bit off a part of their calf.
|194|2022-03-30|
|284|2022-03-30|It was mostly successful but the animal pissed on the PAs leg. Not sure if it is a good sign.
|208|2022-03-31|The animal jumped on the PA out of excitement. The PA tripped over but they seemed very happy.
|387|2022-03-31|The PA was taken by an ambulance after the animal bit off a part of their calf.
|320|2022-04-01|The animal jumped on the PA out of excitement. The PA tripped over but they seemed very happy.
|333|2022-04-01|The animal was really shy but at the end they allowed to pet themselves.
|130|2022-04-03|
|271|2022-04-03|The animal almost froze out of boredom. The PA did not seem to mind it though.
|362|2022-04-04|The animal was really shy but at the end they allowed to pet themselves.
|470|2022-04-04|The animal jumped on the PA out of excitement. The PA tripped over but they seemed very happy.
|207|2022-04-05|The animal jumped on the PA out of excitement. The PA tripped over but they seemed very happy.
|243|2022-04-05|
|278|2022-04-05|
|287|2022-04-05|It was mostly successful but the animal pissed on the PAs leg. Not sure if it is a good sign.
|329|2022-04-05|The animal almost froze out of boredom. The PA did not seem to mind it though.
|432|2022-04-05|
|342|2022-04-06|
|347|2022-04-06|It was mostly successful but the animal pissed on the PAs leg. Not sure if it is a good sign.
|514|2022-04-06|The PA was taken by an ambulance after the animal bit off a part of their calf.
|259|2022-04-07|The animal jumped on the PA out of excitement. The PA tripped over but they seemed very happy.
|331|2022-04-07|It was mostly successful but the animal pissed on the PAs leg. Not sure if it is a good sign.
|486|2022-04-07|The animal almost froze out of boredom. The PA did not seem to mind it though.
|492|2022-04-07|The PA was taken by an ambulance after the animal bit off a part of their calf.
|42|2022-04-08|The animal was really shy but at the end they allowed to pet themselves.
|575|2022-04-08|The animal almost froze out of boredom. The PA did not seem to mind it though.
|343|2022-04-09|It was mostly successful but the animal pissed on the PAs leg. Not sure if it is a good sign.
|445|2022-04-09|It was mostly successful but the animal pissed on the PAs leg. Not sure if it is a good sign.
|309|2022-04-10|The animal was really shy but at the end they allowed to pet themselves.
|468|2022-04-10|The PA was taken by an ambulance after the animal bit off a part of their calf.
|500|2022-04-11|The animal jumped on the PA out of excitement. The PA tripped over but they seemed very happy.
|517|2022-04-11|The animal was really shy but at the end they allowed to pet themselves.
|433|2022-04-12|The PA was taken by an ambulance after the animal bit off a part of their calf.
|616|2022-04-12|
|518|2022-04-13|The PA was taken by an ambulance after the animal bit off a part of their calf.
|597|2022-04-13|The animal was really shy but at the end they allowed to pet themselves.
|649|2022-04-13|The animal was really shy but at the end they allowed to pet themselves.
|447|2022-04-14|The animal almost froze out of boredom. The PA did not seem to mind it though.
|607|2022-04-15|It was mostly successful but the animal pissed on the PAs leg. Not sure if it is a good sign.
|707|2022-04-15|The animal was really shy but at the end they allowed to pet themselves.
|454|2022-04-16|The animal jumped on the PA out of excitement. The PA tripped over but they seemed very happy.
|520|2022-04-16|The animal was really shy but at the end they allowed to pet themselves.
|643|2022-04-16|The animal almost froze out of boredom. The PA did not seem to mind it though.
|671|2022-04-16|The animal jumped on the PA out of excitement. The PA tripped over but they seemed very happy.
|411|2022-04-17|
|432|2022-04-17|The PA was taken by an ambulance after the animal bit off a part of their calf.
|571|2022-04-17|The animal almost froze out of boredom. The PA did not seem to mind it though.
|620|2022-04-17|The animal jumped on the PA out of excitement. The PA tripped over but they seemed very happy.
|677|2022-04-17|The animal jumped on the PA out of excitement. The PA tripped over but they seemed very happy.
|709|2022-04-18|The animal almost froze out of boredom. The PA did not seem to mind it though.
|470|2022-04-19|The animal jumped on the PA out of excitement. The PA tripped over but they seemed very happy.
|718|2022-04-19|It was mostly successful but the animal pissed on the PAs leg. Not sure if it is a good sign.
|445|2022-04-20|
|752|2022-04-20|
|810|2022-04-20|The animal was really shy but at the end they allowed to pet themselves.
|548|2022-04-21|The animal was really shy but at the end they allowed to pet themselves.
|652|2022-04-21|The PA was taken by an ambulance after the animal bit off a part of their calf.
|805|2022-04-21|The animal almost froze out of boredom. The PA did not seem to mind it though.
|815|2022-04-21|It was mostly successful but the animal pissed on the PAs leg. Not sure if it is a good sign.
|647|2022-04-22|
|411|2022-04-23|The animal was really shy but at the end they allowed to pet themselves.
|469|2022-04-23|
|717|2022-04-23|The PA was taken by an ambulance after the animal bit off a part of their calf.
|788|2022-04-24|
|881|2022-04-24|The animal jumped on the PA out of excitement. The PA tripped over but they seemed very happy.
|685|2022-04-25|It was mostly successful but the animal pissed on the PAs leg. Not sure if it is a good sign.
|241|2022-04-26|The animal was really shy but at the end they allowed to pet themselves.
|691|2022-04-26|
|896|2022-04-26|It was mostly successful but the animal pissed on the PAs leg. Not sure if it is a good sign.
|913|2022-04-26|It was mostly successful but the animal pissed on the PAs leg. Not sure if it is a good sign.
|493|2022-04-27|The animal was really shy but at the end they allowed to pet themselves.
|758|2022-04-27|
|896|2022-04-28|The animal almost froze out of boredom. The PA did not seem to mind it though.
|954|2022-04-28|The animal almost froze out of boredom. The PA did not seem to mind it though.
|974|2022-04-28|The PA was taken by an ambulance after the animal bit off a part of their calf.
|864|2022-04-30|The PA was taken by an ambulance after the animal bit off a part of their calf.
|881|2022-04-30|The animal almost froze out of boredom. The PA did not seem to mind it though.
|907|2022-04-30|The PA was taken by an ambulance after the animal bit off a part of their calf.
|394|2022-05-01|The animal almost froze out of boredom. The PA did not seem to mind it though.
|493|2022-05-01|The PA was taken by an ambulance after the animal bit off a part of their calf.
|536|2022-05-01|The animal was really shy but at the end they allowed to pet themselves.
|920|2022-05-01|The animal was really shy but at the end they allowed to pet themselves.
|924|2022-05-01|The animal jumped on the PA out of excitement. The PA tripped over but they seemed very happy.
|950|2022-05-01|The PA was taken by an ambulance after the animal bit off a part of their calf.
|840|2022-05-02|The animal almost froze out of boredom. The PA did not seem to mind it though.
|749|2022-05-03|The animal jumped on the PA out of excitement. The PA tripped over but they seemed very happy.
|1045|2022-05-04|The PA was taken by an ambulance after the animal bit off a part of their calf.
|592|2022-05-05|The animal was really shy but at the end they allowed to pet themselves.
|937|2022-05-05|The animal almost froze out of boredom. The PA did not seem to mind it though.
|803|2022-05-06|The animal almost froze out of boredom. The PA did not seem to mind it though.
|1018|2022-05-06|It was mostly successful but the animal pissed on the PAs leg. Not sure if it is a good sign.
|1082|2022-05-06|It was mostly successful but the animal pissed on the PAs leg. Not sure if it is a good sign.
|1151|2022-05-06|The PA was taken by an ambulance after the animal bit off a part of their calf.
|716|2022-05-07|
|856|2022-05-07|The animal almost froze out of boredom. The PA did not seem to mind it though.
|1041|2022-05-07|The animal was really shy but at the end they allowed to pet themselves.
|1098|2022-05-07|The animal jumped on the PA out of excitement. The PA tripped over but they seemed very happy.
|750|2022-05-08|The PA was taken by an ambulance after the animal bit off a part of their calf.
|910|2022-05-08|The animal jumped on the PA out of excitement. The PA tripped over but they seemed very happy.
|942|2022-05-08|It was mostly successful but the animal pissed on the PAs leg. Not sure if it is a good sign.
|1069|2022-05-08|The animal was really shy but at the end they allowed to pet themselves.
|1161|2022-05-08|The animal was really shy but at the end they allowed to pet themselves.
|589|2022-05-09|The animal jumped on the PA out of excitement. The PA tripped over but they seemed very happy.
|774|2022-05-09|The animal almost froze out of boredom. The PA did not seem to mind it though.
|803|2022-05-09|The animal jumped on the PA out of excitement. The PA tripped over but they seemed very happy.
|999|2022-05-09|The PA was taken by an ambulance after the animal bit off a part of their calf.
|1147|2022-05-09|The animal was really shy but at the end they allowed to pet themselves.
|803|2022-05-10|The PA was taken by an ambulance after the animal bit off a part of their calf.
|849|2022-05-10|
|875|2022-05-10|The PA was taken by an ambulance after the animal bit off a part of their calf.
|1051|2022-05-10|It was mostly successful but the animal pissed on the PAs leg. Not sure if it is a good sign.
|1216|2022-05-10|The animal jumped on the PA out of excitement. The PA tripped over but they seemed very happy.
|360|2022-05-11|
|735|2022-05-11|The animal jumped on the PA out of excitement. The PA tripped over but they seemed very happy.
|1090|2022-05-11|The animal jumped on the PA out of excitement. The PA tripped over but they seemed very happy.
|1248|2022-05-11|The animal almost froze out of boredom. The PA did not seem to mind it though.
|935|2022-05-12|The animal was really shy but at the end they allowed to pet themselves.
|968|2022-05-12|The PA was taken by an ambulance after the animal bit off a part of their calf.
|1079|2022-05-12|It was mostly successful but the animal pissed on the PAs leg. Not sure if it is a good sign.
|1141|2022-05-12|It was mostly successful but the animal pissed on the PAs leg. Not sure if it is a good sign.
|1226|2022-05-12|
|394|2022-05-13|The animal was really shy but at the end they allowed to pet themselves.
|975|2022-05-13|It was mostly successful but the animal pissed on the PAs leg. Not sure if it is a good sign.
|1294|2022-05-13|The animal almost froze out of boredom. The PA did not seem to mind it though.
|547|2022-05-14|The PA was taken by an ambulance after the animal bit off a part of their calf.
|904|2022-05-14|It was mostly successful but the animal pissed on the PAs leg. Not sure if it is a good sign.
|1128|2022-05-14|The PA was taken by an ambulance after the animal bit off a part of their calf.
|1285|2022-05-14|The animal almost froze out of boredom. The PA did not seem to mind it though.
|1041|2022-05-15|The animal was really shy but at the end they allowed to pet themselves.
|1107|2022-05-15|The animal almost froze out of boredom. The PA did not seem to mind it though.
|1191|2022-05-16|The animal jumped on the PA out of excitement. The PA tripped over but they seemed very happy.
|1321|2022-05-16|
|1345|2022-05-16|The PA was taken by an ambulance after the animal bit off a part of their calf.
|1289|2022-05-17|It was mostly successful but the animal pissed on the PAs leg. Not sure if it is a good sign.
|1017|2022-05-19|The animal jumped on the PA out of excitement. The PA tripped over but they seemed very happy.
|1102|2022-05-19|It was mostly successful but the animal pissed on the PAs leg. Not sure if it is a good sign.
|912|2022-05-20|The animal jumped on the PA out of excitement. The PA tripped over but they seemed very happy.
|1181|2022-05-20|The animal was really shy but at the end they allowed to pet themselves.
|1370|2022-05-20|The PA was taken by an ambulance after the animal bit off a part of their calf.
|1419|2022-05-20|The animal almost froze out of boredom. The PA did not seem to mind it though.
|1100|2022-05-21|It was mostly successful but the animal pissed on the PAs leg. Not sure if it is a good sign.
|1398|2022-05-21|
|1404|2022-05-21|The animal was really shy but at the end they allowed to pet themselves.
|1408|2022-05-21|The PA was taken by an ambulance after the animal bit off a part of their calf.
|1464|2022-05-21|It was mostly successful but the animal pissed on the PAs leg. Not sure if it is a good sign.
|1502|2022-05-21|The animal was really shy but at the end they allowed to pet themselves.
|1510|2022-05-21|The animal was really shy but at the end they allowed to pet themselves.
|745|2022-05-23|It was mostly successful but the animal pissed on the PAs leg. Not sure if it is a good sign.
|1223|2022-05-23|It was mostly successful but the animal pissed on the PAs leg. Not sure if it is a good sign.
|1351|2022-05-23|The animal was really shy but at the end they allowed to pet themselves.
|1537|2022-05-23|The animal jumped on the PA out of excitement. The PA tripped over but they seemed very happy.
|1427|2022-05-24|The animal was really shy but at the end they allowed to pet themselves.
|1557|2022-05-24|It was mostly successful but the animal pissed on the PAs leg. Not sure if it is a good sign.
|1575|2022-05-24|The animal almost froze out of boredom. The PA did not seem to mind it though.
|1308|2022-05-25|The animal almost froze out of boredom. The PA did not seem to mind it though.
|1332|2022-05-25|The animal jumped on the PA out of excitement. The PA tripped over but they seemed very happy.
|1394|2022-05-25|The animal jumped on the PA out of excitement. The PA tripped over but they seemed very happy.
|1574|2022-05-25|The animal almost froze out of boredom. The PA did not seem to mind it though.
|1597|2022-05-25|The animal was really shy but at the end they allowed to pet themselves.
|1315|2022-05-26|The animal was really shy but at the end they allowed to pet themselves.
|1444|2022-05-26|The animal was really shy but at the end they allowed to pet themselves.
|1497|2022-05-26|
|1100|2022-05-27|The animal almost froze out of boredom. The PA did not seem to mind it though.
|1303|2022-05-27|
|1484|2022-05-27|It was mostly successful but the animal pissed on the PAs leg. Not sure if it is a good sign.
|1527|2022-05-27|The animal almost froze out of boredom. The PA did not seem to mind it though.
|1591|2022-05-27|It was mostly successful but the animal pissed on the PAs leg. Not sure if it is a good sign.
|572|2022-05-28|The animal jumped on the PA out of excitement. The PA tripped over but they seemed very happy.
|818|2022-05-28|
|882|2022-05-28|The animal was really shy but at the end they allowed to pet themselves.
|1223|2022-05-28|The animal jumped on the PA out of excitement. The PA tripped over but they seemed very happy.
|1529|2022-05-28|The animal jumped on the PA out of excitement. The PA tripped over but they seemed very happy.
|1599|2022-05-28|The animal was really shy but at the end they allowed to pet themselves.
|1638|2022-05-28|The PA was taken by an ambulance after the animal bit off a part of their calf.
|1655|2022-05-28|The animal was really shy but at the end they allowed to pet themselves.
|1693|2022-05-28|The animal jumped on the PA out of excitement. The PA tripped over but they seemed very happy.
|1169|2022-05-29|It was mostly successful but the animal pissed on the PAs leg. Not sure if it is a good sign.
|1272|2022-05-29|The animal was really shy but at the end they allowed to pet themselves.
|445|2022-05-30|The animal was really shy but at the end they allowed to pet themselves.
|883|2022-05-30|The PA was taken by an ambulance after the animal bit off a part of their calf.
|1486|2022-05-30|It was mostly successful but the animal pissed on the PAs leg. Not sure if it is a good sign.
|1668|2022-05-30|The animal almost froze out of boredom. The PA did not seem to mind it though.
|1091|2022-05-31|
|1657|2022-05-31|
|1683|2022-05-31|
|1334|2022-06-01|The animal jumped on the PA out of excitement. The PA tripped over but they seemed very happy.
|1675|2022-06-02|The PA was taken by an ambulance after the animal bit off a part of their calf.
|938|2022-06-03|
|1260|2022-06-03|It was mostly successful but the animal pissed on the PAs leg. Not sure if it is a good sign.
|1543|2022-06-03|The animal was really shy but at the end they allowed to pet themselves.
|1586|2022-06-03|The PA was taken by an ambulance after the animal bit off a part of their calf.
|1370|2022-06-04|The animal almost froze out of boredom. The PA did not seem to mind it though.
|1651|2022-06-04|The animal almost froze out of boredom. The PA did not seem to mind it though.
|1778|2022-06-04|The animal was really shy but at the end they allowed to pet themselves.
|1806|2022-06-04|The animal almost froze out of boredom. The PA did not seem to mind it though.
|1892|2022-06-04|The animal was really shy but at the end they allowed to pet themselves.
|1332|2022-06-05|The animal jumped on the PA out of excitement. The PA tripped over but they seemed very happy.
|1536|2022-06-05|The animal was really shy but at the end they allowed to pet themselves.
|1741|2022-06-05|The animal jumped on the PA out of excitement. The PA tripped over but they seemed very happy.
|1780|2022-06-05|The animal almost froze out of boredom. The PA did not seem to mind it though.
|1510|2022-06-06|It was mostly successful but the animal pissed on the PAs leg. Not sure if it is a good sign.
|1539|2022-06-06|The animal jumped on the PA out of excitement. The PA tripped over but they seemed very happy.
|1697|2022-06-06|
|1796|2022-06-06|The animal almost froze out of boredom. The PA did not seem to mind it though.
|1846|2022-06-06|It was mostly successful but the animal pissed on the PAs leg. Not sure if it is a good sign.
|445|2022-06-07|It was mostly successful but the animal pissed on the PAs leg. Not sure if it is a good sign.
|1880|2022-06-08|The animal almost froze out of boredom. The PA did not seem to mind it though.
|1993|2022-06-08|The PA was taken by an ambulance after the animal bit off a part of their calf.
|958|2022-06-09|
|1442|2022-06-09|The PA was taken by an ambulance after the animal bit off a part of their calf.
|2027|2022-06-09|The PA was taken by an ambulance after the animal bit off a part of their calf.
|1559|2022-06-10|
|1612|2022-06-10|The PA was taken by an ambulance after the animal bit off a part of their calf.
|1660|2022-06-10|The animal jumped on the PA out of excitement. The PA tripped over but they seemed very happy.
|1776|2022-06-10|The PA was taken by an ambulance after the animal bit off a part of their calf.
|1978|2022-06-10|It was mostly successful but the animal pissed on the PAs leg. Not sure if it is a good sign.
|886|2022-06-11|The animal jumped on the PA out of excitement. The PA tripped over but they seemed very happy.
|1961|2022-06-11|The PA was taken by an ambulance after the animal bit off a part of their calf.
|1990|2022-06-11|The animal was really shy but at the end they allowed to pet themselves.
|2064|2022-06-11|The animal was really shy but at the end they allowed to pet themselves.
|2065|2022-06-11|The animal jumped on the PA out of excitement. The PA tripped over but they seemed very happy.
|2125|2022-06-11|The animal almost froze out of boredom. The PA did not seem to mind it though.
|1613|2022-06-12|The PA was taken by an ambulance after the animal bit off a part of their calf.
|1952|2022-06-12|It was mostly successful but the animal pissed on the PAs leg. Not sure if it is a good sign.
|2013|2022-06-12|The animal almost froze out of boredom. The PA did not seem to mind it though.
|2086|2022-06-12|It was mostly successful but the animal pissed on the PAs leg. Not sure if it is a good sign.
|2128|2022-06-12|
|1384|2022-06-13|The animal jumped on the PA out of excitement. The PA tripped over but they seemed very happy.
|1642|2022-06-13|The animal almost froze out of boredom. The PA did not seem to mind it though.
|1847|2022-06-13|The animal jumped on the PA out of excitement. The PA tripped over but they seemed very happy.
|1092|2022-06-14|The animal was really shy but at the end they allowed to pet themselves.
|2182|2022-06-14|The PA was taken by an ambulance after the animal bit off a part of their calf.
|2213|2022-06-14|The animal jumped on the PA out of excitement. The PA tripped over but they seemed very happy.
|1284|2022-06-15|The animal almost froze out of boredom. The PA did not seem to mind it though.
|1815|2022-06-15|The animal almost froze out of boredom. The PA did not seem to mind it though.
|2038|2022-06-15|The animal jumped on the PA out of excitement. The PA tripped over but they seemed very happy.
|1373|2022-06-16|
|1961|2022-06-16|It was mostly successful but the animal pissed on the PAs leg. Not sure if it is a good sign.
|2224|2022-06-16|The animal was really shy but at the end they allowed to pet themselves.
|2245|2022-06-16|The animal jumped on the PA out of excitement. The PA tripped over but they seemed very happy.
|2249|2022-06-16|It was mostly successful but the animal pissed on the PAs leg. Not sure if it is a good sign.
|1855|2022-06-17|The animal almost froze out of boredom. The PA did not seem to mind it though.
|1927|2022-06-17|The animal almost froze out of boredom. The PA did not seem to mind it though.
|2033|2022-06-17|The animal almost froze out of boredom. The PA did not seem to mind it though.
|2139|2022-06-17|The animal almost froze out of boredom. The PA did not seem to mind it though.
|2145|2022-06-17|
|2177|2022-06-17|The animal almost froze out of boredom. The PA did not seem to mind it though.
|2207|2022-06-17|
|2221|2022-06-17|The PA was taken by an ambulance after the animal bit off a part of their calf.
|2278|2022-06-17|It was mostly successful but the animal pissed on the PAs leg. Not sure if it is a good sign.
|1934|2022-06-18|The animal almost froze out of boredom. The PA did not seem to mind it though.
|2065|2022-06-18|The animal was really shy but at the end they allowed to pet themselves.
|1509|2022-06-19|The animal jumped on the PA out of excitement. The PA tripped over but they seemed very happy.
|1850|2022-06-19|The animal almost froze out of boredom. The PA did not seem to mind it though.
|2005|2022-06-19|The animal jumped on the PA out of excitement. The PA tripped over but they seemed very happy.
|2110|2022-06-19|The animal almost froze out of boredom. The PA did not seem to mind it though.
|2324|2022-06-19|The animal was really shy but at the end they allowed to pet themselves.
|1768|2022-06-20|The animal almost froze out of boredom. The PA did not seem to mind it though.
|2172|2022-06-20|The animal was really shy but at the end they allowed to pet themselves.
|1717|2022-06-21|The animal almost froze out of boredom. The PA did not seem to mind it though.
|1863|2022-06-21|The PA was taken by an ambulance after the animal bit off a part of their calf.
|2080|2022-06-21|The animal was really shy but at the end they allowed to pet themselves.
|2148|2022-06-21|It was mostly successful but the animal pissed on the PAs leg. Not sure if it is a good sign.
|1815|2022-06-22|
|2085|2022-06-22|
|2239|2022-06-22|It was mostly successful but the animal pissed on the PAs leg. Not sure if it is a good sign.
|2436|2022-06-22|The animal jumped on the PA out of excitement. The PA tripped over but they seemed very happy.
|1378|2022-06-23|The animal was really shy but at the end they allowed to pet themselves.
|2177|2022-06-23|The animal was really shy but at the end they allowed to pet themselves.
|2293|2022-06-23|The animal jumped on the PA out of excitement. The PA tripped over but they seemed very happy.
|2322|2022-06-23|The animal jumped on the PA out of excitement. The PA tripped over but they seemed very happy.
|2420|2022-06-23|The animal almost froze out of boredom. The PA did not seem to mind it though.
|2295|2022-06-24|It was mostly successful but the animal pissed on the PAs leg. Not sure if it is a good sign.
|2381|2022-06-24|The animal was really shy but at the end they allowed to pet themselves.
|2430|2022-06-24|The animal jumped on the PA out of excitement. The PA tripped over but they seemed very happy.
|2463|2022-06-24|
|1741|2022-06-25|
|1808|2022-06-25|
|1825|2022-06-25|The animal jumped on the PA out of excitement. The PA tripped over but they seemed very happy.
|2200|2022-06-25|It was mostly successful but the animal pissed on the PAs leg. Not sure if it is a good sign.
|2379|2022-06-25|The animal almost froze out of boredom. The PA did not seem to mind it though.
|2499|2022-06-25|
|2065|2022-06-26|
|2066|2022-06-26|
|2453|2022-06-26|
|2589|2022-06-26|The animal almost froze out of boredom. The PA did not seem to mind it though.
|1740|2022-06-27|It was mostly successful but the animal pissed on the PAs leg. Not sure if it is a good sign.
|1989|2022-06-27|
|2085|2022-06-27|The animal almost froze out of boredom. The PA did not seem to mind it though.
|2384|2022-06-27|
|2482|2022-06-27|The PA was taken by an ambulance after the animal bit off a part of their calf.
|2486|2022-06-27|It was mostly successful but the animal pissed on the PAs leg. Not sure if it is a good sign.
|1722|2022-06-28|The animal almost froze out of boredom. The PA did not seem to mind it though.
|1790|2022-06-28|It was mostly successful but the animal pissed on the PAs leg. Not sure if it is a good sign.
|2561|2022-06-28|It was mostly successful but the animal pissed on the PAs leg. Not sure if it is a good sign.
|2573|2022-06-28|The animal jumped on the PA out of excitement. The PA tripped over but they seemed very happy.
|1859|2022-06-29|
|2072|2022-06-29|The animal almost froze out of boredom. The PA did not seem to mind it though.
|2168|2022-06-29|The animal jumped on the PA out of excitement. The PA tripped over but they seemed very happy.
|2411|2022-06-29|The PA was taken by an ambulance after the animal bit off a part of their calf.
|2450|2022-06-29|It was mostly successful but the animal pissed on the PAs leg. Not sure if it is a good sign.
|2493|2022-06-29|The animal was really shy but at the end they allowed to pet themselves.
|1929|2022-06-30|The animal was really shy but at the end they allowed to pet themselves.
|2521|2022-06-30|The animal jumped on the PA out of excitement. The PA tripped over but they seemed very happy.
|2736|2022-06-30|It was mostly successful but the animal pissed on the PAs leg. Not sure if it is a good sign.
|2141|2022-07-01|The animal almost froze out of boredom. The PA did not seem to mind it though.
|2505|2022-07-01|It was mostly successful but the animal pissed on the PAs leg. Not sure if it is a good sign.
|2587|2022-07-01|The PA was taken by an ambulance after the animal bit off a part of their calf.
|2171|2022-07-02|The animal was really shy but at the end they allowed to pet themselves.
|2181|2022-07-02|The animal was really shy but at the end they allowed to pet themselves.
|2219|2022-07-02|It was mostly successful but the animal pissed on the PAs leg. Not sure if it is a good sign.
|2404|2022-07-02|It was mostly successful but the animal pissed on the PAs leg. Not sure if it is a good sign.
|2411|2022-07-02|The animal jumped on the PA out of excitement. The PA tripped over but they seemed very happy.
|2438|2022-07-02|The animal almost froze out of boredom. The PA did not seem to mind it though.
|2470|2022-07-02|It was mostly successful but the animal pissed on the PAs leg. Not sure if it is a good sign.
|2551|2022-07-02|The animal was really shy but at the end they allowed to pet themselves.
|1137|2022-07-03|The animal almost froze out of boredom. The PA did not seem to mind it though.
|2036|2022-07-03|The animal was really shy but at the end they allowed to pet themselves.
|2089|2022-07-03|The animal jumped on the PA out of excitement. The PA tripped over but they seemed very happy.
|2212|2022-07-03|
|2577|2022-07-03|The animal almost froze out of boredom. The PA did not seem to mind it though.
|2618|2022-07-03|
|2762|2022-07-03|The animal was really shy but at the end they allowed to pet themselves.
|2778|2022-07-03|
|2497|2022-07-04|The animal was really shy but at the end they allowed to pet themselves.
|2692|2022-07-04|It was mostly successful but the animal pissed on the PAs leg. Not sure if it is a good sign.
|2032|2022-07-05|The PA was taken by an ambulance after the animal bit off a part of their calf.
|2329|2022-07-05|The PA was taken by an ambulance after the animal bit off a part of their calf.
|2448|2022-07-05|The animal was really shy but at the end they allowed to pet themselves.
|2641|2022-07-05|It was mostly successful but the animal pissed on the PAs leg. Not sure if it is a good sign.
|2794|2022-07-05|The PA was taken by an ambulance after the animal bit off a part of their calf.
|2854|2022-07-05|It was mostly successful but the animal pissed on the PAs leg. Not sure if it is a good sign.
|2714|2022-07-06|The animal jumped on the PA out of excitement. The PA tripped over but they seemed very happy.
|2750|2022-07-06|
|2176|2022-07-07|The animal jumped on the PA out of excitement. The PA tripped over but they seemed very happy.
|2324|2022-07-07|The animal was really shy but at the end they allowed to pet themselves.
|2755|2022-07-07|It was mostly successful but the animal pissed on the PAs leg. Not sure if it is a good sign.
|2798|2022-07-07|
|2857|2022-07-07|The animal almost froze out of boredom. The PA did not seem to mind it though.
|2953|2022-07-07|The animal jumped on the PA out of excitement. The PA tripped over but they seemed very happy.
|1579|2022-07-08|
|2176|2022-07-08|The animal jumped on the PA out of excitement. The PA tripped over but they seemed very happy.
|2188|2022-07-08|The animal was really shy but at the end they allowed to pet themselves.
|2658|2022-07-08|It was mostly successful but the animal pissed on the PAs leg. Not sure if it is a good sign.
|2723|2022-07-08|The PA was taken by an ambulance after the animal bit off a part of their calf.
|2857|2022-07-08|The animal almost froze out of boredom. The PA did not seem to mind it though.
|2937|2022-07-08|The animal almost froze out of boredom. The PA did not seem to mind it though.
|2723|2022-07-09|
|2734|2022-07-09|
|2796|2022-07-09|It was mostly successful but the animal pissed on the PAs leg. Not sure if it is a good sign.
|2809|2022-07-09|The animal jumped on the PA out of excitement. The PA tripped over but they seemed very happy.
|2828|2022-07-09|
|3001|2022-07-09|The PA was taken by an ambulance after the animal bit off a part of their calf.
|3023|2022-07-09|The PA was taken by an ambulance after the animal bit off a part of their calf.
|1860|2022-07-10|The animal almost froze out of boredom. The PA did not seem to mind it though.
|2043|2022-07-10|The animal was really shy but at the end they allowed to pet themselves.
|2260|2022-07-10|The animal was really shy but at the end they allowed to pet themselves.
|2647|2022-07-10|It was mostly successful but the animal pissed on the PAs leg. Not sure if it is a good sign.
|2798|2022-07-10|The PA was taken by an ambulance after the animal bit off a part of their calf.
|2816|2022-07-10|The PA was taken by an ambulance after the animal bit off a part of their calf.
|2837|2022-07-10|The PA was taken by an ambulance after the animal bit off a part of their calf.
|2849|2022-07-10|The animal jumped on the PA out of excitement. The PA tripped over but they seemed very happy.
|3041|2022-07-10|The animal almost froze out of boredom. The PA did not seem to mind it though.
|2168|2022-07-11|The animal was really shy but at the end they allowed to pet themselves.
|2620|2022-07-11|The animal was really shy but at the end they allowed to pet themselves.
|2639|2022-07-11|
|2690|2022-07-11|The PA was taken by an ambulance after the animal bit off a part of their calf.
|3100|2022-07-11|The animal jumped on the PA out of excitement. The PA tripped over but they seemed very happy.
|1870|2022-07-12|The animal jumped on the PA out of excitement. The PA tripped over but they seemed very happy.
|1989|2022-07-12|It was mostly successful but the animal pissed on the PAs leg. Not sure if it is a good sign.
|2559|2022-07-12|The animal jumped on the PA out of excitement. The PA tripped over but they seemed very happy.
|2807|2022-07-12|The animal almost froze out of boredom. The PA did not seem to mind it though.
|3116|2022-07-12|The animal was really shy but at the end they allowed to pet themselves.
|3148|2022-07-12|The animal jumped on the PA out of excitement. The PA tripped over but they seemed very happy.
|2324|2022-07-13|It was mostly successful but the animal pissed on the PAs leg. Not sure if it is a good sign.
|2466|2022-07-13|It was mostly successful but the animal pissed on the PAs leg. Not sure if it is a good sign.
|2635|2022-07-13|The animal almost froze out of boredom. The PA did not seem to mind it though.
|2772|2022-07-13|The animal jumped on the PA out of excitement. The PA tripped over but they seemed very happy.
|2795|2022-07-13|The PA was taken by an ambulance after the animal bit off a part of their calf.
|2809|2022-07-13|The PA was taken by an ambulance after the animal bit off a part of their calf.
|2964|2022-07-13|
|3057|2022-07-13|The animal was really shy but at the end they allowed to pet themselves.
|3147|2022-07-13|The animal almost froze out of boredom. The PA did not seem to mind it though.
|2773|2022-07-14|The animal jumped on the PA out of excitement. The PA tripped over but they seemed very happy.
|2809|2022-07-15|The animal almost froze out of boredom. The PA did not seem to mind it though.
|2926|2022-07-15|
|2966|2022-07-15|The animal was really shy but at the end they allowed to pet themselves.
|2974|2022-07-15|The PA was taken by an ambulance after the animal bit off a part of their calf.
|2981|2022-07-15|The animal was really shy but at the end they allowed to pet themselves.
|3124|2022-07-15|The PA was taken by an ambulance after the animal bit off a part of their calf.
|3170|2022-07-15|It was mostly successful but the animal pissed on the PAs leg. Not sure if it is a good sign.
|3212|2022-07-15|The animal was really shy but at the end they allowed to pet themselves.
|3279|2022-07-15|The animal almost froze out of boredom. The PA did not seem to mind it though.
|2615|2022-07-16|The animal was really shy but at the end they allowed to pet themselves.
|2683|2022-07-16|The animal was really shy but at the end they allowed to pet themselves.
|2777|2022-07-16|The animal was really shy but at the end they allowed to pet themselves.
|2864|2022-07-16|The animal was really shy but at the end they allowed to pet themselves.
|3141|2022-07-16|The animal jumped on the PA out of excitement. The PA tripped over but they seemed very happy.
|2171|2022-07-17|
|2394|2022-07-17|The animal jumped on the PA out of excitement. The PA tripped over but they seemed very happy.
|2528|2022-07-17|The animal almost froze out of boredom. The PA did not seem to mind it though.
|2613|2022-07-17|It was mostly successful but the animal pissed on the PAs leg. Not sure if it is a good sign.
|3107|2022-07-17|The animal was really shy but at the end they allowed to pet themselves.
|3133|2022-07-17|The PA was taken by an ambulance after the animal bit off a part of their calf.
|2528|2022-07-18|The animal almost froze out of boredom. The PA did not seem to mind it though.
|3022|2022-07-18|The animal almost froze out of boredom. The PA did not seem to mind it though.
|3083|2022-07-18|The PA was taken by an ambulance after the animal bit off a part of their calf.
|1948|2022-07-19|The animal was really shy but at the end they allowed to pet themselves.
|2196|2022-07-19|
|2640|2022-07-19|
|2706|2022-07-19|The animal jumped on the PA out of excitement. The PA tripped over but they seemed very happy.
|2938|2022-07-19|The animal almost froze out of boredom. The PA did not seem to mind it though.
|3027|2022-07-19|The animal almost froze out of boredom. The PA did not seem to mind it though.
|3079|2022-07-19|The animal jumped on the PA out of excitement. The PA tripped over but they seemed very happy.
|3151|2022-07-19|
|3207|2022-07-19|The animal almost froze out of boredom. The PA did not seem to mind it though.
|2011|2022-07-20|The animal almost froze out of boredom. The PA did not seem to mind it though.
|2651|2022-07-20|The animal almost froze out of boredom. The PA did not seem to mind it though.
|2679|2022-07-20|
|3308|2022-07-20|The animal almost froze out of boredom. The PA did not seem to mind it though.
|3388|2022-07-20|The animal jumped on the PA out of excitement. The PA tripped over but they seemed very happy.
|3455|2022-07-20|It was mostly successful but the animal pissed on the PAs leg. Not sure if it is a good sign.
|3142|2022-07-21|The animal was really shy but at the end they allowed to pet themselves.
|3261|2022-07-21|The animal jumped on the PA out of excitement. The PA tripped over but they seemed very happy.
|3384|2022-07-21|The animal jumped on the PA out of excitement. The PA tripped over but they seemed very happy.
|2449|2022-07-22|The animal was really shy but at the end they allowed to pet themselves.
|2521|2022-07-22|The animal was really shy but at the end they allowed to pet themselves.
|2617|2022-07-22|The animal was really shy but at the end they allowed to pet themselves.
|2937|2022-07-22|The PA was taken by an ambulance after the animal bit off a part of their calf.
|3040|2022-07-22|The animal jumped on the PA out of excitement. The PA tripped over but they seemed very happy.
|3143|2022-07-22|The animal jumped on the PA out of excitement. The PA tripped over but they seemed very happy.
|3192|2022-07-22|The animal was really shy but at the end they allowed to pet themselves.
|3451|2022-07-22|It was mostly successful but the animal pissed on the PAs leg. Not sure if it is a good sign.
|1671|2022-07-23|The animal almost froze out of boredom. The PA did not seem to mind it though.
|2558|2022-07-23|It was mostly successful but the animal pissed on the PAs leg. Not sure if it is a good sign.
|2635|2022-07-23|It was mostly successful but the animal pissed on the PAs leg. Not sure if it is a good sign.
|2925|2022-07-23|The PA was taken by an ambulance after the animal bit off a part of their calf.
|3403|2022-07-23|The animal jumped on the PA out of excitement. The PA tripped over but they seemed very happy.
|3410|2022-07-23|The PA was taken by an ambulance after the animal bit off a part of their calf.
|3435|2022-07-23|It was mostly successful but the animal pissed on the PAs leg. Not sure if it is a good sign.
|3516|2022-07-23|
|3527|2022-07-23|It was mostly successful but the animal pissed on the PAs leg. Not sure if it is a good sign.
|2118|2022-07-24|
|2319|2022-07-24|The animal jumped on the PA out of excitement. The PA tripped over but they seemed very happy.
|2925|2022-07-24|The animal was really shy but at the end they allowed to pet themselves.
|3095|2022-07-24|The animal was really shy but at the end they allowed to pet themselves.
|3192|2022-07-24|The animal almost froze out of boredom. The PA did not seem to mind it though.
|3344|2022-07-24|The animal almost froze out of boredom. The PA did not seem to mind it though.
|3408|2022-07-24|The animal was really shy but at the end they allowed to pet themselves.
|3515|2022-07-24|The PA was taken by an ambulance after the animal bit off a part of their calf.
|3610|2022-07-24|The animal almost froze out of boredom. The PA did not seem to mind it though.
|3638|2022-07-24|
|2925|2022-07-25|The animal jumped on the PA out of excitement. The PA tripped over but they seemed very happy.
|2964|2022-07-25|The animal almost froze out of boredom. The PA did not seem to mind it though.
|2981|2022-07-25|It was mostly successful but the animal pissed on the PAs leg. Not sure if it is a good sign.
|3045|2022-07-25|
|3090|2022-07-25|
|3252|2022-07-25|The PA was taken by an ambulance after the animal bit off a part of their calf.
|3282|2022-07-25|The animal was really shy but at the end they allowed to pet themselves.
|3416|2022-07-25|
|3550|2022-07-25|It was mostly successful but the animal pissed on the PAs leg. Not sure if it is a good sign.
|3641|2022-07-25|The animal was really shy but at the end they allowed to pet themselves.
|3676|2022-07-25|It was mostly successful but the animal pissed on the PAs leg. Not sure if it is a good sign.
|3677|2022-07-25|The animal was really shy but at the end they allowed to pet themselves.
|2833|2022-07-26|The animal jumped on the PA out of excitement. The PA tripped over but they seemed very happy.
|3009|2022-07-26|It was mostly successful but the animal pissed on the PAs leg. Not sure if it is a good sign.
|3165|2022-07-26|The animal almost froze out of boredom. The PA did not seem to mind it though.
|3272|2022-07-26|It was mostly successful but the animal pissed on the PAs leg. Not sure if it is a good sign.
|3302|2022-07-26|The animal jumped on the PA out of excitement. The PA tripped over but they seemed very happy.
|3546|2022-07-26|The animal jumped on the PA out of excitement. The PA tripped over but they seemed very happy.
|3724|2022-07-26|The PA was taken by an ambulance after the animal bit off a part of their calf.
|3203|2022-07-27|The animal almost froze out of boredom. The PA did not seem to mind it though.
|3268|2022-07-27|
|3597|2022-07-27|The animal was really shy but at the end they allowed to pet themselves.
|3766|2022-07-27|It was mostly successful but the animal pissed on the PAs leg. Not sure if it is a good sign.
|2150|2022-07-28|The animal was really shy but at the end they allowed to pet themselves.
|3241|2022-07-28|
|3371|2022-07-28|The animal almost froze out of boredom. The PA did not seem to mind it though.
|3417|2022-07-28|The animal jumped on the PA out of excitement. The PA tripped over but they seemed very happy.
|3614|2022-07-28|The animal jumped on the PA out of excitement. The PA tripped over but they seemed very happy.
|3714|2022-07-28|The animal almost froze out of boredom. The PA did not seem to mind it though.
|3745|2022-07-28|The animal was really shy but at the end they allowed to pet themselves.
|3779|2022-07-28|
|1943|2022-07-29|It was mostly successful but the animal pissed on the PAs leg. Not sure if it is a good sign.
|2118|2022-07-29|The animal was really shy but at the end they allowed to pet themselves.
|2289|2022-07-29|The animal almost froze out of boredom. The PA did not seem to mind it though.
|2711|2022-07-29|
|2744|2022-07-29|The animal almost froze out of boredom. The PA did not seem to mind it though.
|2827|2022-07-29|The animal was really shy but at the end they allowed to pet themselves.
|2830|2022-07-29|
|3072|2022-07-29|The animal almost froze out of boredom. The PA did not seem to mind it though.
|3210|2022-07-29|It was mostly successful but the animal pissed on the PAs leg. Not sure if it is a good sign.
|3380|2022-07-29|The animal jumped on the PA out of excitement. The PA tripped over but they seemed very happy.
|3714|2022-07-29|The PA was taken by an ambulance after the animal bit off a part of their calf.
|3729|2022-07-29|The animal was really shy but at the end they allowed to pet themselves.
|3764|2022-07-29|It was mostly successful but the animal pissed on the PAs leg. Not sure if it is a good sign.
|1969|2022-07-30|The animal jumped on the PA out of excitement. The PA tripped over but they seemed very happy.
|2528|2022-07-30|The animal jumped on the PA out of excitement. The PA tripped over but they seemed very happy.
|3474|2022-07-30|The animal was really shy but at the end they allowed to pet themselves.
|3626|2022-07-30|The animal jumped on the PA out of excitement. The PA tripped over but they seemed very happy.
|3650|2022-07-30|The animal was really shy but at the end they allowed to pet themselves.
|3765|2022-07-30|The animal was really shy but at the end they allowed to pet themselves.
|3802|2022-07-30|
|3847|2022-07-30|The PA was taken by an ambulance after the animal bit off a part of their calf.
|2744|2022-07-31|It was mostly successful but the animal pissed on the PAs leg. Not sure if it is a good sign.
|3244|2022-07-31|The animal almost froze out of boredom. The PA did not seem to mind it though.
|3321|2022-07-31|The PA was taken by an ambulance after the animal bit off a part of their calf.
|3393|2022-07-31|The animal jumped on the PA out of excitement. The PA tripped over but they seemed very happy.
|3402|2022-07-31|It was mostly successful but the animal pissed on the PAs leg. Not sure if it is a good sign.
|3512|2022-07-31|
|2919|2022-08-01|The animal jumped on the PA out of excitement. The PA tripped over but they seemed very happy.
|3090|2022-08-01|The animal was really shy but at the end they allowed to pet themselves.
|3417|2022-08-01|
|3539|2022-08-01|The animal almost froze out of boredom. The PA did not seem to mind it though.
|3753|2022-08-01|The animal almost froze out of boredom. The PA did not seem to mind it though.
|3778|2022-08-01|The animal almost froze out of boredom. The PA did not seem to mind it though.
|2831|2022-08-02|The animal jumped on the PA out of excitement. The PA tripped over but they seemed very happy.
|3155|2022-08-02|The PA was taken by an ambulance after the animal bit off a part of their calf.
|3527|2022-08-02|The animal was really shy but at the end they allowed to pet themselves.
|3718|2022-08-02|The animal jumped on the PA out of excitement. The PA tripped over but they seemed very happy.
|3825|2022-08-02|The animal was really shy but at the end they allowed to pet themselves.
|3381|2022-08-03|The PA was taken by an ambulance after the animal bit off a part of their calf.
|3525|2022-08-03|The PA was taken by an ambulance after the animal bit off a part of their calf.
|3742|2022-08-03|The PA was taken by an ambulance after the animal bit off a part of their calf.
|3868|2022-08-03|
|4041|2022-08-03|The animal was really shy but at the end they allowed to pet themselves.
|2673|2022-08-04|The animal jumped on the PA out of excitement. The PA tripped over but they seemed very happy.
|3368|2022-08-04|The PA was taken by an ambulance after the animal bit off a part of their calf.
|3480|2022-08-04|The animal almost froze out of boredom. The PA did not seem to mind it though.
|3545|2022-08-04|The animal almost froze out of boredom. The PA did not seem to mind it though.
|3656|2022-08-04|The animal almost froze out of boredom. The PA did not seem to mind it though.
|4002|2022-08-04|
|2986|2022-08-05|The animal was really shy but at the end they allowed to pet themselves.
|3178|2022-08-05|
|3504|2022-08-05|
|3881|2022-08-05|
|4137|2022-08-05|
|3401|2022-08-06|The animal almost froze out of boredom. The PA did not seem to mind it though.
|3797|2022-08-06|The animal was really shy but at the end they allowed to pet themselves.
|3801|2022-08-06|The animal jumped on the PA out of excitement. The PA tripped over but they seemed very happy.
|4080|2022-08-06|
|4121|2022-08-06|It was mostly successful but the animal pissed on the PAs leg. Not sure if it is a good sign.
|2903|2022-08-07|The animal was really shy but at the end they allowed to pet themselves.
|2935|2022-08-07|It was mostly successful but the animal pissed on the PAs leg. Not sure if it is a good sign.
|3258|2022-08-07|The animal almost froze out of boredom. The PA did not seem to mind it though.
|3478|2022-08-07|The animal was really shy but at the end they allowed to pet themselves.
|3903|2022-08-07|The animal was really shy but at the end they allowed to pet themselves.
|4102|2022-08-07|The animal was really shy but at the end they allowed to pet themselves.
|1969|2022-08-08|The animal almost froze out of boredom. The PA did not seem to mind it though.
|2917|2022-08-08|The animal almost froze out of boredom. The PA did not seem to mind it though.
|3184|2022-08-08|The animal was really shy but at the end they allowed to pet themselves.
|3431|2022-08-08|The animal jumped on the PA out of excitement. The PA tripped over but they seemed very happy.
|3497|2022-08-08|The animal almost froze out of boredom. The PA did not seem to mind it though.
|3634|2022-08-08|The animal jumped on the PA out of excitement. The PA tripped over but they seemed very happy.
|3725|2022-08-08|The animal jumped on the PA out of excitement. The PA tripped over but they seemed very happy.
|3808|2022-08-08|It was mostly successful but the animal pissed on the PAs leg. Not sure if it is a good sign.
|4161|2022-08-08|The animal almost froze out of boredom. The PA did not seem to mind it though.
|3317|2022-08-09|The animal almost froze out of boredom. The PA did not seem to mind it though.
|3753|2022-08-09|The animal almost froze out of boredom. The PA did not seem to mind it though.
|3840|2022-08-09|
|3845|2022-08-09|It was mostly successful but the animal pissed on the PAs leg. Not sure if it is a good sign.
|3875|2022-08-09|The animal was really shy but at the end they allowed to pet themselves.
|4027|2022-08-09|The PA was taken by an ambulance after the animal bit off a part of their calf.
|4109|2022-08-09|The animal almost froze out of boredom. The PA did not seem to mind it though.
|4322|2022-08-09|The PA was taken by an ambulance after the animal bit off a part of their calf.
|3035|2022-08-10|The PA was taken by an ambulance after the animal bit off a part of their calf.
|3317|2022-08-10|The animal jumped on the PA out of excitement. The PA tripped over but they seemed very happy.
|3683|2022-08-10|
|3789|2022-08-10|The animal was really shy but at the end they allowed to pet themselves.
|3928|2022-08-10|The animal jumped on the PA out of excitement. The PA tripped over but they seemed very happy.
|3967|2022-08-10|It was mostly successful but the animal pissed on the PAs leg. Not sure if it is a good sign.
|3172|2022-08-11|
|3683|2022-08-11|The PA was taken by an ambulance after the animal bit off a part of their calf.
|3768|2022-08-11|The animal jumped on the PA out of excitement. The PA tripped over but they seemed very happy.
|3813|2022-08-11|It was mostly successful but the animal pissed on the PAs leg. Not sure if it is a good sign.
|3900|2022-08-11|The animal almost froze out of boredom. The PA did not seem to mind it though.
|3954|2022-08-11|
|4072|2022-08-11|The animal was really shy but at the end they allowed to pet themselves.
|4211|2022-08-11|The PA was taken by an ambulance after the animal bit off a part of their calf.
|4406|2022-08-11|The animal almost froze out of boredom. The PA did not seem to mind it though.
|2188|2022-08-12|The animal was really shy but at the end they allowed to pet themselves.
|3735|2022-08-12|It was mostly successful but the animal pissed on the PAs leg. Not sure if it is a good sign.
|3838|2022-08-12|The animal almost froze out of boredom. The PA did not seem to mind it though.
|4075|2022-08-12|The animal jumped on the PA out of excitement. The PA tripped over but they seemed very happy.
|4088|2022-08-12|The animal almost froze out of boredom. The PA did not seem to mind it though.
|4118|2022-08-12|The PA was taken by an ambulance after the animal bit off a part of their calf.
|4247|2022-08-12|
|4263|2022-08-12|The animal almost froze out of boredom. The PA did not seem to mind it though.
|2693|2022-08-13|The PA was taken by an ambulance after the animal bit off a part of their calf.
|2744|2022-08-13|It was mostly successful but the animal pissed on the PAs leg. Not sure if it is a good sign.
|3645|2022-08-13|
|3762|2022-08-13|The animal was really shy but at the end they allowed to pet themselves.
|3142|2022-08-14|The animal jumped on the PA out of excitement. The PA tripped over but they seemed very happy.
|3933|2022-08-14|It was mostly successful but the animal pissed on the PAs leg. Not sure if it is a good sign.
|4217|2022-08-14|The animal jumped on the PA out of excitement. The PA tripped over but they seemed very happy.
|4321|2022-08-14|The PA was taken by an ambulance after the animal bit off a part of their calf.
|4516|2022-08-14|The animal was really shy but at the end they allowed to pet themselves.
|2839|2022-08-15|The animal almost froze out of boredom. The PA did not seem to mind it though.
|3702|2022-08-15|The animal almost froze out of boredom. The PA did not seem to mind it though.
|4012|2022-08-15|It was mostly successful but the animal pissed on the PAs leg. Not sure if it is a good sign.
|4024|2022-08-15|The animal jumped on the PA out of excitement. The PA tripped over but they seemed very happy.
|4244|2022-08-15|The PA was taken by an ambulance after the animal bit off a part of their calf.
|4381|2022-08-15|It was mostly successful but the animal pissed on the PAs leg. Not sure if it is a good sign.
|4479|2022-08-15|The animal almost froze out of boredom. The PA did not seem to mind it though.
|4495|2022-08-15|The animal jumped on the PA out of excitement. The PA tripped over but they seemed very happy.
|2807|2022-08-16|The animal almost froze out of boredom. The PA did not seem to mind it though.
|3281|2022-08-16|It was mostly successful but the animal pissed on the PAs leg. Not sure if it is a good sign.
|3828|2022-08-16|The animal jumped on the PA out of excitement. The PA tripped over but they seemed very happy.
|3948|2022-08-16|The animal jumped on the PA out of excitement. The PA tripped over but they seemed very happy.
|4047|2022-08-16|The animal jumped on the PA out of excitement. The PA tripped over but they seemed very happy.
|4349|2022-08-16|
|4392|2022-08-16|The animal almost froze out of boredom. The PA did not seem to mind it though.
|4479|2022-08-16|The animal almost froze out of boredom. The PA did not seem to mind it though.
|2871|2022-08-17|It was mostly successful but the animal pissed on the PAs leg. Not sure if it is a good sign.
|3417|2022-08-17|It was mostly successful but the animal pissed on the PAs leg. Not sure if it is a good sign.
|3763|2022-08-17|The PA was taken by an ambulance after the animal bit off a part of their calf.
|3857|2022-08-17|The animal was really shy but at the end they allowed to pet themselves.
|3883|2022-08-17|
|4271|2022-08-17|The PA was taken by an ambulance after the animal bit off a part of their calf.
|4273|2022-08-17|It was mostly successful but the animal pissed on the PAs leg. Not sure if it is a good sign.
|4291|2022-08-17|It was mostly successful but the animal pissed on the PAs leg. Not sure if it is a good sign.
|3271|2022-08-18|The animal was really shy but at the end they allowed to pet themselves.
|3398|2022-08-18|The PA was taken by an ambulance after the animal bit off a part of their calf.
|3698|2022-08-18|The PA was taken by an ambulance after the animal bit off a part of their calf.
|3954|2022-08-18|The animal was really shy but at the end they allowed to pet themselves.
|4054|2022-08-18|The animal was really shy but at the end they allowed to pet themselves.
|4337|2022-08-18|The animal was really shy but at the end they allowed to pet themselves.
|4393|2022-08-18|The animal jumped on the PA out of excitement. The PA tripped over but they seemed very happy.
|4416|2022-08-18|
|4451|2022-08-18|The PA was taken by an ambulance after the animal bit off a part of their calf.
|3824|2022-08-19|The animal almost froze out of boredom. The PA did not seem to mind it though.
|3892|2022-08-19|The animal jumped on the PA out of excitement. The PA tripped over but they seemed very happy.
|4655|2022-08-19|It was mostly successful but the animal pissed on the PAs leg. Not sure if it is a good sign.
|4673|2022-08-19|The animal almost froze out of boredom. The PA did not seem to mind it though.
|4718|2022-08-19|The animal was really shy but at the end they allowed to pet themselves.
|4750|2022-08-19|
|1252|2022-08-20|The animal was really shy but at the end they allowed to pet themselves.
|3258|2022-08-20|The animal jumped on the PA out of excitement. The PA tripped over but they seemed very happy.
|3857|2022-08-20|The animal jumped on the PA out of excitement. The PA tripped over but they seemed very happy.
|3891|2022-08-20|It was mostly successful but the animal pissed on the PAs leg. Not sure if it is a good sign.
|4062|2022-08-20|The PA was taken by an ambulance after the animal bit off a part of their calf.
|4252|2022-08-20|The animal almost froze out of boredom. The PA did not seem to mind it though.
|4506|2022-08-20|The animal jumped on the PA out of excitement. The PA tripped over but they seemed very happy.
|4670|2022-08-20|
