1|60850510197|Maynord|Kirk
2|03860685880|Hali|Chung
3|03850305264|Kristy|McFarland
6|52810638586|Harmonia|Kinney
7|99800401348|Jemmy|Austin
8|85820546945|Darla|Peterson
9|45860061749|Lucia|Chang
10|66820335696|Nealon|Owens
11|48910316172|Rupert|Hamrick
12|61880566297|Shannon|Bowman
13|03900440813|Skye|Stone
14|58880532359|Clair|Xu
15|45890062950|Gallard|Conrad
16|64800688404|Elka|Goldstein
17|90900141057|Jason|MacDonald
18|44900272826|Melinde|Wilkins
19|84850270341|Marilin|Marshall
22|63800656604|Hedy|Terry
23|81820571284|Revkah|Townsend
24|73830201538|Siegfried|Phillips
25|65840141032|Lothario|Ellington
26|00900071636|Anselm|Joyner
27|57800067980|Valeria|Anthony
29|88850494437|Caesar|Thomas
30|78840173738|Archer|Knowles
31|57900471197|Oberon|Allred
32|54800186976|Sebastiano|Gold
34|78900292391|Perkin|Singleton
35|99800504595|Cobbie|Reilly
36|80820320500|Carlota|Bowers
37|64890337431|Zachary|Rice
38|59870186150|Temp|Elmore
39|69870646552|Antonin|Ross
40|46860511074|Guthrie|Hogan
42|64810133668|Olivia|Kemp
44|50800492365|Janet|Byers
45|55910595555|Dwight|Erickson
47|67890048033|Skell|Henson
50|98890126968|Davida|Galloway
52|89880029949|Felita|Michael
55|97810616248|Helenka|McKenna
56|63890312022|Arluene|Kemp
57|00870662108|Geraldine|Cooper
61|85800354865|Karia|Sweeney
63|92800660708|Hatti|OBrien
64|90870383635|Swen|Massey
65|70850268633|Morgen|Wade
66|61860059799|Jesse|Michael
67|03810365244|Merl|Hendricks
68|92830514745|Minni|Booth
70|56880239692|Osmond|Kern
71|72910088478|Reinald|Norris
72|74850574114|Bennie|Welch
73|74890482783|Farand|Li
74|51890379424|Darcy|Mullins
75|61810242370|Torrance|Huff
76|02840668462|Claire|Silver
78|52850354073|Francklin|Harper
79|86890435450|Fabien|Shields
80|45840385623|Georgeta|King
81|44890064593|Merill|McAllister
82|99910055503|Charlot|Harrison
83|45850074858|Conrad|Sawyer
84|67830538082|Freddy|Lindsay
85|99840095426|Mavra|Langston
87|79800601166|Mag|Carter
88|97870666003|Camilla|Bush
90|88910054092|Patrice|Grossman
92|50860630091|Kareem|Brantley
93|76870226327|Emmi|Goldman
96|91850599044|Jacki|Thomson
97|97900397200|Isadora|Rubin
100|51840500106|Austina|Ryan
101|96830679141|Shane|ONeal
104|46800676706|Steffie|Maynard
106|03820275784|Abagael|Hanson
107|89840624337|Lancelot|Carey
108|69860607701|Maris|Garrett
109|67820635106|Monika|Todd
110|53830587652|Byron|Richmond
111|63910340554|Bartholomeus|Carver
112|00840135258|Baxter|Finch
113|57800056593|Hersch|Song
114|75850177138|Jamey|Harris
116|44830481602|Rosalia|Shah
119|65830455367|Silvie|Galloway
122|92890337988|Edna|Grant
124|48900532672|Vladamir|Crawford
127|46870444993|Augustine|Lamb
130|95800284239|Fran|Crane
134|91840253477|Dill|Price
135|52910321483|Libbie|Kramer
136|44900602353|Russ|Stein
137|55830548516|Barty|Harper
140|47830663438|Jdavie|Melton
141|90910058978|Harbert|Freeman
142|82900253685|Glori|Griffin
145|02830247804|Ramona|Meadows
146|99910529633|Chic|Cochran
147|87800608698|Berkie|Wang
148|73870042795|Jocko|Burns
149|69800094587|Laetitia|Mitchell
151|47820474383|Sher|Sutherland
156|84810266049|Harriett|Dickinson
157|67830067281|Lexie|Lancaster
158|03900331304|Teddi|Spence
159|61870474092|Chrisy|Hensley
160|01800329191|Dom|Moss
161|76880090253|Dicky|Marcus
163|49840699210|Nicky|Wiley
165|66900236356|Wiley|Gorman
167|58830129710|Clemmie|Roth
170|99900032125|Ailina|Kemp
171|91880447407|Chelsae|Newell
175|86880331553|Lucian|Livingston
178|59890059698|Matthias|Hawley
183|74800361252|Manuel|Block
188|04820574370|Godwin|Collins
191|72880203714|Kennan|Lanier
196|74830648967|Cherri|Carson
198|62880636322|Becca|Singh
206|91820622976|Verne|Boone
209|95800660013|Dugald|Vaughn
210|78830318956|Benton|Douglas
211|03810559382|Corrinne|Kerr
214|43900506021|Latia|Buck
216|46830544903|Austine|Roberson
217|84830369294|Shannon|Byrd
218|52910318955|Reuben|Warner
219|93840200093|Devland|Tyson
220|98860618420|Fernande|Shea
221|02880221175|Daven|Hensley
222|93860081797|Adler|Best
223|76890157058|Christos|Hess
226|68910003357|Dwain|Allen
227|53840580355|Shaw|Dyer
228|83850475916|Alastair|Merrill
229|69910567005|Loralee|Blanton
231|43860113882|Aeriell|Odom
234|86800503479|Maje|Marsh
235|73860023733|Padraic|Rubin
242|44860604101|Zaneta|Diaz
246|66870512191|Forrest|Huffman
253|99900589232|Tybalt|Phillips
255|71800681735|Seward|Short
256|44890272341|Edithe|Walters
257|59890395585|Leisha|Kang
260|77820276711|Angel|Dolan
261|96900664527|Myranda|Kay
262|95850543786|Latia|Beatty
263|80870485185|Rayshell|Matthews
264|51830591750|Thomas|Bowling
265|52910022584|Claude|Jernigan
269|45820276028|Timi|Higgins
274|66810509773|Nikita|Dawson
280|43880092770|Barrie|Blalock
281|65870061883|Celinka|Mayo
282|73860177564|Liv|Cooke
283|74860377387|Brynna|Parrish
287|75880053259|Felice|Morrow
289|97890514106|Viviana|Lawrence
290|58800067244|Glennis|Walter
293|94840006759|Rufus|Denton
295|59850403565|Clari|Carey
298|64810207073|Glynn|Conrad
303|03890361875|Nikola|Bryant
304|77900458837|Burl|Gould
307|86810182385|Denyse|York
309|60890413650|Leopold|Knox
311|99850235591|Dukie|Roberson
312|71810524459|Dilan|Vick
314|03890388393|Taite|Hayes
318|79880246723|Min|Hardin
320|48810512348|Ardine|Ray
322|61820408599|Jeremie|Craig
323|52880268445|Gavra|Riggs
324|52890328465|Michaeline|Woodard
326|46880333137|Rick|Peele
328|54830697857|Sim|Wolfe
329|72900098216|Tris|Garcia
331|75800117320|Nicki|Patterson
333|90810557052|Phillipp|Marks
337|86840408581|Betteann|Greenberg
340|73870367865|Felita|Johnson
341|94820335130|Richmound|Houston
345|68910044152|Raimondo|Goldman
352|02890639494|Ephrem|Lloyd
354|78890584904|Nonna|Oakley
356|66880125248|Doralynn|Sharma
357|92800648634|Lucio|Curtis
358|74910691522|Marget|Bullard
359|76800465488|Viole|Dean
365|75850347292|Leupold|Durham
367|73800513421|Mina|Sharpe
369|00860680596|Meier|Hurst
373|42850339712|Jamey|Hess
375|54890498681|Verene|Hinson
382|70810663634|Emilio|Hinton
383|92830522395|Tabor|Wyatt
384|48820696036|Richardo|Stark
386|48900506710|Amos|Cowan
389|56890217888|Beulah|Cheek
397|85830635316|Lukas|Sweeney
398|59890607970|Shelley|Schultz
402|99820286862|Becki|Vick
404|68840434489|Crystie|Frederick
406|98890325718|Padraig|Zhang
410|46870566464|Harrietta|Stephens
412|04820181626|Coreen|Kay
413|64840312059|Benyamin|Monroe
415|01840509809|Devonna|Gray
416|57890297425|Ramonda|Meyer
417|83900601313|Emlen|Sullivan
419|75820377805|Eulalie|Williams
424|65880564549|Elysha|Vincent
425|63880650774|Augustine|Levy
427|77870248612|Jared|Bradford
429|93880419774|Anson|Todd
430|98850506898|Sergent|Bond
432|57800408006|Wendi|Dalton
436|76900364991|Giacobo|Knight
437|52800138827|Dottie|Hood
442|46810167470|Homere|Weber
443|71850007828|Nelia|Flowers
446|44820092926|Gabbie|Hancock
447|67840381074|Janos|Middleton
450|98820108129|Ketti|Kidd
451|86870306183|Elsbeth|Weiss
454|91820609177|Antonin|Hayes
456|48870128644|Afton|Kaufman
460|86900057791|Barnabas|Peacock
463|77870656147|Devora|Carter
464|76800699742|Abbye|Arnold
466|86910451990|Elnar|Frye
468|73850690473|Salmon|Watts
469|77870143454|Bertram|Burnette
470|83810549817|Ryon|Guthrie
473|70880232228|Ruth|Perkins
474|94890547899|Blayne|Robbins
481|73890353567|Rhonda|Spears
482|96890600057|Taddeo|Brooks
484|51900673324|Jacklyn|Barber
489|74800642982|Beverlie|Rivera
491|52800658767|Lela|Woodruff
493|47870388955|Isidor|Dawson
495|52870509152|Barnaby|Barrett
503|60900373235|Evered|Wilkerson
504|66890407787|Dorothee|Marcus
506|73820025272|Xymenes|Wilkerson
507|75870572683|Brittani|Kramer
512|80820030654|Damien|Alexander
516|67900162814|Deane|Conway
518|77830208009|Jordan|Braun
519|51820625315|Andras|Hayes
523|03800045372|Trevor|Oh
524|02900554874|Gar|Dixon
526|85810576224|Gabey|Walsh
527|80900501193|Tyler|Robertson
533|78900130457|Cordy|Hinton
534|51880018151|Aldous|Baird
535|79810155220|Gerti|Adams
536|00850075207|Dominique|Wall
537|94850524977|Warner|Gates
538|83810031826|Alejandrina|Harmon
540|43900566212|Jamie|Guthrie
552|54880520668|Livia|Benton
555|74810186515|Brendis|Little
559|95880397049|Dixie|English
563|01830690818|Michal|Jiang
568|48850441415|Chaim|Horne
572|88880033242|Clemmie|Woodard
573|63910324774|Denney|McDowell
574|44820300719|Hilario|Currie
581|60900450312|Walker|Chandler
587|85800514586|Katti|Becker
588|58850640761|Karlotte|Sweeney
593|79880088648|Jessica|Conrad
597|53850079151|Pasquale|Sanders
602|84870253919|Benjamen|Harris
606|54870431675|Clemens|Little
611|47850529934|Guntar|Snow
621|56800340152|Kimball|Baxter
622|86810090958|Konstantine|Cooper
623|79900026470|Ruggiero|Lester
629|95860604297|Maynard|Bruce
630|88810363962|Phyllys|Moser
632|49810402019|Fabio|Rich
638|73830061723|Dot|Adams
643|50870682237|Stacy|Todd
646|99890547298|Derick|Wolf
651|59900490778|Cyrille|Fitzpatrick
654|82830402010|Sholom|Bowers
658|03840278082|Milicent|Lim
659|49860628382|Clare|McKee
669|78830578879|Johny|Klein
676|97900645613|Westleigh|Mack
677|70850370341|Matti|Olson
681|81830697082|Abagael|Sloan
683|83840124451|James|Bolton
684|00850460597|Vaclav|Williford
685|50890575144|Willie|Huffman
686|61910273351|Yardley|Hodges
693|68880414289|Luz|McGuire
695|86850253047|Amalea|Brandt
696|56810385372|Elwin|Kirkland
699|59870692114|Bald|Sparks
700|65810581543|Marian|Zimmerman
701|50870238117|Clint|Weeks
707|84800061964|Dredi|Rowland
711|98870634010|Creigh|Levin
713|48850133619|Winifield|Collins
716|86900480313|Lew|Owen
722|47800553011|Tomas|Waller
726|53890093740|Fredelia|Block
727|97860418838|Iain|Tan
732|50810428763|Kali|Coleman
733|43830045386|Sheilah|Melton
734|65880273405|Catharine|Abrams
741|82870301678|King|Atkinson
744|96900318864|Faustine|Middleton
745|67830592178|Roman|Hubbard
758|68820591245|Cherish|Neal
760|46800132475|Hillel|Owen
761|73870444359|Westley|Boyer
764|56910654088|Flory|Cooper
766|83840501117|Mycah|Kerr
768|79900026861|Philipa|Lim
776|62820474801|Audrey|George
783|02890605471|Chandler|Fisher
784|61800236442|Mary|Freeman
789|88860696515|Barty|Nelson
790|92850207571|Bartram|Bradford
791|92850355340|Barbi|Randall
794|02830035164|Dulcea|Garrett
800|46830443608|Prissie|Baxter
801|86820695729|Sissie|Watkins
809|78910206885|Bettye|Denton
812|49840654451|Delmar|McKee
813|95870053672|Shelton|Livingston
815|97840346771|Lonny|Roberts
819|61860684995|Sarge|Cook
830|89840432499|Rodolfo|Willard
837|50900618324|Lura|Honeycutt
843|75850039412|Alvy|Vaughan
844|88890456648|Charis|Bunn
850|53910230276|Temp|Bowers
851|91910178314|Robert|Wyatt
852|77850022564|Freddi|Willis
860|86910217961|Eadith|Melton
861|00820481186|Betteann|Livingston
868|87870496951|Cletus|Baker
869|79890315842|Annetta|Pearson
870|92910319668|Gabbie|Parrish
871|78800326600|Pia|Hardison
878|74830555456|Ole|Kerr
