|41|2022-02-20|It was mostly successful but the animal pissed on the PAs leg. Not sure if it is a good sign.
|44|2022-02-21|
|48|2022-02-24|The PA was taken by an ambulance after the animal bit off a part of their calf.
|52|2022-02-26|The animal was really shy but at the end they allowed to pet themselves.
|6|2022-03-01|It was mostly successful but the animal pissed on the PAs leg. Not sure if it is a good sign.
|32|2022-03-01|It was mostly successful but the animal pissed on the PAs leg. Not sure if it is a good sign.
|94|2022-03-03|The animal almost froze out of boredom. The PA did not seem to mind it though.
|61|2022-03-04|The animal was really shy but at the end they allowed to pet themselves.
|96|2022-03-04|The animal jumped on the PA out of excitement. The PA tripped over but they seemed very happy.
|67|2022-03-06|The PA was taken by an ambulance after the animal bit off a part of their calf.
|107|2022-03-06|The PA was taken by an ambulance after the animal bit off a part of their calf.
|113|2022-03-09|The animal almost froze out of boredom. The PA did not seem to mind it though.
|42|2022-03-10|The animal almost froze out of boredom. The PA did not seem to mind it though.
|143|2022-03-10|The PA was taken by an ambulance after the animal bit off a part of their calf.
|161|2022-03-11|It was mostly successful but the animal pissed on the PAs leg. Not sure if it is a good sign.
|41|2022-03-13|The PA was taken by an ambulance after the animal bit off a part of their calf.
|98|2022-03-13|
|75|2022-03-14|The animal jumped on the PA out of excitement. The PA tripped over but they seemed very happy.
|93|2022-03-14|The animal almost froze out of boredom. The PA did not seem to mind it though.
|69|2022-03-15|The animal jumped on the PA out of excitement. The PA tripped over but they seemed very happy.
|75|2022-03-15|The PA was taken by an ambulance after the animal bit off a part of their calf.
|123|2022-03-17|The PA was taken by an ambulance after the animal bit off a part of their calf.
|130|2022-03-19|It was mostly successful but the animal pissed on the PAs leg. Not sure if it is a good sign.
|234|2022-03-19|The animal was really shy but at the end they allowed to pet themselves.
|75|2022-03-20|The PA was taken by an ambulance after the animal bit off a part of their calf.
|257|2022-03-21|The animal almost froze out of boredom. The PA did not seem to mind it though.
|260|2022-03-21|
|60|2022-03-22|The animal was really shy but at the end they allowed to pet themselves.
|260|2022-03-22|The animal jumped on the PA out of excitement. The PA tripped over but they seemed very happy.
|189|2022-03-23|The PA was taken by an ambulance after the animal bit off a part of their calf.
|238|2022-03-23|The animal almost froze out of boredom. The PA did not seem to mind it though.
|68|2022-03-25|The animal jumped on the PA out of excitement. The PA tripped over but they seemed very happy.
|98|2022-03-25|It was mostly successful but the animal pissed on the PAs leg. Not sure if it is a good sign.
|114|2022-03-25|The animal almost froze out of boredom. The PA did not seem to mind it though.
|94|2022-03-26|It was mostly successful but the animal pissed on the PAs leg. Not sure if it is a good sign.
|202|2022-03-27|
|255|2022-03-27|The animal jumped on the PA out of excitement. The PA tripped over but they seemed very happy.
|279|2022-03-27|The PA was taken by an ambulance after the animal bit off a part of their calf.
|135|2022-03-28|The animal almost froze out of boredom. The PA did not seem to mind it though.
|160|2022-03-28|The animal jumped on the PA out of excitement. The PA tripped over but they seemed very happy.
|345|2022-03-29|The animal almost froze out of boredom. The PA did not seem to mind it though.
|235|2022-03-30|It was mostly successful but the animal pissed on the PAs leg. Not sure if it is a good sign.
|377|2022-03-30|It was mostly successful but the animal pissed on the PAs leg. Not sure if it is a good sign.
|415|2022-03-30|
|262|2022-04-01|The animal was really shy but at the end they allowed to pet themselves.
|419|2022-04-01|
|180|2022-04-03|The animal was really shy but at the end they allowed to pet themselves.
|251|2022-04-03|The animal almost froze out of boredom. The PA did not seem to mind it though.
|401|2022-04-03|It was mostly successful but the animal pissed on the PAs leg. Not sure if it is a good sign.
|208|2022-04-05|The animal jumped on the PA out of excitement. The PA tripped over but they seemed very happy.
|340|2022-04-05|
|424|2022-04-05|The animal jumped on the PA out of excitement. The PA tripped over but they seemed very happy.
|271|2022-04-06|The animal was really shy but at the end they allowed to pet themselves.
|348|2022-04-06|
|448|2022-04-08|It was mostly successful but the animal pissed on the PAs leg. Not sure if it is a good sign.
|536|2022-04-08|The PA was taken by an ambulance after the animal bit off a part of their calf.
|163|2022-04-09|The animal jumped on the PA out of excitement. The PA tripped over but they seemed very happy.
|554|2022-04-09|The animal jumped on the PA out of excitement. The PA tripped over but they seemed very happy.
|361|2022-04-10|The animal jumped on the PA out of excitement. The PA tripped over but they seemed very happy.
|563|2022-04-10|The PA was taken by an ambulance after the animal bit off a part of their calf.
|241|2022-04-11|The PA was taken by an ambulance after the animal bit off a part of their calf.
|424|2022-04-11|The animal almost froze out of boredom. The PA did not seem to mind it though.
|562|2022-04-11|The PA was taken by an ambulance after the animal bit off a part of their calf.
|626|2022-04-11|It was mostly successful but the animal pissed on the PAs leg. Not sure if it is a good sign.
|573|2022-04-12|The animal jumped on the PA out of excitement. The PA tripped over but they seemed very happy.
|642|2022-04-12|The animal jumped on the PA out of excitement. The PA tripped over but they seemed very happy.
|337|2022-04-13|The animal almost froze out of boredom. The PA did not seem to mind it though.
|612|2022-04-13|The animal was really shy but at the end they allowed to pet themselves.
|664|2022-04-13|It was mostly successful but the animal pissed on the PAs leg. Not sure if it is a good sign.
|666|2022-04-13|The animal jumped on the PA out of excitement. The PA tripped over but they seemed very happy.
|131|2022-04-14|The animal almost froze out of boredom. The PA did not seem to mind it though.
|363|2022-04-14|The animal jumped on the PA out of excitement. The PA tripped over but they seemed very happy.
|580|2022-04-14|The PA was taken by an ambulance after the animal bit off a part of their calf.
|419|2022-04-16|It was mostly successful but the animal pissed on the PAs leg. Not sure if it is a good sign.
|631|2022-04-16|The animal almost froze out of boredom. The PA did not seem to mind it though.
|657|2022-04-16|
|674|2022-04-16|The animal was really shy but at the end they allowed to pet themselves.
|407|2022-04-17|The animal jumped on the PA out of excitement. The PA tripped over but they seemed very happy.
|457|2022-04-17|The PA was taken by an ambulance after the animal bit off a part of their calf.
|245|2022-04-18|The PA was taken by an ambulance after the animal bit off a part of their calf.
|564|2022-04-18|The animal jumped on the PA out of excitement. The PA tripped over but they seemed very happy.
|568|2022-04-18|The PA was taken by an ambulance after the animal bit off a part of their calf.
|615|2022-04-18|It was mostly successful but the animal pissed on the PAs leg. Not sure if it is a good sign.
|745|2022-04-18|
|59|2022-04-19|The animal jumped on the PA out of excitement. The PA tripped over but they seemed very happy.
|573|2022-04-19|The animal jumped on the PA out of excitement. The PA tripped over but they seemed very happy.
|790|2022-04-19|The animal jumped on the PA out of excitement. The PA tripped over but they seemed very happy.
|703|2022-04-21|The animal jumped on the PA out of excitement. The PA tripped over but they seemed very happy.
|808|2022-04-21|The PA was taken by an ambulance after the animal bit off a part of their calf.
|815|2022-04-22|The animal jumped on the PA out of excitement. The PA tripped over but they seemed very happy.
|833|2022-04-22|The animal was really shy but at the end they allowed to pet themselves.
|671|2022-04-23|The animal jumped on the PA out of excitement. The PA tripped over but they seemed very happy.
|749|2022-04-23|It was mostly successful but the animal pissed on the PAs leg. Not sure if it is a good sign.
|305|2022-04-24|The animal jumped on the PA out of excitement. The PA tripped over but they seemed very happy.
|652|2022-04-24|
|778|2022-04-24|The PA was taken by an ambulance after the animal bit off a part of their calf.
|786|2022-04-24|It was mostly successful but the animal pissed on the PAs leg. Not sure if it is a good sign.
|847|2022-04-24|The animal was really shy but at the end they allowed to pet themselves.
|338|2022-04-25|The PA was taken by an ambulance after the animal bit off a part of their calf.
|760|2022-04-25|
|109|2022-04-26|The animal almost froze out of boredom. The PA did not seem to mind it though.
|254|2022-04-26|It was mostly successful but the animal pissed on the PAs leg. Not sure if it is a good sign.
|610|2022-04-26|It was mostly successful but the animal pissed on the PAs leg. Not sure if it is a good sign.
|623|2022-04-26|The animal was really shy but at the end they allowed to pet themselves.
|693|2022-04-26|The PA was taken by an ambulance after the animal bit off a part of their calf.
|799|2022-04-26|The animal was really shy but at the end they allowed to pet themselves.
|717|2022-04-27|The PA was taken by an ambulance after the animal bit off a part of their calf.
|893|2022-04-27|The animal jumped on the PA out of excitement. The PA tripped over but they seemed very happy.
|956|2022-04-27|The animal almost froze out of boredom. The PA did not seem to mind it though.
|703|2022-04-28|The animal was really shy but at the end they allowed to pet themselves.
|784|2022-04-28|The animal almost froze out of boredom. The PA did not seem to mind it though.
|706|2022-04-29|The animal jumped on the PA out of excitement. The PA tripped over but they seemed very happy.
|900|2022-04-29|The PA was taken by an ambulance after the animal bit off a part of their calf.
|647|2022-04-30|
|634|2022-05-01|The animal jumped on the PA out of excitement. The PA tripped over but they seemed very happy.
|779|2022-05-01|The animal almost froze out of boredom. The PA did not seem to mind it though.
|970|2022-05-01|The animal jumped on the PA out of excitement. The PA tripped over but they seemed very happy.
|996|2022-05-01|The animal almost froze out of boredom. The PA did not seem to mind it though.
|533|2022-05-02|
|872|2022-05-02|It was mostly successful but the animal pissed on the PAs leg. Not sure if it is a good sign.
|893|2022-05-02|The animal almost froze out of boredom. The PA did not seem to mind it though.
|486|2022-05-03|
|829|2022-05-03|It was mostly successful but the animal pissed on the PAs leg. Not sure if it is a good sign.
|899|2022-05-03|The animal almost froze out of boredom. The PA did not seem to mind it though.
|928|2022-05-03|
|1015|2022-05-03|The PA was taken by an ambulance after the animal bit off a part of their calf.
|1038|2022-05-03|
|1072|2022-05-03|The animal was really shy but at the end they allowed to pet themselves.
|518|2022-05-04|The animal was really shy but at the end they allowed to pet themselves.
|746|2022-05-04|
|962|2022-05-04|It was mostly successful but the animal pissed on the PAs leg. Not sure if it is a good sign.
|1005|2022-05-04|It was mostly successful but the animal pissed on the PAs leg. Not sure if it is a good sign.
|1033|2022-05-04|The animal was really shy but at the end they allowed to pet themselves.
|1039|2022-05-04|The animal jumped on the PA out of excitement. The PA tripped over but they seemed very happy.
|508|2022-05-05|The animal jumped on the PA out of excitement. The PA tripped over but they seemed very happy.
|732|2022-05-05|The animal was really shy but at the end they allowed to pet themselves.
|758|2022-05-05|The animal almost froze out of boredom. The PA did not seem to mind it though.
|1000|2022-05-05|The animal was really shy but at the end they allowed to pet themselves.
|1086|2022-05-05|The animal was really shy but at the end they allowed to pet themselves.
|589|2022-05-06|The PA was taken by an ambulance after the animal bit off a part of their calf.
|747|2022-05-06|The animal almost froze out of boredom. The PA did not seem to mind it though.
|798|2022-05-06|The animal almost froze out of boredom. The PA did not seem to mind it though.
|877|2022-05-06|The animal almost froze out of boredom. The PA did not seem to mind it though.
|1107|2022-05-06|The animal was really shy but at the end they allowed to pet themselves.
|508|2022-05-07|The animal was really shy but at the end they allowed to pet themselves.
|594|2022-05-07|The animal jumped on the PA out of excitement. The PA tripped over but they seemed very happy.
|852|2022-05-07|It was mostly successful but the animal pissed on the PAs leg. Not sure if it is a good sign.
|1073|2022-05-07|The animal jumped on the PA out of excitement. The PA tripped over but they seemed very happy.
|1090|2022-05-07|
|1111|2022-05-07|
|333|2022-05-08|
|920|2022-05-08|The PA was taken by an ambulance after the animal bit off a part of their calf.
|1011|2022-05-08|The PA was taken by an ambulance after the animal bit off a part of their calf.
|1017|2022-05-08|The animal was really shy but at the end they allowed to pet themselves.
|369|2022-05-09|It was mostly successful but the animal pissed on the PAs leg. Not sure if it is a good sign.
|886|2022-05-09|The animal jumped on the PA out of excitement. The PA tripped over but they seemed very happy.
|1079|2022-05-09|
|1136|2022-05-09|The animal was really shy but at the end they allowed to pet themselves.
|1140|2022-05-09|It was mostly successful but the animal pissed on the PAs leg. Not sure if it is a good sign.
|1205|2022-05-09|The PA was taken by an ambulance after the animal bit off a part of their calf.
|788|2022-05-10|It was mostly successful but the animal pissed on the PAs leg. Not sure if it is a good sign.
|815|2022-05-10|The animal was really shy but at the end they allowed to pet themselves.
|801|2022-05-11|It was mostly successful but the animal pissed on the PAs leg. Not sure if it is a good sign.
|875|2022-05-11|The PA was taken by an ambulance after the animal bit off a part of their calf.
|1143|2022-05-11|The animal was really shy but at the end they allowed to pet themselves.
|1238|2022-05-11|
|594|2022-05-12|
|981|2022-05-12|It was mostly successful but the animal pissed on the PAs leg. Not sure if it is a good sign.
|1081|2022-05-12|
|1147|2022-05-12|
|548|2022-05-13|The animal jumped on the PA out of excitement. The PA tripped over but they seemed very happy.
|1127|2022-05-13|The animal almost froze out of boredom. The PA did not seem to mind it though.
|1247|2022-05-13|
|639|2022-05-14|
|683|2022-05-14|The animal was really shy but at the end they allowed to pet themselves.
|979|2022-05-14|The animal almost froze out of boredom. The PA did not seem to mind it though.
|1081|2022-05-14|The animal jumped on the PA out of excitement. The PA tripped over but they seemed very happy.
|1326|2022-05-14|The animal was really shy but at the end they allowed to pet themselves.
|1329|2022-05-14|It was mostly successful but the animal pissed on the PAs leg. Not sure if it is a good sign.
|788|2022-05-15|It was mostly successful but the animal pissed on the PAs leg. Not sure if it is a good sign.
|856|2022-05-15|
|1020|2022-05-15|
|1022|2022-05-15|The animal was really shy but at the end they allowed to pet themselves.
|1303|2022-05-15|The animal jumped on the PA out of excitement. The PA tripped over but they seemed very happy.
|732|2022-05-16|It was mostly successful but the animal pissed on the PAs leg. Not sure if it is a good sign.
|883|2022-05-16|The animal was really shy but at the end they allowed to pet themselves.
|1098|2022-05-16|The animal was really shy but at the end they allowed to pet themselves.
|1174|2022-05-16|It was mostly successful but the animal pissed on the PAs leg. Not sure if it is a good sign.
|1003|2022-05-17|The animal was really shy but at the end they allowed to pet themselves.
|1086|2022-05-17|It was mostly successful but the animal pissed on the PAs leg. Not sure if it is a good sign.
|1156|2022-05-17|
|1263|2022-05-17|The animal almost froze out of boredom. The PA did not seem to mind it though.
|1285|2022-05-17|The animal almost froze out of boredom. The PA did not seem to mind it though.
|1411|2022-05-17|
|1415|2022-05-17|The animal almost froze out of boredom. The PA did not seem to mind it though.
|704|2022-05-18|The animal almost froze out of boredom. The PA did not seem to mind it though.
|1223|2022-05-18|The animal almost froze out of boredom. The PA did not seem to mind it though.
|1384|2022-05-18|It was mostly successful but the animal pissed on the PAs leg. Not sure if it is a good sign.
|1174|2022-05-19|The animal was really shy but at the end they allowed to pet themselves.
|732|2022-05-20|The animal jumped on the PA out of excitement. The PA tripped over but they seemed very happy.
|799|2022-05-20|The animal jumped on the PA out of excitement. The PA tripped over but they seemed very happy.
|999|2022-05-20|The animal almost froze out of boredom. The PA did not seem to mind it though.
|1334|2022-05-20|
|1347|2022-05-20|The animal jumped on the PA out of excitement. The PA tripped over but they seemed very happy.
|1392|2022-05-21|
|1449|2022-05-22|The animal was really shy but at the end they allowed to pet themselves.
|1499|2022-05-22|It was mostly successful but the animal pissed on the PAs leg. Not sure if it is a good sign.
|1065|2022-05-23|
|1100|2022-05-23|It was mostly successful but the animal pissed on the PAs leg. Not sure if it is a good sign.
|1419|2022-05-23|
|1461|2022-05-23|
|1482|2022-05-23|
|1532|2022-05-23|The PA was taken by an ambulance after the animal bit off a part of their calf.
|896|2022-05-24|The animal almost froze out of boredom. The PA did not seem to mind it though.
|953|2022-05-24|
|1209|2022-05-24|The animal was really shy but at the end they allowed to pet themselves.
|1426|2022-05-24|
|1448|2022-05-24|The animal almost froze out of boredom. The PA did not seem to mind it though.
|1538|2022-05-24|
|1600|2022-05-24|The animal was really shy but at the end they allowed to pet themselves.
|1010|2022-05-25|
|1437|2022-05-25|The animal almost froze out of boredom. The PA did not seem to mind it though.
|1477|2022-05-25|It was mostly successful but the animal pissed on the PAs leg. Not sure if it is a good sign.
|1493|2022-05-25|The PA was taken by an ambulance after the animal bit off a part of their calf.
|1520|2022-05-25|The animal almost froze out of boredom. The PA did not seem to mind it though.
|1285|2022-05-26|The animal almost froze out of boredom. The PA did not seem to mind it though.
|1394|2022-05-26|The animal jumped on the PA out of excitement. The PA tripped over but they seemed very happy.
|1442|2022-05-26|The PA was taken by an ambulance after the animal bit off a part of their calf.
|1622|2022-05-26|The animal was really shy but at the end they allowed to pet themselves.
|1209|2022-05-27|The animal jumped on the PA out of excitement. The PA tripped over but they seemed very happy.
|1408|2022-05-27|It was mostly successful but the animal pissed on the PAs leg. Not sure if it is a good sign.
|1185|2022-05-28|
|1320|2022-05-28|The animal jumped on the PA out of excitement. The PA tripped over but they seemed very happy.
|1583|2022-05-28|The animal was really shy but at the end they allowed to pet themselves.
|1613|2022-05-28|It was mostly successful but the animal pissed on the PAs leg. Not sure if it is a good sign.
|1635|2022-05-28|It was mostly successful but the animal pissed on the PAs leg. Not sure if it is a good sign.
|1679|2022-05-28|The PA was taken by an ambulance after the animal bit off a part of their calf.
|1522|2022-05-29|The PA was taken by an ambulance after the animal bit off a part of their calf.
|851|2022-05-30|The PA was taken by an ambulance after the animal bit off a part of their calf.
|1237|2022-05-31|The PA was taken by an ambulance after the animal bit off a part of their calf.
|1416|2022-05-31|
|1533|2022-05-31|The animal almost froze out of boredom. The PA did not seem to mind it though.
|1711|2022-05-31|The PA was taken by an ambulance after the animal bit off a part of their calf.
|1159|2022-06-01|It was mostly successful but the animal pissed on the PAs leg. Not sure if it is a good sign.
|1302|2022-06-01|The animal was really shy but at the end they allowed to pet themselves.
|704|2022-06-02|The animal was really shy but at the end they allowed to pet themselves.
|1647|2022-06-02|The animal jumped on the PA out of excitement. The PA tripped over but they seemed very happy.
|1779|2022-06-02|The animal jumped on the PA out of excitement. The PA tripped over but they seemed very happy.
|1823|2022-06-02|The animal was really shy but at the end they allowed to pet themselves.
|1826|2022-06-02|The animal jumped on the PA out of excitement. The PA tripped over but they seemed very happy.
|1439|2022-06-03|It was mostly successful but the animal pissed on the PAs leg. Not sure if it is a good sign.
|1855|2022-06-03|The PA was taken by an ambulance after the animal bit off a part of their calf.
|1628|2022-06-04|
|1683|2022-06-04|The animal was really shy but at the end they allowed to pet themselves.
|1727|2022-06-04|The animal jumped on the PA out of excitement. The PA tripped over but they seemed very happy.
|1882|2022-06-04|The animal jumped on the PA out of excitement. The PA tripped over but they seemed very happy.
|1250|2022-06-05|The animal was really shy but at the end they allowed to pet themselves.
|1607|2022-06-05|The animal almost froze out of boredom. The PA did not seem to mind it though.
|1628|2022-06-05|The animal almost froze out of boredom. The PA did not seem to mind it though.
|957|2022-06-06|It was mostly successful but the animal pissed on the PAs leg. Not sure if it is a good sign.
|1164|2022-06-06|It was mostly successful but the animal pissed on the PAs leg. Not sure if it is a good sign.
|1387|2022-06-06|The animal was really shy but at the end they allowed to pet themselves.
|1442|2022-06-06|The animal almost froze out of boredom. The PA did not seem to mind it though.
|1911|2022-06-06|The PA was taken by an ambulance after the animal bit off a part of their calf.
|1963|2022-06-06|The animal jumped on the PA out of excitement. The PA tripped over but they seemed very happy.
|572|2022-06-07|The animal jumped on the PA out of excitement. The PA tripped over but they seemed very happy.
|1372|2022-06-07|The animal almost froze out of boredom. The PA did not seem to mind it though.
|1832|2022-06-07|It was mostly successful but the animal pissed on the PAs leg. Not sure if it is a good sign.
|1868|2022-06-07|The PA was taken by an ambulance after the animal bit off a part of their calf.
|1096|2022-06-08|The animal jumped on the PA out of excitement. The PA tripped over but they seemed very happy.
|1296|2022-06-08|It was mostly successful but the animal pissed on the PAs leg. Not sure if it is a good sign.
|1704|2022-06-08|The animal jumped on the PA out of excitement. The PA tripped over but they seemed very happy.
|1850|2022-06-08|It was mostly successful but the animal pissed on the PAs leg. Not sure if it is a good sign.
|957|2022-06-09|The PA was taken by an ambulance after the animal bit off a part of their calf.
|1543|2022-06-09|The animal almost froze out of boredom. The PA did not seem to mind it though.
|1688|2022-06-09|The animal jumped on the PA out of excitement. The PA tripped over but they seemed very happy.
|1812|2022-06-09|The animal jumped on the PA out of excitement. The PA tripped over but they seemed very happy.
|1823|2022-06-09|The animal was really shy but at the end they allowed to pet themselves.
|912|2022-06-10|
|1642|2022-06-10|It was mostly successful but the animal pissed on the PAs leg. Not sure if it is a good sign.
|1768|2022-06-10|The animal was really shy but at the end they allowed to pet themselves.
|2075|2022-06-10|The animal almost froze out of boredom. The PA did not seem to mind it though.
|1387|2022-06-11|The PA was taken by an ambulance after the animal bit off a part of their calf.
|1526|2022-06-11|
|2007|2022-06-11|The PA was taken by an ambulance after the animal bit off a part of their calf.
|2072|2022-06-11|
|1201|2022-06-12|
|1203|2022-06-12|
|1668|2022-06-12|
|1771|2022-06-12|It was mostly successful but the animal pissed on the PAs leg. Not sure if it is a good sign.
|2003|2022-06-12|
|2029|2022-06-12|It was mostly successful but the animal pissed on the PAs leg. Not sure if it is a good sign.
|1260|2022-06-13|The PA was taken by an ambulance after the animal bit off a part of their calf.
|1311|2022-06-13|The animal almost froze out of boredom. The PA did not seem to mind it though.
|1470|2022-06-13|The animal almost froze out of boredom. The PA did not seem to mind it though.
|1740|2022-06-13|The animal was really shy but at the end they allowed to pet themselves.
|1964|2022-06-13|The animal jumped on the PA out of excitement. The PA tripped over but they seemed very happy.
|1284|2022-06-14|The animal almost froze out of boredom. The PA did not seem to mind it though.
|2093|2022-06-14|The animal was really shy but at the end they allowed to pet themselves.
|909|2022-06-15|The PA was taken by an ambulance after the animal bit off a part of their calf.
|1231|2022-06-15|
|1731|2022-06-15|It was mostly successful but the animal pissed on the PAs leg. Not sure if it is a good sign.
|1875|2022-06-15|The PA was taken by an ambulance after the animal bit off a part of their calf.
|2028|2022-06-15|It was mostly successful but the animal pissed on the PAs leg. Not sure if it is a good sign.
|2214|2022-06-15|The animal jumped on the PA out of excitement. The PA tripped over but they seemed very happy.
|2123|2022-06-16|The animal almost froze out of boredom. The PA did not seem to mind it though.
|1942|2022-06-17|It was mostly successful but the animal pissed on the PAs leg. Not sure if it is a good sign.
|2057|2022-06-17|The animal almost froze out of boredom. The PA did not seem to mind it though.
|2180|2022-06-17|The PA was taken by an ambulance after the animal bit off a part of their calf.
|2290|2022-06-17|
|2330|2022-06-18|The animal almost froze out of boredom. The PA did not seem to mind it though.
|1522|2022-06-19|The animal jumped on the PA out of excitement. The PA tripped over but they seemed very happy.
|2033|2022-06-19|It was mostly successful but the animal pissed on the PAs leg. Not sure if it is a good sign.
|2282|2022-06-19|The PA was taken by an ambulance after the animal bit off a part of their calf.
|1274|2022-06-20|It was mostly successful but the animal pissed on the PAs leg. Not sure if it is a good sign.
|1559|2022-06-20|The animal almost froze out of boredom. The PA did not seem to mind it though.
|1860|2022-06-20|It was mostly successful but the animal pissed on the PAs leg. Not sure if it is a good sign.
|2059|2022-06-20|The animal jumped on the PA out of excitement. The PA tripped over but they seemed very happy.
|2182|2022-06-20|The PA was taken by an ambulance after the animal bit off a part of their calf.
|2251|2022-06-20|The animal almost froze out of boredom. The PA did not seem to mind it though.
|1311|2022-06-21|The animal was really shy but at the end they allowed to pet themselves.
|1382|2022-06-21|It was mostly successful but the animal pissed on the PAs leg. Not sure if it is a good sign.
|1720|2022-06-21|The animal almost froze out of boredom. The PA did not seem to mind it though.
|1912|2022-06-21|
|2162|2022-06-21|It was mostly successful but the animal pissed on the PAs leg. Not sure if it is a good sign.
|1963|2022-06-22|It was mostly successful but the animal pissed on the PAs leg. Not sure if it is a good sign.
|1965|2022-06-22|The animal jumped on the PA out of excitement. The PA tripped over but they seemed very happy.
|2264|2022-06-22|The animal was really shy but at the end they allowed to pet themselves.
|2335|2022-06-22|The animal jumped on the PA out of excitement. The PA tripped over but they seemed very happy.
|2378|2022-06-22|The animal jumped on the PA out of excitement. The PA tripped over but they seemed very happy.
|2412|2022-06-22|
|2454|2022-06-22|The animal jumped on the PA out of excitement. The PA tripped over but they seemed very happy.
|2124|2022-06-23|The PA was taken by an ambulance after the animal bit off a part of their calf.
|2225|2022-06-23|The PA was taken by an ambulance after the animal bit off a part of their calf.
|2341|2022-06-23|The animal jumped on the PA out of excitement. The PA tripped over but they seemed very happy.
|2356|2022-06-23|It was mostly successful but the animal pissed on the PAs leg. Not sure if it is a good sign.
|2371|2022-06-23|The animal almost froze out of boredom. The PA did not seem to mind it though.
|2440|2022-06-23|The PA was taken by an ambulance after the animal bit off a part of their calf.
|1694|2022-06-24|It was mostly successful but the animal pissed on the PAs leg. Not sure if it is a good sign.
|1870|2022-06-24|The animal jumped on the PA out of excitement. The PA tripped over but they seemed very happy.
|1952|2022-06-24|
|2019|2022-06-24|It was mostly successful but the animal pissed on the PAs leg. Not sure if it is a good sign.
|2237|2022-06-24|The PA was taken by an ambulance after the animal bit off a part of their calf.
|2249|2022-06-24|
|2435|2022-06-24|The animal jumped on the PA out of excitement. The PA tripped over but they seemed very happy.
|1256|2022-06-25|It was mostly successful but the animal pissed on the PAs leg. Not sure if it is a good sign.
|1832|2022-06-25|The animal was really shy but at the end they allowed to pet themselves.
|1944|2022-06-25|
|2294|2022-06-25|The PA was taken by an ambulance after the animal bit off a part of their calf.
|2321|2022-06-25|It was mostly successful but the animal pissed on the PAs leg. Not sure if it is a good sign.
|2322|2022-06-25|The animal was really shy but at the end they allowed to pet themselves.
|2348|2022-06-25|The PA was taken by an ambulance after the animal bit off a part of their calf.
|2375|2022-06-25|It was mostly successful but the animal pissed on the PAs leg. Not sure if it is a good sign.
|2377|2022-06-25|It was mostly successful but the animal pissed on the PAs leg. Not sure if it is a good sign.
|2401|2022-06-25|The animal was really shy but at the end they allowed to pet themselves.
|2473|2022-06-25|The animal jumped on the PA out of excitement. The PA tripped over but they seemed very happy.
|2518|2022-06-26|It was mostly successful but the animal pissed on the PAs leg. Not sure if it is a good sign.
|1630|2022-06-27|
|1850|2022-06-27|The animal almost froze out of boredom. The PA did not seem to mind it though.
|2069|2022-06-27|It was mostly successful but the animal pissed on the PAs leg. Not sure if it is a good sign.
|2207|2022-06-27|
|2251|2022-06-27|It was mostly successful but the animal pissed on the PAs leg. Not sure if it is a good sign.
|2366|2022-06-27|The PA was taken by an ambulance after the animal bit off a part of their calf.
|2550|2022-06-27|The animal jumped on the PA out of excitement. The PA tripped over but they seemed very happy.
|2572|2022-06-27|It was mostly successful but the animal pissed on the PAs leg. Not sure if it is a good sign.
|1710|2022-06-28|The animal was really shy but at the end they allowed to pet themselves.
|1713|2022-06-28|The animal jumped on the PA out of excitement. The PA tripped over but they seemed very happy.
|1720|2022-06-28|The animal almost froze out of boredom. The PA did not seem to mind it though.
|2089|2022-06-28|The animal was really shy but at the end they allowed to pet themselves.
|2291|2022-06-28|It was mostly successful but the animal pissed on the PAs leg. Not sure if it is a good sign.
|2344|2022-06-28|The animal was really shy but at the end they allowed to pet themselves.
|2546|2022-06-28|The PA was taken by an ambulance after the animal bit off a part of their calf.
|2583|2022-06-28|The PA was taken by an ambulance after the animal bit off a part of their calf.
|2307|2022-06-29|The animal was really shy but at the end they allowed to pet themselves.
|2354|2022-06-29|The animal was really shy but at the end they allowed to pet themselves.
|2462|2022-06-29|The animal almost froze out of boredom. The PA did not seem to mind it though.
|2548|2022-06-29|
|2168|2022-06-30|
|2234|2022-06-30|
|1576|2022-07-01|The animal jumped on the PA out of excitement. The PA tripped over but they seemed very happy.
|2018|2022-07-01|
|2172|2022-07-01|The PA was taken by an ambulance after the animal bit off a part of their calf.
|2284|2022-07-01|It was mostly successful but the animal pissed on the PAs leg. Not sure if it is a good sign.
|2442|2022-07-01|The animal almost froze out of boredom. The PA did not seem to mind it though.
|2499|2022-07-01|The animal jumped on the PA out of excitement. The PA tripped over but they seemed very happy.
|2632|2022-07-01|It was mostly successful but the animal pissed on the PAs leg. Not sure if it is a good sign.
|2686|2022-07-01|The animal almost froze out of boredom. The PA did not seem to mind it though.
|2714|2022-07-01|The animal almost froze out of boredom. The PA did not seem to mind it though.
|2760|2022-07-01|The animal was really shy but at the end they allowed to pet themselves.
|1373|2022-07-02|The animal jumped on the PA out of excitement. The PA tripped over but they seemed very happy.
|1860|2022-07-02|The PA was taken by an ambulance after the animal bit off a part of their calf.
|2515|2022-07-02|The animal jumped on the PA out of excitement. The PA tripped over but they seemed very happy.
|2568|2022-07-02|The animal was really shy but at the end they allowed to pet themselves.
|2702|2022-07-02|It was mostly successful but the animal pissed on the PAs leg. Not sure if it is a good sign.
|2654|2022-07-03|The animal jumped on the PA out of excitement. The PA tripped over but they seemed very happy.
|2711|2022-07-03|It was mostly successful but the animal pissed on the PAs leg. Not sure if it is a good sign.
|2078|2022-07-04|The animal almost froze out of boredom. The PA did not seem to mind it though.
|2282|2022-07-04|The animal almost froze out of boredom. The PA did not seem to mind it though.
|2371|2022-07-04|It was mostly successful but the animal pissed on the PAs leg. Not sure if it is a good sign.
|2566|2022-07-04|The animal jumped on the PA out of excitement. The PA tripped over but they seemed very happy.
|2600|2022-07-04|
|2690|2022-07-04|The animal was really shy but at the end they allowed to pet themselves.
|2832|2022-07-04|The PA was taken by an ambulance after the animal bit off a part of their calf.
|1435|2022-07-05|It was mostly successful but the animal pissed on the PAs leg. Not sure if it is a good sign.
|2598|2022-07-05|The animal jumped on the PA out of excitement. The PA tripped over but they seemed very happy.
|2634|2022-07-05|The animal jumped on the PA out of excitement. The PA tripped over but they seemed very happy.
|2653|2022-07-05|The PA was taken by an ambulance after the animal bit off a part of their calf.
|2713|2022-07-05|The animal jumped on the PA out of excitement. The PA tripped over but they seemed very happy.
|2760|2022-07-05|It was mostly successful but the animal pissed on the PAs leg. Not sure if it is a good sign.
|2232|2022-07-06|The animal was really shy but at the end they allowed to pet themselves.
|2441|2022-07-06|It was mostly successful but the animal pissed on the PAs leg. Not sure if it is a good sign.
|2519|2022-07-06|The animal almost froze out of boredom. The PA did not seem to mind it though.
|2569|2022-07-06|It was mostly successful but the animal pissed on the PAs leg. Not sure if it is a good sign.
|2886|2022-07-06|The animal almost froze out of boredom. The PA did not seem to mind it though.
|2915|2022-07-06|
|2932|2022-07-06|The animal jumped on the PA out of excitement. The PA tripped over but they seemed very happy.
|981|2022-07-07|The animal was really shy but at the end they allowed to pet themselves.
|2084|2022-07-07|The animal was really shy but at the end they allowed to pet themselves.
|2605|2022-07-07|It was mostly successful but the animal pissed on the PAs leg. Not sure if it is a good sign.
|2684|2022-07-07|The animal was really shy but at the end they allowed to pet themselves.
|2708|2022-07-07|The animal was really shy but at the end they allowed to pet themselves.
|2852|2022-07-07|The animal almost froze out of boredom. The PA did not seem to mind it though.
|2933|2022-07-07|It was mostly successful but the animal pissed on the PAs leg. Not sure if it is a good sign.
|2967|2022-07-07|
|2504|2022-07-08|
|2607|2022-07-08|It was mostly successful but the animal pissed on the PAs leg. Not sure if it is a good sign.
|2709|2022-07-08|
|2765|2022-07-08|It was mostly successful but the animal pissed on the PAs leg. Not sure if it is a good sign.
|2787|2022-07-08|The PA was taken by an ambulance after the animal bit off a part of their calf.
|3008|2022-07-08|The animal jumped on the PA out of excitement. The PA tripped over but they seemed very happy.
|2032|2022-07-09|The animal was really shy but at the end they allowed to pet themselves.
|2701|2022-07-09|
|2749|2022-07-09|The animal almost froze out of boredom. The PA did not seem to mind it though.
|2944|2022-07-09|
|1959|2022-07-10|The animal jumped on the PA out of excitement. The PA tripped over but they seemed very happy.
|2030|2022-07-10|
|2835|2022-07-10|The animal was really shy but at the end they allowed to pet themselves.
|2924|2022-07-10|It was mostly successful but the animal pissed on the PAs leg. Not sure if it is a good sign.
|3033|2022-07-10|The animal almost froze out of boredom. The PA did not seem to mind it though.
|3066|2022-07-10|The animal jumped on the PA out of excitement. The PA tripped over but they seemed very happy.
|2882|2022-07-11|The animal jumped on the PA out of excitement. The PA tripped over but they seemed very happy.
|2911|2022-07-11|
|3068|2022-07-11|The animal jumped on the PA out of excitement. The PA tripped over but they seemed very happy.
|2829|2022-07-12|The animal was really shy but at the end they allowed to pet themselves.
|2833|2022-07-12|The PA was taken by an ambulance after the animal bit off a part of their calf.
|2897|2022-07-12|It was mostly successful but the animal pissed on the PAs leg. Not sure if it is a good sign.
|1860|2022-07-13|
|2307|2022-07-13|It was mostly successful but the animal pissed on the PAs leg. Not sure if it is a good sign.
|2558|2022-07-13|The animal jumped on the PA out of excitement. The PA tripped over but they seemed very happy.
|3043|2022-07-13|The animal jumped on the PA out of excitement. The PA tripped over but they seemed very happy.
|3085|2022-07-13|The PA was taken by an ambulance after the animal bit off a part of their calf.
|2084|2022-07-14|The animal almost froze out of boredom. The PA did not seem to mind it though.
|2382|2022-07-14|The PA was taken by an ambulance after the animal bit off a part of their calf.
|2809|2022-07-14|The animal jumped on the PA out of excitement. The PA tripped over but they seemed very happy.
|2899|2022-07-14|It was mostly successful but the animal pissed on the PAs leg. Not sure if it is a good sign.
|2925|2022-07-14|
|3082|2022-07-14|The animal almost froze out of boredom. The PA did not seem to mind it though.
|3210|2022-07-14|The PA was taken by an ambulance after the animal bit off a part of their calf.
|1740|2022-07-15|It was mostly successful but the animal pissed on the PAs leg. Not sure if it is a good sign.
|2386|2022-07-15|It was mostly successful but the animal pissed on the PAs leg. Not sure if it is a good sign.
|2700|2022-07-15|
|2701|2022-07-15|It was mostly successful but the animal pissed on the PAs leg. Not sure if it is a good sign.
|2725|2022-07-15|The PA was taken by an ambulance after the animal bit off a part of their calf.
|2922|2022-07-15|The animal was really shy but at the end they allowed to pet themselves.
|2940|2022-07-15|The animal was really shy but at the end they allowed to pet themselves.
|2985|2022-07-15|The animal jumped on the PA out of excitement. The PA tripped over but they seemed very happy.
|3014|2022-07-15|The animal almost froze out of boredom. The PA did not seem to mind it though.
|3070|2022-07-15|The PA was taken by an ambulance after the animal bit off a part of their calf.
|1671|2022-07-16|The animal was really shy but at the end they allowed to pet themselves.
|2459|2022-07-16|The animal almost froze out of boredom. The PA did not seem to mind it though.
|3172|2022-07-16|The animal was really shy but at the end they allowed to pet themselves.
|3177|2022-07-16|The animal almost froze out of boredom. The PA did not seem to mind it though.
|3273|2022-07-16|The animal jumped on the PA out of excitement. The PA tripped over but they seemed very happy.
|1654|2022-07-17|The animal jumped on the PA out of excitement. The PA tripped over but they seemed very happy.
|2624|2022-07-17|
|2693|2022-07-17|It was mostly successful but the animal pissed on the PAs leg. Not sure if it is a good sign.
|2855|2022-07-17|The animal almost froze out of boredom. The PA did not seem to mind it though.
|3197|2022-07-17|The animal almost froze out of boredom. The PA did not seem to mind it though.
|1981|2022-07-18|The animal almost froze out of boredom. The PA did not seem to mind it though.
|2506|2022-07-18|The animal was really shy but at the end they allowed to pet themselves.
|2821|2022-07-18|The animal almost froze out of boredom. The PA did not seem to mind it though.
|2872|2022-07-18|The PA was taken by an ambulance after the animal bit off a part of their calf.
|2934|2022-07-18|The animal was really shy but at the end they allowed to pet themselves.
|2981|2022-07-18|The PA was taken by an ambulance after the animal bit off a part of their calf.
|3146|2022-07-18|The animal almost froze out of boredom. The PA did not seem to mind it though.
|3170|2022-07-18|The animal almost froze out of boredom. The PA did not seem to mind it though.
|3182|2022-07-18|The PA was taken by an ambulance after the animal bit off a part of their calf.
|3249|2022-07-18|It was mostly successful but the animal pissed on the PAs leg. Not sure if it is a good sign.
|2537|2022-07-19|
|2765|2022-07-19|The animal almost froze out of boredom. The PA did not seem to mind it though.
|2795|2022-07-19|The animal jumped on the PA out of excitement. The PA tripped over but they seemed very happy.
|2947|2022-07-19|The animal was really shy but at the end they allowed to pet themselves.
|2959|2022-07-19|The animal jumped on the PA out of excitement. The PA tripped over but they seemed very happy.
|2992|2022-07-19|
|3078|2022-07-19|The animal jumped on the PA out of excitement. The PA tripped over but they seemed very happy.
|2714|2022-07-20|
|2864|2022-07-20|
|2869|2022-07-20|The animal was really shy but at the end they allowed to pet themselves.
|3034|2022-07-20|The animal almost froze out of boredom. The PA did not seem to mind it though.
|3035|2022-07-20|The animal almost froze out of boredom. The PA did not seem to mind it though.
|3041|2022-07-20|The animal was really shy but at the end they allowed to pet themselves.
|3384|2022-07-20|It was mostly successful but the animal pissed on the PAs leg. Not sure if it is a good sign.
|3403|2022-07-20|It was mostly successful but the animal pissed on the PAs leg. Not sure if it is a good sign.
|2162|2022-07-21|The animal was really shy but at the end they allowed to pet themselves.
|2595|2022-07-21|
|2711|2022-07-21|The animal jumped on the PA out of excitement. The PA tripped over but they seemed very happy.
|2778|2022-07-21|It was mostly successful but the animal pissed on the PAs leg. Not sure if it is a good sign.
|3037|2022-07-21|The PA was taken by an ambulance after the animal bit off a part of their calf.
|3211|2022-07-21|The animal jumped on the PA out of excitement. The PA tripped over but they seemed very happy.
|3295|2022-07-21|The animal was really shy but at the end they allowed to pet themselves.
|3296|2022-07-21|The PA was taken by an ambulance after the animal bit off a part of their calf.
|3413|2022-07-21|The animal almost froze out of boredom. The PA did not seem to mind it though.
|3442|2022-07-21|The PA was taken by an ambulance after the animal bit off a part of their calf.
|2307|2022-07-22|It was mostly successful but the animal pissed on the PAs leg. Not sure if it is a good sign.
|2443|2022-07-22|The animal jumped on the PA out of excitement. The PA tripped over but they seemed very happy.
|2683|2022-07-22|The animal almost froze out of boredom. The PA did not seem to mind it though.
|2979|2022-07-22|The animal jumped on the PA out of excitement. The PA tripped over but they seemed very happy.
|3063|2022-07-22|The animal was really shy but at the end they allowed to pet themselves.
|3158|2022-07-22|The PA was taken by an ambulance after the animal bit off a part of their calf.
|3176|2022-07-22|
|3554|2022-07-22|It was mostly successful but the animal pissed on the PAs leg. Not sure if it is a good sign.
|2606|2022-07-23|The animal jumped on the PA out of excitement. The PA tripped over but they seemed very happy.
|2771|2022-07-23|The animal jumped on the PA out of excitement. The PA tripped over but they seemed very happy.
|3042|2022-07-23|The animal jumped on the PA out of excitement. The PA tripped over but they seemed very happy.
|3496|2022-07-23|It was mostly successful but the animal pissed on the PAs leg. Not sure if it is a good sign.
|3500|2022-07-23|
|3053|2022-07-24|It was mostly successful but the animal pissed on the PAs leg. Not sure if it is a good sign.
|3072|2022-07-24|The PA was taken by an ambulance after the animal bit off a part of their calf.
|3294|2022-07-24|The animal was really shy but at the end they allowed to pet themselves.
|3514|2022-07-24|The PA was taken by an ambulance after the animal bit off a part of their calf.
|3620|2022-07-24|The animal jumped on the PA out of excitement. The PA tripped over but they seemed very happy.
|2546|2022-07-25|The PA was taken by an ambulance after the animal bit off a part of their calf.
|2985|2022-07-25|It was mostly successful but the animal pissed on the PAs leg. Not sure if it is a good sign.
|3328|2022-07-25|The animal almost froze out of boredom. The PA did not seem to mind it though.
|3494|2022-07-25|The animal jumped on the PA out of excitement. The PA tripped over but they seemed very happy.
|3517|2022-07-25|It was mostly successful but the animal pissed on the PAs leg. Not sure if it is a good sign.
|3597|2022-07-25|It was mostly successful but the animal pissed on the PAs leg. Not sure if it is a good sign.
|1847|2022-07-26|The animal was really shy but at the end they allowed to pet themselves.
|2072|2022-07-26|It was mostly successful but the animal pissed on the PAs leg. Not sure if it is a good sign.
|3322|2022-07-26|
|3461|2022-07-26|
|3531|2022-07-26|The animal was really shy but at the end they allowed to pet themselves.
|3570|2022-07-26|The animal was really shy but at the end they allowed to pet themselves.
|3657|2022-07-26|The animal was really shy but at the end they allowed to pet themselves.
|2178|2022-07-27|
|2504|2022-07-27|
|3127|2022-07-27|
|3337|2022-07-27|The PA was taken by an ambulance after the animal bit off a part of their calf.
|3369|2022-07-27|The animal almost froze out of boredom. The PA did not seem to mind it though.
|3431|2022-07-27|It was mostly successful but the animal pissed on the PAs leg. Not sure if it is a good sign.
|3604|2022-07-27|
|3606|2022-07-27|The animal almost froze out of boredom. The PA did not seem to mind it though.
|3687|2022-07-27|The animal was really shy but at the end they allowed to pet themselves.
|3735|2022-07-27|The animal jumped on the PA out of excitement. The PA tripped over but they seemed very happy.
|2595|2022-07-28|The animal almost froze out of boredom. The PA did not seem to mind it though.
|2604|2022-07-28|It was mostly successful but the animal pissed on the PAs leg. Not sure if it is a good sign.
|3146|2022-07-28|The PA was taken by an ambulance after the animal bit off a part of their calf.
|3389|2022-07-28|
|3440|2022-07-28|The animal was really shy but at the end they allowed to pet themselves.
|3474|2022-07-28|The PA was taken by an ambulance after the animal bit off a part of their calf.
|3577|2022-07-28|The animal jumped on the PA out of excitement. The PA tripped over but they seemed very happy.
|3663|2022-07-28|It was mostly successful but the animal pissed on the PAs leg. Not sure if it is a good sign.
|2591|2022-07-29|
|3178|2022-07-29|The animal jumped on the PA out of excitement. The PA tripped over but they seemed very happy.
|3420|2022-07-29|
|3480|2022-07-29|The animal almost froze out of boredom. The PA did not seem to mind it though.
|3525|2022-07-29|It was mostly successful but the animal pissed on the PAs leg. Not sure if it is a good sign.
|3694|2022-07-29|It was mostly successful but the animal pissed on the PAs leg. Not sure if it is a good sign.
|2289|2022-07-30|It was mostly successful but the animal pissed on the PAs leg. Not sure if it is a good sign.
|2960|2022-07-30|The animal jumped on the PA out of excitement. The PA tripped over but they seemed very happy.
|3002|2022-07-30|It was mostly successful but the animal pissed on the PAs leg. Not sure if it is a good sign.
|3141|2022-07-30|The animal was really shy but at the end they allowed to pet themselves.
|3376|2022-07-30|
|3408|2022-07-30|The PA was taken by an ambulance after the animal bit off a part of their calf.
|3435|2022-07-30|
|3876|2022-07-30|It was mostly successful but the animal pissed on the PAs leg. Not sure if it is a good sign.
|2100|2022-07-31|The PA was taken by an ambulance after the animal bit off a part of their calf.
|2724|2022-07-31|It was mostly successful but the animal pissed on the PAs leg. Not sure if it is a good sign.
|2918|2022-07-31|It was mostly successful but the animal pissed on the PAs leg. Not sure if it is a good sign.
|3369|2022-07-31|It was mostly successful but the animal pissed on the PAs leg. Not sure if it is a good sign.
|3763|2022-07-31|It was mostly successful but the animal pissed on the PAs leg. Not sure if it is a good sign.
|3892|2022-07-31|The animal was really shy but at the end they allowed to pet themselves.
|3928|2022-07-31|The animal jumped on the PA out of excitement. The PA tripped over but they seemed very happy.
|3580|2022-08-01|The animal almost froze out of boredom. The PA did not seem to mind it though.
|3620|2022-08-01|The animal almost froze out of boredom. The PA did not seem to mind it though.
|3777|2022-08-01|It was mostly successful but the animal pissed on the PAs leg. Not sure if it is a good sign.
|3861|2022-08-01|The animal jumped on the PA out of excitement. The PA tripped over but they seemed very happy.
|2917|2022-08-02|The PA was taken by an ambulance after the animal bit off a part of their calf.
|3009|2022-08-02|The PA was taken by an ambulance after the animal bit off a part of their calf.
|3374|2022-08-02|The animal almost froze out of boredom. The PA did not seem to mind it though.
|3539|2022-08-02|The animal almost froze out of boredom. The PA did not seem to mind it though.
|3640|2022-08-02|The PA was taken by an ambulance after the animal bit off a part of their calf.
|3709|2022-08-02|
|4001|2022-08-02|The animal jumped on the PA out of excitement. The PA tripped over but they seemed very happy.
|2737|2022-08-03|The PA was taken by an ambulance after the animal bit off a part of their calf.
|2933|2022-08-03|The animal was really shy but at the end they allowed to pet themselves.
|3369|2022-08-03|It was mostly successful but the animal pissed on the PAs leg. Not sure if it is a good sign.
|3446|2022-08-03|
|3452|2022-08-03|The animal almost froze out of boredom. The PA did not seem to mind it though.
|3510|2022-08-03|It was mostly successful but the animal pissed on the PAs leg. Not sure if it is a good sign.
|3860|2022-08-03|The PA was taken by an ambulance after the animal bit off a part of their calf.
|3949|2022-08-03|The animal was really shy but at the end they allowed to pet themselves.
|2613|2022-08-04|
|3018|2022-08-04|The animal was really shy but at the end they allowed to pet themselves.
|3524|2022-08-04|The animal jumped on the PA out of excitement. The PA tripped over but they seemed very happy.
|3567|2022-08-04|
|3674|2022-08-04|
|3704|2022-08-04|The PA was taken by an ambulance after the animal bit off a part of their calf.
|3903|2022-08-04|The animal jumped on the PA out of excitement. The PA tripped over but they seemed very happy.
|3004|2022-08-05|The animal almost froze out of boredom. The PA did not seem to mind it though.
|3184|2022-08-05|
|3423|2022-08-05|The animal almost froze out of boredom. The PA did not seem to mind it though.
|3429|2022-08-05|
|3825|2022-08-05|It was mostly successful but the animal pissed on the PAs leg. Not sure if it is a good sign.
|3844|2022-08-05|The animal was really shy but at the end they allowed to pet themselves.
|3979|2022-08-05|
|4007|2022-08-05|The animal almost froze out of boredom. The PA did not seem to mind it though.
|4029|2022-08-05|The PA was taken by an ambulance after the animal bit off a part of their calf.
|4139|2022-08-05|The animal almost froze out of boredom. The PA did not seem to mind it though.
|3317|2022-08-06|The animal jumped on the PA out of excitement. The PA tripped over but they seemed very happy.
|3593|2022-08-06|The animal almost froze out of boredom. The PA did not seem to mind it though.
|3734|2022-08-06|
|3788|2022-08-06|The animal almost froze out of boredom. The PA did not seem to mind it though.
|3889|2022-08-06|The animal was really shy but at the end they allowed to pet themselves.
|3932|2022-08-06|The animal jumped on the PA out of excitement. The PA tripped over but they seemed very happy.
|3973|2022-08-06|
|4021|2022-08-06|The animal almost froze out of boredom. The PA did not seem to mind it though.
|4074|2022-08-06|The PA was taken by an ambulance after the animal bit off a part of their calf.
|3970|2022-08-07|The animal was really shy but at the end they allowed to pet themselves.
|4152|2022-08-07|The animal was really shy but at the end they allowed to pet themselves.
|3021|2022-08-08|It was mostly successful but the animal pissed on the PAs leg. Not sure if it is a good sign.
|3746|2022-08-08|
|3938|2022-08-08|The animal almost froze out of boredom. The PA did not seem to mind it though.
|4172|2022-08-08|The PA was taken by an ambulance after the animal bit off a part of their calf.
|3199|2022-08-09|The animal was really shy but at the end they allowed to pet themselves.
|3577|2022-08-09|It was mostly successful but the animal pissed on the PAs leg. Not sure if it is a good sign.
|3892|2022-08-09|The PA was taken by an ambulance after the animal bit off a part of their calf.
|4198|2022-08-09|
|4230|2022-08-09|The animal almost froze out of boredom. The PA did not seem to mind it though.
|4308|2022-08-09|The animal almost froze out of boredom. The PA did not seem to mind it though.
|4326|2022-08-09|
|2744|2022-08-10|The PA was taken by an ambulance after the animal bit off a part of their calf.
|3517|2022-08-10|The animal almost froze out of boredom. The PA did not seem to mind it though.
|3869|2022-08-10|
|4050|2022-08-10|The animal was really shy but at the end they allowed to pet themselves.
|4083|2022-08-10|The animal was really shy but at the end they allowed to pet themselves.
|4223|2022-08-10|It was mostly successful but the animal pissed on the PAs leg. Not sure if it is a good sign.
|2855|2022-08-11|
|3452|2022-08-11|The PA was taken by an ambulance after the animal bit off a part of their calf.
|3474|2022-08-11|
|3688|2022-08-11|The animal almost froze out of boredom. The PA did not seem to mind it though.
|3704|2022-08-11|The animal jumped on the PA out of excitement. The PA tripped over but they seemed very happy.
|3977|2022-08-11|
|4004|2022-08-11|
|4152|2022-08-11|The animal was really shy but at the end they allowed to pet themselves.
|4187|2022-08-11|The animal was really shy but at the end they allowed to pet themselves.
|4254|2022-08-11|The PA was taken by an ambulance after the animal bit off a part of their calf.
|2700|2022-08-12|The animal almost froze out of boredom. The PA did not seem to mind it though.
|2954|2022-08-12|The animal almost froze out of boredom. The PA did not seem to mind it though.
|3514|2022-08-12|It was mostly successful but the animal pissed on the PAs leg. Not sure if it is a good sign.
|3753|2022-08-12|It was mostly successful but the animal pissed on the PAs leg. Not sure if it is a good sign.
|3916|2022-08-12|The PA was taken by an ambulance after the animal bit off a part of their calf.
|4020|2022-08-12|The PA was taken by an ambulance after the animal bit off a part of their calf.
|4164|2022-08-12|The animal almost froze out of boredom. The PA did not seem to mind it though.
|4291|2022-08-12|The animal was really shy but at the end they allowed to pet themselves.
|4318|2022-08-12|
|4327|2022-08-12|The PA was taken by an ambulance after the animal bit off a part of their calf.
|4349|2022-08-12|The animal was really shy but at the end they allowed to pet themselves.
|3009|2022-08-13|The animal jumped on the PA out of excitement. The PA tripped over but they seemed very happy.
|3258|2022-08-13|
|3723|2022-08-13|The animal was really shy but at the end they allowed to pet themselves.
|3789|2022-08-13|
|4305|2022-08-13|The animal was really shy but at the end they allowed to pet themselves.
|4415|2022-08-13|It was mostly successful but the animal pissed on the PAs leg. Not sure if it is a good sign.
|4426|2022-08-13|The animal almost froze out of boredom. The PA did not seem to mind it though.
|4454|2022-08-13|The animal almost froze out of boredom. The PA did not seem to mind it though.
|2903|2022-08-14|The animal was really shy but at the end they allowed to pet themselves.
|3402|2022-08-14|The animal almost froze out of boredom. The PA did not seem to mind it though.
|4181|2022-08-14|The PA was taken by an ambulance after the animal bit off a part of their calf.
|4206|2022-08-14|It was mostly successful but the animal pissed on the PAs leg. Not sure if it is a good sign.
|4291|2022-08-14|The PA was taken by an ambulance after the animal bit off a part of their calf.
|2521|2022-08-15|The animal was really shy but at the end they allowed to pet themselves.
|3446|2022-08-15|The animal almost froze out of boredom. The PA did not seem to mind it though.
|3560|2022-08-15|The PA was taken by an ambulance after the animal bit off a part of their calf.
|4100|2022-08-15|The animal almost froze out of boredom. The PA did not seem to mind it though.
|4290|2022-08-15|The PA was taken by an ambulance after the animal bit off a part of their calf.
|4392|2022-08-15|The animal jumped on the PA out of excitement. The PA tripped over but they seemed very happy.
|3004|2022-08-16|
|3495|2022-08-16|The PA was taken by an ambulance after the animal bit off a part of their calf.
|3651|2022-08-16|The animal jumped on the PA out of excitement. The PA tripped over but they seemed very happy.
|3913|2022-08-16|It was mostly successful but the animal pissed on the PAs leg. Not sure if it is a good sign.
|4208|2022-08-16|The PA was taken by an ambulance after the animal bit off a part of their calf.
|4242|2022-08-16|The animal was really shy but at the end they allowed to pet themselves.
|4246|2022-08-16|The animal jumped on the PA out of excitement. The PA tripped over but they seemed very happy.
|4347|2022-08-16|It was mostly successful but the animal pissed on the PAs leg. Not sure if it is a good sign.
|4618|2022-08-16|The animal jumped on the PA out of excitement. The PA tripped over but they seemed very happy.
|4632|2022-08-16|The animal almost froze out of boredom. The PA did not seem to mind it though.
|3906|2022-08-17|The animal almost froze out of boredom. The PA did not seem to mind it though.
|4362|2022-08-17|The animal jumped on the PA out of excitement. The PA tripped over but they seemed very happy.
|4481|2022-08-17|It was mostly successful but the animal pissed on the PAs leg. Not sure if it is a good sign.
|4563|2022-08-17|The animal almost froze out of boredom. The PA did not seem to mind it though.
|4581|2022-08-17|
|3143|2022-08-18|The animal almost froze out of boredom. The PA did not seem to mind it though.
|3428|2022-08-18|The animal jumped on the PA out of excitement. The PA tripped over but they seemed very happy.
|4142|2022-08-18|The animal jumped on the PA out of excitement. The PA tripped over but they seemed very happy.
|4471|2022-08-18|The animal jumped on the PA out of excitement. The PA tripped over but they seemed very happy.
|4512|2022-08-18|
|4520|2022-08-18|The animal jumped on the PA out of excitement. The PA tripped over but they seemed very happy.
|4522|2022-08-18|The animal was really shy but at the end they allowed to pet themselves.
|4564|2022-08-18|The animal jumped on the PA out of excitement. The PA tripped over but they seemed very happy.
|4637|2022-08-18|The animal almost froze out of boredom. The PA did not seem to mind it though.
|4683|2022-08-18|The animal was really shy but at the end they allowed to pet themselves.
|3295|2022-08-19|The animal jumped on the PA out of excitement. The PA tripped over but they seemed very happy.
|3457|2022-08-19|It was mostly successful but the animal pissed on the PAs leg. Not sure if it is a good sign.
|4000|2022-08-19|The PA was taken by an ambulance after the animal bit off a part of their calf.
|4207|2022-08-19|The PA was taken by an ambulance after the animal bit off a part of their calf.
|4503|2022-08-19|It was mostly successful but the animal pissed on the PAs leg. Not sure if it is a good sign.
|2871|2022-08-20|The animal was really shy but at the end they allowed to pet themselves.
|3317|2022-08-20|The animal was really shy but at the end they allowed to pet themselves.
|3767|2022-08-20|It was mostly successful but the animal pissed on the PAs leg. Not sure if it is a good sign.
|3831|2022-08-20|The animal almost froze out of boredom. The PA did not seem to mind it though.
|4169|2022-08-20|The animal was really shy but at the end they allowed to pet themselves.
|4412|2022-08-20|
|4449|2022-08-20|
|4522|2022-08-20|
|4619|2022-08-20|
|4659|2022-08-20|
|4785|2022-08-20|The animal almost froze out of boredom. The PA did not seem to mind it though.
|4793|2022-08-20|The animal jumped on the PA out of excitement. The PA tripped over but they seemed very happy.
